solid OpenSCAD_Model
  facet normal 0.99143 -0.130642 0
    outer loop
      vertex 27.9461 -2.93725 25.85
      vertex 27.8983 -3.3 12.05
      vertex 27.9461 -2.93725 12.05
    endloop
  endfacet
  facet normal 0.991438 -0.130578 -1.7187e-06
    outer loop
      vertex 27.754 -4.39581 25.85
      vertex 27.8983 -3.3 12.05
      vertex 27.9461 -2.93725 25.85
    endloop
  endfacet
  facet normal 0.991441 -0.130556 0
    outer loop
      vertex 27.754 -4.39581 0
      vertex 27.8983 -3.3 12.05
      vertex 27.754 -4.39581 25.85
    endloop
  endfacet
  facet normal 0.991441 -0.130556 0
    outer loop
      vertex 27.8983 -3.3 12.05
      vertex 27.754 -4.39581 0
      vertex 27.8983 -3.3 0
    endloop
  endfacet
  facet normal 0.958825 0.283997 0
    outer loop
      vertex 27.1425 7.27281 5.45
      vertex 26.7247 8.68338 0
      vertex 26.7247 8.68338 5.45
    endloop
  endfacet
  facet normal 0.958825 0.283997 0
    outer loop
      vertex 26.7247 8.68338 0
      vertex 27.1425 7.27281 5.45
      vertex 27.1425 7.27281 0
    endloop
  endfacet
  facet normal 0.958825 0.283997 0
    outer loop
      vertex 27.1425 7.27281 25.85
      vertex 26.7247 8.68338 12.05
      vertex 26.7247 8.68338 25.85
    endloop
  endfacet
  facet normal 0.958825 0.283997 0
    outer loop
      vertex 26.7247 8.68338 12.05
      vertex 27.1425 7.27281 25.85
      vertex 27.1425 7.27281 12.05
    endloop
  endfacet
  facet normal 0.852639 0.5225 0
    outer loop
      vertex 24.3353 14.05 5.45
      vertex 23.5666 15.3044 0
      vertex 23.5666 15.3044 5.45
    endloop
  endfacet
  facet normal 0.852639 0.5225 0
    outer loop
      vertex 23.5666 15.3044 0
      vertex 24.3353 14.05 5.45
      vertex 24.3353 14.05 0
    endloop
  endfacet
  facet normal 0.852639 0.5225 0
    outer loop
      vertex 24.3353 14.05 25.85
      vertex 23.5666 15.3044 12.05
      vertex 23.5666 15.3044 25.85
    endloop
  endfacet
  facet normal 0.852639 0.5225 0
    outer loop
      vertex 23.5666 15.3044 12.05
      vertex 24.3353 14.05 25.85
      vertex 24.3353 14.05 12.05
    endloop
  endfacet
  facet normal 0.182239 0.983254 -0
    outer loop
      vertex 5.84232 27.4859 0
      vertex 4.39581 27.754 25.85
      vertex 5.84232 27.4859 25.85
    endloop
  endfacet
  facet normal 0.182239 0.983254 0
    outer loop
      vertex 4.39581 27.754 25.85
      vertex 5.84232 27.4859 0
      vertex 4.39581 27.754 0
    endloop
  endfacet
  facet normal -0.0784424 0.996919 0
    outer loop
      vertex -1.47064 28.0615 0
      vertex -2.93725 27.9461 25.85
      vertex -1.47064 28.0615 25.85
    endloop
  endfacet
  facet normal -0.0784424 0.996919 0
    outer loop
      vertex -2.93725 27.9461 25.85
      vertex -1.47064 28.0615 0
      vertex -2.93725 27.9461 0
    endloop
  endfacet
  facet normal -0.0261701 -0.999658 0
    outer loop
      vertex -1.47064 -28.0615 0
      vertex 0 -28.1 25.85
      vertex -1.47064 -28.0615 25.85
    endloop
  endfacet
  facet normal -0.0261701 -0.999658 -0
    outer loop
      vertex 0 -28.1 25.85
      vertex -1.47064 -28.0615 0
      vertex 0 -28.1 0
    endloop
  endfacet
  facet normal -0.983254 -0.182239 0
    outer loop
      vertex -27.4859 -5.84232 0
      vertex -27.754 -4.39581 5.45
      vertex -27.754 -4.39581 0
    endloop
  endfacet
  facet normal -0.983254 -0.182239 0
    outer loop
      vertex -27.754 -4.39581 5.45
      vertex -27.4859 -5.84232 0
      vertex -27.4859 -5.84232 5.45
    endloop
  endfacet
  facet normal -0.983254 -0.182239 0
    outer loop
      vertex -27.4859 -5.84232 12.05
      vertex -27.754 -4.39581 25.85
      vertex -27.754 -4.39581 12.05
    endloop
  endfacet
  facet normal -0.983254 -0.182239 0
    outer loop
      vertex -27.754 -4.39581 25.85
      vertex -27.4859 -5.84232 12.05
      vertex -27.4859 -5.84232 25.85
    endloop
  endfacet
  facet normal 0.430496 -0.902593 0
    outer loop
      vertex 11.4293 -25.6706 0
      vertex 12.7571 -25.0373 25.85
      vertex 11.4293 -25.6706 25.85
    endloop
  endfacet
  facet normal 0.430496 -0.902593 0
    outer loop
      vertex 12.7571 -25.0373 25.85
      vertex 11.4293 -25.6706 0
      vertex 12.7571 -25.0373 0
    endloop
  endfacet
  facet normal -0.0261701 0.999658 0
    outer loop
      vertex 0 28.1 0
      vertex -1.47064 28.0615 25.85
      vertex 0 28.1 25.85
    endloop
  endfacet
  facet normal -0.0261701 0.999658 0
    outer loop
      vertex -1.47064 28.0615 25.85
      vertex 0 28.1 0
      vertex -1.47064 28.0615 0
    endloop
  endfacet
  facet normal -0.233426 0.972375 0
    outer loop
      vertex -5.84232 27.4859 0
      vertex -7.27281 27.1425 25.85
      vertex -5.84232 27.4859 25.85
    endloop
  endfacet
  facet normal -0.233426 0.972375 0
    outer loop
      vertex -7.27281 27.1425 25.85
      vertex -5.84232 27.4859 0
      vertex -7.27281 27.1425 0
    endloop
  endfacet
  facet normal 0.477165 0.878814 -0
    outer loop
      vertex 14.05 24.3353 0
      vertex 12.7571 25.0373 25.85
      vertex 14.05 24.3353 25.85
    endloop
  endfacet
  facet normal 0.477165 0.878814 0
    outer loop
      vertex 12.7571 25.0373 25.85
      vertex 14.05 24.3353 0
      vertex 12.7571 25.0373 0
    endloop
  endfacet
  facet normal 0.430496 0.902593 -0
    outer loop
      vertex 12.7571 25.0373 0
      vertex 11.4293 25.6706 25.85
      vertex 12.7571 25.0373 25.85
    endloop
  endfacet
  facet normal 0.430496 0.902593 0
    outer loop
      vertex 11.4293 25.6706 25.85
      vertex 12.7571 25.0373 0
      vertex 11.4293 25.6706 0
    endloop
  endfacet
  facet normal -0.852639 0.5225 0
    outer loop
      vertex -24.3353 14.05 0
      vertex -23.5666 15.3044 25.85
      vertex -23.5666 15.3044 0
    endloop
  endfacet
  facet normal -0.852639 0.5225 0
    outer loop
      vertex -23.5666 15.3044 25.85
      vertex -24.3353 14.05 0
      vertex -24.3353 14.05 25.85
    endloop
  endfacet
  facet normal 0.923879 -0.382684 0
    outer loop
      vertex 25.6706 -11.4293 25.85
      vertex 26.2336 -10.0701 0
      vertex 26.2336 -10.0701 25.85
    endloop
  endfacet
  facet normal 0.923879 -0.382684 0
    outer loop
      vertex 26.2336 -10.0701 0
      vertex 25.6706 -11.4293 25.85
      vertex 25.6706 -11.4293 0
    endloop
  endfacet
  facet normal 0.996919 0.0784424 0
    outer loop
      vertex 28.0615 1.47064 25.85
      vertex 27.9461 2.93725 12.05
      vertex 27.9461 2.93725 25.85
    endloop
  endfacet
  facet normal 0.996919 0.0784424 0
    outer loop
      vertex 27.9461 2.93725 12.05
      vertex 28.0615 1.47064 25.85
      vertex 28.0615 1.47064 12.05
    endloop
  endfacet
  facet normal -0.130578 -0.991438 0
    outer loop
      vertex -4.39581 -27.754 0
      vertex -2.93725 -27.9461 25.85
      vertex -4.39581 -27.754 25.85
    endloop
  endfacet
  facet normal -0.130578 -0.991438 -0
    outer loop
      vertex -2.93725 -27.9461 25.85
      vertex -4.39581 -27.754 0
      vertex -2.93725 -27.9461 0
    endloop
  endfacet
  facet normal 0.5225 -0.852639 0
    outer loop
      vertex 14.05 -24.3353 0
      vertex 15.3044 -23.5666 25.85
      vertex 14.05 -24.3353 25.85
    endloop
  endfacet
  facet normal 0.5225 -0.852639 0
    outer loop
      vertex 15.3044 -23.5666 25.85
      vertex 14.05 -24.3353 0
      vertex 15.3044 -23.5666 0
    endloop
  endfacet
  facet normal -0.852639 -0.5225 0
    outer loop
      vertex -23.5666 -15.3044 0
      vertex -24.3353 -14.05 5.45
      vertex -24.3353 -14.05 0
    endloop
  endfacet
  facet normal -0.852639 -0.5225 0
    outer loop
      vertex -24.3353 -14.05 5.45
      vertex -23.5666 -15.3044 0
      vertex -23.5666 -15.3044 5.45
    endloop
  endfacet
  facet normal -0.852639 -0.5225 0
    outer loop
      vertex -23.5666 -15.3044 12.05
      vertex -24.3353 -14.05 25.85
      vertex -24.3353 -14.05 12.05
    endloop
  endfacet
  facet normal -0.852639 -0.5225 0
    outer loop
      vertex -24.3353 -14.05 25.85
      vertex -23.5666 -15.3044 12.05
      vertex -23.5666 -15.3044 25.85
    endloop
  endfacet
  facet normal -0.958825 0.283997 0
    outer loop
      vertex -27.1425 7.27281 0
      vertex -26.7247 8.68338 25.85
      vertex -26.7247 8.68338 0
    endloop
  endfacet
  facet normal -0.958825 0.283997 0
    outer loop
      vertex -26.7247 8.68338 25.85
      vertex -27.1425 7.27281 0
      vertex -27.1425 7.27281 25.85
    endloop
  endfacet
  facet normal 0.382684 -0.923879 0
    outer loop
      vertex 10.0701 -26.2336 0
      vertex 11.4293 -25.6706 25.85
      vertex 10.0701 -26.2336 25.85
    endloop
  endfacet
  facet normal 0.382684 -0.923879 0
    outer loop
      vertex 11.4293 -25.6706 25.85
      vertex 10.0701 -26.2336 0
      vertex 11.4293 -25.6706 0
    endloop
  endfacet
  facet normal -0.942634 0.333829 0
    outer loop
      vertex -26.7247 8.68338 0
      vertex -26.2336 10.0701 25.85
      vertex -26.2336 10.0701 0
    endloop
  endfacet
  facet normal -0.942634 0.333829 0
    outer loop
      vertex -26.2336 10.0701 25.85
      vertex -26.7247 8.68338 0
      vertex -26.7247 8.68338 25.85
    endloop
  endfacet
  facet normal 0.182239 -0.983254 0
    outer loop
      vertex 4.39581 -27.754 0
      vertex 5.84232 -27.4859 25.85
      vertex 4.39581 -27.754 25.85
    endloop
  endfacet
  facet normal 0.182239 -0.983254 0
    outer loop
      vertex 5.84232 -27.4859 25.85
      vertex 4.39581 -27.754 0
      vertex 5.84232 -27.4859 0
    endloop
  endfacet
  facet normal 0.0261701 -0.999658 0
    outer loop
      vertex 0 -28.1 0
      vertex 1.47064 -28.0615 25.85
      vertex 0 -28.1 25.85
    endloop
  endfacet
  facet normal 0.0261701 -0.999658 0
    outer loop
      vertex 1.47064 -28.0615 25.85
      vertex 0 -28.1 0
      vertex 1.47064 -28.0615 0
    endloop
  endfacet
  facet normal 0.760426 -0.649424 0
    outer loop
      vertex 20.8824 -18.8026 25.85
      vertex 21.8378 -17.6839 0
      vertex 21.8378 -17.6839 25.85
    endloop
  endfacet
  facet normal 0.760426 -0.649424 0
    outer loop
      vertex 21.8378 -17.6839 0
      vertex 20.8824 -18.8026 25.85
      vertex 20.8824 -18.8026 0
    endloop
  endfacet
  facet normal 0.942634 0.333829 0
    outer loop
      vertex 26.7247 8.68338 5.45
      vertex 26.2336 10.0701 0
      vertex 26.2336 10.0701 5.45
    endloop
  endfacet
  facet normal 0.942634 0.333829 0
    outer loop
      vertex 26.2336 10.0701 0
      vertex 26.7247 8.68338 5.45
      vertex 26.7247 8.68338 0
    endloop
  endfacet
  facet normal 0.942634 0.333829 0
    outer loop
      vertex 26.7247 8.68338 25.85
      vertex 26.2336 10.0701 12.05
      vertex 26.2336 10.0701 25.85
    endloop
  endfacet
  facet normal 0.942634 0.333829 0
    outer loop
      vertex 26.2336 10.0701 12.05
      vertex 26.7247 8.68338 25.85
      vertex 26.7247 8.68338 12.05
    endloop
  endfacet
  facet normal 0.725354 0.688376 0
    outer loop
      vertex 20.8824 18.8026 25.85
      vertex 19.8697 19.8697 0
      vertex 19.8697 19.8697 25.85
    endloop
  endfacet
  facet normal 0.725354 0.688376 0
    outer loop
      vertex 19.8697 19.8697 0
      vertex 20.8824 18.8026 25.85
      vertex 20.8824 18.8026 0
    endloop
  endfacet
  facet normal 0.999658 0.0261701 0
    outer loop
      vertex 28.1 0 25.85
      vertex 28.0615 1.47064 12.05
      vertex 28.0615 1.47064 25.85
    endloop
  endfacet
  facet normal 0.999658 0.0261701 0
    outer loop
      vertex 28.0615 1.47064 12.05
      vertex 28.1 0 25.85
      vertex 28.1 0 12.05
    endloop
  endfacet
  facet normal 0.0784424 -0.996919 0
    outer loop
      vertex 1.47064 -28.0615 0
      vertex 2.93725 -27.9461 25.85
      vertex 1.47064 -28.0615 25.85
    endloop
  endfacet
  facet normal 0.0784424 -0.996919 0
    outer loop
      vertex 2.93725 -27.9461 25.85
      vertex 1.47064 -28.0615 0
      vertex 2.93725 -27.9461 0
    endloop
  endfacet
  facet normal 0.793336 -0.608784 0
    outer loop
      vertex 21.8378 -17.6839 25.85
      vertex 22.7334 -16.5168 0
      vertex 22.7334 -16.5168 25.85
    endloop
  endfacet
  facet normal 0.793336 -0.608784 0
    outer loop
      vertex 22.7334 -16.5168 0
      vertex 21.8378 -17.6839 25.85
      vertex 21.8378 -17.6839 0
    endloop
  endfacet
  facet normal -0.649424 0.760426 0
    outer loop
      vertex -17.6839 21.8378 0
      vertex -18.8026 20.8824 25.85
      vertex -17.6839 21.8378 25.85
    endloop
  endfacet
  facet normal -0.649424 0.760426 0
    outer loop
      vertex -18.8026 20.8824 25.85
      vertex -17.6839 21.8378 0
      vertex -18.8026 20.8824 0
    endloop
  endfacet
  facet normal 0.972375 0.233426 0
    outer loop
      vertex 27.4859 5.84232 5.45
      vertex 27.1425 7.27281 0
      vertex 27.1425 7.27281 5.45
    endloop
  endfacet
  facet normal 0.972375 0.233426 0
    outer loop
      vertex 27.1425 7.27281 0
      vertex 27.4859 5.84232 5.45
      vertex 27.4859 5.84232 0
    endloop
  endfacet
  facet normal 0.972375 0.233426 0
    outer loop
      vertex 27.4859 5.84232 25.85
      vertex 27.1425 7.27281 12.05
      vertex 27.1425 7.27281 25.85
    endloop
  endfacet
  facet normal 0.972375 0.233426 0
    outer loop
      vertex 27.1425 7.27281 12.05
      vertex 27.4859 5.84232 25.85
      vertex 27.4859 5.84232 12.05
    endloop
  endfacet
  facet normal -0.382684 0.923879 0
    outer loop
      vertex -10.0701 26.2336 0
      vertex -11.4293 25.6706 25.85
      vertex -10.0701 26.2336 25.85
    endloop
  endfacet
  facet normal -0.382684 0.923879 0
    outer loop
      vertex -11.4293 25.6706 25.85
      vertex -10.0701 26.2336 0
      vertex -11.4293 25.6706 0
    endloop
  endfacet
  facet normal -0.430496 0.902593 0
    outer loop
      vertex -11.4293 25.6706 0
      vertex -12.7571 25.0373 25.85
      vertex -11.4293 25.6706 25.85
    endloop
  endfacet
  facet normal -0.430496 0.902593 0
    outer loop
      vertex -12.7571 25.0373 25.85
      vertex -11.4293 25.6706 0
      vertex -12.7571 25.0373 0
    endloop
  endfacet
  facet normal 0.477165 -0.878814 0
    outer loop
      vertex 12.7571 -25.0373 0
      vertex 14.05 -24.3353 25.85
      vertex 12.7571 -25.0373 25.85
    endloop
  endfacet
  facet normal 0.477165 -0.878814 0
    outer loop
      vertex 14.05 -24.3353 25.85
      vertex 12.7571 -25.0373 0
      vertex 14.05 -24.3353 0
    endloop
  endfacet
  facet normal -0.999658 -0.0261701 0
    outer loop
      vertex -28.0615 -1.47064 12.05
      vertex -28.1 0 25.85
      vertex -28.1 0 12.05
    endloop
  endfacet
  facet normal -0.999658 -0.0261701 0
    outer loop
      vertex -28.1 0 25.85
      vertex -28.0615 -1.47064 12.05
      vertex -28.0615 -1.47064 25.85
    endloop
  endfacet
  facet normal -0.0784424 -0.996919 0
    outer loop
      vertex -2.93725 -27.9461 0
      vertex -1.47064 -28.0615 25.85
      vertex -2.93725 -27.9461 25.85
    endloop
  endfacet
  facet normal -0.0784424 -0.996919 -0
    outer loop
      vertex -1.47064 -28.0615 25.85
      vertex -2.93725 -27.9461 0
      vertex -1.47064 -28.0615 0
    endloop
  endfacet
  facet normal 0.996919 -0.0784424 0
    outer loop
      vertex 27.9461 -2.93725 25.85
      vertex 28.0615 -1.47064 12.05
      vertex 28.0615 -1.47064 25.85
    endloop
  endfacet
  facet normal 0.996919 -0.0784424 0
    outer loop
      vertex 28.0615 -1.47064 12.05
      vertex 27.9461 -2.93725 25.85
      vertex 27.9461 -2.93725 12.05
    endloop
  endfacet
  facet normal -0.5225 0.852639 0
    outer loop
      vertex -14.05 24.3353 0
      vertex -15.3044 23.5666 25.85
      vertex -14.05 24.3353 25.85
    endloop
  endfacet
  facet normal -0.5225 0.852639 0
    outer loop
      vertex -15.3044 23.5666 25.85
      vertex -14.05 24.3353 0
      vertex -15.3044 23.5666 0
    endloop
  endfacet
  facet normal 0.991441 0.130556 0
    outer loop
      vertex 27.8983 3.3 5.45
      vertex 27.754 4.39581 0
      vertex 27.754 4.39581 5.45
    endloop
  endfacet
  facet normal 0.991441 0.130556 0
    outer loop
      vertex 27.754 4.39581 0
      vertex 27.8983 3.3 5.45
      vertex 27.8983 3.3 0
    endloop
  endfacet
  facet normal 0.991438 0.130578 0
    outer loop
      vertex 27.9461 2.93725 25.85
      vertex 27.754 4.39581 12.05
      vertex 27.754 4.39581 25.85
    endloop
  endfacet
  facet normal 0.991438 0.130578 0
    outer loop
      vertex 27.754 4.39581 12.05
      vertex 27.9461 2.93725 25.85
      vertex 27.9461 2.93725 12.05
    endloop
  endfacet
  facet normal 0.793336 0.608784 0
    outer loop
      vertex 22.7334 16.5168 25.85
      vertex 21.8378 17.6839 0
      vertex 21.8378 17.6839 25.85
    endloop
  endfacet
  facet normal 0.793336 0.608784 0
    outer loop
      vertex 21.8378 17.6839 0
      vertex 22.7334 16.5168 25.85
      vertex 22.7334 16.5168 0
    endloop
  endfacet
  facet normal 0.688376 -0.725354 0
    outer loop
      vertex 18.8026 -20.8824 0
      vertex 19.8697 -19.8697 25.85
      vertex 18.8026 -20.8824 25.85
    endloop
  endfacet
  facet normal 0.688376 -0.725354 0
    outer loop
      vertex 19.8697 -19.8697 25.85
      vertex 18.8026 -20.8824 0
      vertex 19.8697 -19.8697 0
    endloop
  endfacet
  facet normal 0.5225 0.852639 -0
    outer loop
      vertex 15.3044 23.5666 0
      vertex 14.05 24.3353 25.85
      vertex 15.3044 23.5666 25.85
    endloop
  endfacet
  facet normal 0.5225 0.852639 0
    outer loop
      vertex 14.05 24.3353 25.85
      vertex 15.3044 23.5666 0
      vertex 14.05 24.3353 0
    endloop
  endfacet
  facet normal -0.923879 -0.382684 0
    outer loop
      vertex -25.6706 -11.4293 0
      vertex -26.2336 -10.0701 5.45
      vertex -26.2336 -10.0701 0
    endloop
  endfacet
  facet normal -0.923879 -0.382684 0
    outer loop
      vertex -26.2336 -10.0701 5.45
      vertex -25.6706 -11.4293 0
      vertex -25.6706 -11.4293 5.45
    endloop
  endfacet
  facet normal -0.923879 -0.382684 0
    outer loop
      vertex -25.6706 -11.4293 12.05
      vertex -26.2336 -10.0701 25.85
      vertex -26.2336 -10.0701 12.05
    endloop
  endfacet
  facet normal -0.923879 -0.382684 0
    outer loop
      vertex -26.2336 -10.0701 25.85
      vertex -25.6706 -11.4293 12.05
      vertex -25.6706 -11.4293 25.85
    endloop
  endfacet
  facet normal -0.824155 -0.566364 0
    outer loop
      vertex -23.5666 -15.3044 0
      vertex -23.2889 -15.7085 5.45
      vertex -23.5666 -15.3044 5.45
    endloop
  endfacet
  facet normal -0.82414 -0.566386 0
    outer loop
      vertex -23.2889 -15.7085 5.45
      vertex -22.7334 -16.5168 0
      vertex -23.2889 -15.7085 12.05
    endloop
  endfacet
  facet normal -0.824145 -0.566379 -1.57655e-06
    outer loop
      vertex -22.7334 -16.5168 0
      vertex -23.2889 -15.7085 5.45
      vertex -23.5666 -15.3044 0
    endloop
  endfacet
  facet normal -0.824155 -0.566364 0
    outer loop
      vertex -23.2889 -15.7085 12.05
      vertex -23.5666 -15.3044 25.85
      vertex -23.5666 -15.3044 12.05
    endloop
  endfacet
  facet normal -0.82414 -0.566386 -0
    outer loop
      vertex -22.7334 -16.5168 25.85
      vertex -23.2889 -15.7085 12.05
      vertex -22.7334 -16.5168 0
    endloop
  endfacet
  facet normal -0.824145 -0.566379 6.22624e-07
    outer loop
      vertex -23.2889 -15.7085 12.05
      vertex -22.7334 -16.5168 25.85
      vertex -23.5666 -15.3044 25.85
    endloop
  endfacet
  facet normal 0.283997 -0.958825 0
    outer loop
      vertex 7.27281 -27.1425 0
      vertex 8.68338 -26.7247 25.85
      vertex 7.27281 -27.1425 25.85
    endloop
  endfacet
  facet normal 0.283997 -0.958825 0
    outer loop
      vertex 8.68338 -26.7247 25.85
      vertex 7.27281 -27.1425 0
      vertex 8.68338 -26.7247 0
    endloop
  endfacet
  facet normal 0.760426 0.649424 0
    outer loop
      vertex 21.8378 17.6839 25.85
      vertex 20.8824 18.8026 0
      vertex 20.8824 18.8026 25.85
    endloop
  endfacet
  facet normal 0.760426 0.649424 0
    outer loop
      vertex 20.8824 18.8026 0
      vertex 21.8378 17.6839 25.85
      vertex 21.8378 17.6839 0
    endloop
  endfacet
  facet normal 0.942634 -0.333829 0
    outer loop
      vertex 26.2336 -10.0701 25.85
      vertex 26.7247 -8.68338 0
      vertex 26.7247 -8.68338 25.85
    endloop
  endfacet
  facet normal 0.942634 -0.333829 0
    outer loop
      vertex 26.7247 -8.68338 0
      vertex 26.2336 -10.0701 25.85
      vertex 26.2336 -10.0701 0
    endloop
  endfacet
  facet normal 0.130578 0.991438 -0
    outer loop
      vertex 4.39581 27.754 0
      vertex 2.93725 27.9461 25.85
      vertex 4.39581 27.754 25.85
    endloop
  endfacet
  facet normal 0.130578 0.991438 0
    outer loop
      vertex 2.93725 27.9461 25.85
      vertex 4.39581 27.754 0
      vertex 2.93725 27.9461 0
    endloop
  endfacet
  facet normal 0.923879 0.382684 0
    outer loop
      vertex 26.2336 10.0701 5.45
      vertex 25.6706 11.4293 0
      vertex 25.6706 11.4293 5.45
    endloop
  endfacet
  facet normal 0.923879 0.382684 0
    outer loop
      vertex 25.6706 11.4293 0
      vertex 26.2336 10.0701 5.45
      vertex 26.2336 10.0701 0
    endloop
  endfacet
  facet normal 0.923879 0.382684 0
    outer loop
      vertex 26.2336 10.0701 25.85
      vertex 25.6706 11.4293 12.05
      vertex 25.6706 11.4293 25.85
    endloop
  endfacet
  facet normal 0.923879 0.382684 0
    outer loop
      vertex 25.6706 11.4293 12.05
      vertex 26.2336 10.0701 25.85
      vertex 26.2336 10.0701 12.05
    endloop
  endfacet
  facet normal 0.688376 0.725354 -0
    outer loop
      vertex 19.8697 19.8697 0
      vertex 18.8026 20.8824 25.85
      vertex 19.8697 19.8697 25.85
    endloop
  endfacet
  facet normal 0.688376 0.725354 0
    outer loop
      vertex 18.8026 20.8824 25.85
      vertex 19.8697 19.8697 0
      vertex 18.8026 20.8824 0
    endloop
  endfacet
  facet normal 0.983254 0.182239 0
    outer loop
      vertex 27.754 4.39581 5.45
      vertex 27.4859 5.84232 0
      vertex 27.4859 5.84232 5.45
    endloop
  endfacet
  facet normal 0.983254 0.182239 0
    outer loop
      vertex 27.4859 5.84232 0
      vertex 27.754 4.39581 5.45
      vertex 27.754 4.39581 0
    endloop
  endfacet
  facet normal 0.983254 0.182239 0
    outer loop
      vertex 27.754 4.39581 25.85
      vertex 27.4859 5.84232 12.05
      vertex 27.4859 5.84232 25.85
    endloop
  endfacet
  facet normal 0.983254 0.182239 0
    outer loop
      vertex 27.4859 5.84232 12.05
      vertex 27.754 4.39581 25.85
      vertex 27.754 4.39581 12.05
    endloop
  endfacet
  facet normal -0.902593 0.430496 0
    outer loop
      vertex -25.6706 11.4293 0
      vertex -25.0373 12.7571 25.85
      vertex -25.0373 12.7571 0
    endloop
  endfacet
  facet normal -0.902593 0.430496 0
    outer loop
      vertex -25.0373 12.7571 25.85
      vertex -25.6706 11.4293 0
      vertex -25.6706 11.4293 25.85
    endloop
  endfacet
  facet normal -0.878814 -0.477165 0
    outer loop
      vertex -24.3353 -14.05 0
      vertex -25.0373 -12.7571 5.45
      vertex -25.0373 -12.7571 0
    endloop
  endfacet
  facet normal -0.878814 -0.477165 0
    outer loop
      vertex -25.0373 -12.7571 5.45
      vertex -24.3353 -14.05 0
      vertex -24.3353 -14.05 5.45
    endloop
  endfacet
  facet normal -0.878814 -0.477165 0
    outer loop
      vertex -24.3353 -14.05 12.05
      vertex -25.0373 -12.7571 25.85
      vertex -25.0373 -12.7571 12.05
    endloop
  endfacet
  facet normal -0.878814 -0.477165 0
    outer loop
      vertex -25.0373 -12.7571 25.85
      vertex -24.3353 -14.05 12.05
      vertex -24.3353 -14.05 25.85
    endloop
  endfacet
  facet normal 0.382684 0.923879 -0
    outer loop
      vertex 11.4293 25.6706 0
      vertex 10.0701 26.2336 25.85
      vertex 11.4293 25.6706 25.85
    endloop
  endfacet
  facet normal 0.382684 0.923879 0
    outer loop
      vertex 10.0701 26.2336 25.85
      vertex 11.4293 25.6706 0
      vertex 10.0701 26.2336 0
    endloop
  endfacet
  facet normal 0.0784424 0.996919 -0
    outer loop
      vertex 2.93725 27.9461 0
      vertex 1.47064 28.0615 25.85
      vertex 2.93725 27.9461 25.85
    endloop
  endfacet
  facet normal 0.0784424 0.996919 0
    outer loop
      vertex 1.47064 28.0615 25.85
      vertex 2.93725 27.9461 0
      vertex 1.47064 28.0615 0
    endloop
  endfacet
  facet normal 0.333829 -0.942634 0
    outer loop
      vertex 8.68338 -26.7247 0
      vertex 10.0701 -26.2336 25.85
      vertex 8.68338 -26.7247 25.85
    endloop
  endfacet
  facet normal 0.333829 -0.942634 0
    outer loop
      vertex 10.0701 -26.2336 25.85
      vertex 8.68338 -26.7247 0
      vertex 10.0701 -26.2336 0
    endloop
  endfacet
  facet normal 0.902593 0.430496 0
    outer loop
      vertex 25.6706 11.4293 5.45
      vertex 25.0373 12.7571 0
      vertex 25.0373 12.7571 5.45
    endloop
  endfacet
  facet normal 0.902593 0.430496 0
    outer loop
      vertex 25.0373 12.7571 0
      vertex 25.6706 11.4293 5.45
      vertex 25.6706 11.4293 0
    endloop
  endfacet
  facet normal 0.902593 0.430496 0
    outer loop
      vertex 25.6706 11.4293 25.85
      vertex 25.0373 12.7571 12.05
      vertex 25.0373 12.7571 25.85
    endloop
  endfacet
  facet normal 0.902593 0.430496 0
    outer loop
      vertex 25.0373 12.7571 12.05
      vertex 25.6706 11.4293 25.85
      vertex 25.6706 11.4293 12.05
    endloop
  endfacet
  facet normal -0.923879 0.382684 0
    outer loop
      vertex -26.2336 10.0701 0
      vertex -25.6706 11.4293 25.85
      vertex -25.6706 11.4293 0
    endloop
  endfacet
  facet normal -0.923879 0.382684 0
    outer loop
      vertex -25.6706 11.4293 25.85
      vertex -26.2336 10.0701 0
      vertex -26.2336 10.0701 25.85
    endloop
  endfacet
  facet normal 0.608784 -0.793336 0
    outer loop
      vertex 16.5168 -22.7334 0
      vertex 17.6839 -21.8378 25.85
      vertex 16.5168 -22.7334 25.85
    endloop
  endfacet
  facet normal 0.608784 -0.793336 0
    outer loop
      vertex 17.6839 -21.8378 25.85
      vertex 16.5168 -22.7334 0
      vertex 17.6839 -21.8378 0
    endloop
  endfacet
  facet normal -0.333829 0.942634 0
    outer loop
      vertex -8.68338 26.7247 0
      vertex -10.0701 26.2336 25.85
      vertex -8.68338 26.7247 25.85
    endloop
  endfacet
  facet normal -0.333829 0.942634 0
    outer loop
      vertex -10.0701 26.2336 25.85
      vertex -8.68338 26.7247 0
      vertex -10.0701 26.2336 0
    endloop
  endfacet
  facet normal -0.283997 0.958825 0
    outer loop
      vertex -7.27281 27.1425 0
      vertex -8.68338 26.7247 25.85
      vertex -7.27281 27.1425 25.85
    endloop
  endfacet
  facet normal -0.283997 0.958825 0
    outer loop
      vertex -8.68338 26.7247 25.85
      vertex -7.27281 27.1425 0
      vertex -8.68338 26.7247 0
    endloop
  endfacet
  facet normal -0.996919 0.0784424 0
    outer loop
      vertex -28.0615 1.47064 12.05
      vertex -27.9461 2.93725 25.85
      vertex -27.9461 2.93725 12.05
    endloop
  endfacet
  facet normal -0.996919 0.0784424 0
    outer loop
      vertex -27.9461 2.93725 25.85
      vertex -28.0615 1.47064 12.05
      vertex -28.0615 1.47064 25.85
    endloop
  endfacet
  facet normal 0.999658 -0.0261701 0
    outer loop
      vertex 28.0615 -1.47064 25.85
      vertex 28.1 0 12.05
      vertex 28.1 0 25.85
    endloop
  endfacet
  facet normal 0.999658 -0.0261701 0
    outer loop
      vertex 28.1 0 12.05
      vertex 28.0615 -1.47064 25.85
      vertex 28.0615 -1.47064 12.05
    endloop
  endfacet
  facet normal -0.793336 -0.608784 0
    outer loop
      vertex -21.8378 -17.6839 0
      vertex -22.7334 -16.5168 25.85
      vertex -22.7334 -16.5168 0
    endloop
  endfacet
  facet normal -0.793336 -0.608784 0
    outer loop
      vertex -22.7334 -16.5168 25.85
      vertex -21.8378 -17.6839 0
      vertex -21.8378 -17.6839 25.85
    endloop
  endfacet
  facet normal 0.878814 0.477165 0
    outer loop
      vertex 25.0373 12.7571 5.45
      vertex 24.3353 14.05 0
      vertex 24.3353 14.05 5.45
    endloop
  endfacet
  facet normal 0.878814 0.477165 0
    outer loop
      vertex 24.3353 14.05 0
      vertex 25.0373 12.7571 5.45
      vertex 25.0373 12.7571 0
    endloop
  endfacet
  facet normal 0.878814 0.477165 0
    outer loop
      vertex 25.0373 12.7571 25.85
      vertex 24.3353 14.05 12.05
      vertex 24.3353 14.05 25.85
    endloop
  endfacet
  facet normal 0.878814 0.477165 0
    outer loop
      vertex 24.3353 14.05 12.05
      vertex 25.0373 12.7571 25.85
      vertex 25.0373 12.7571 12.05
    endloop
  endfacet
  facet normal 0.130578 -0.991438 0
    outer loop
      vertex 2.93725 -27.9461 0
      vertex 4.39581 -27.754 25.85
      vertex 2.93725 -27.9461 25.85
    endloop
  endfacet
  facet normal 0.130578 -0.991438 0
    outer loop
      vertex 4.39581 -27.754 25.85
      vertex 2.93725 -27.9461 0
      vertex 4.39581 -27.754 0
    endloop
  endfacet
  facet normal -0.824145 0.566379 0
    outer loop
      vertex -23.5666 15.3044 0
      vertex -22.7334 16.5168 25.85
      vertex -22.7334 16.5168 0
    endloop
  endfacet
  facet normal -0.824145 0.566379 0
    outer loop
      vertex -22.7334 16.5168 25.85
      vertex -23.5666 15.3044 0
      vertex -23.5666 15.3044 25.85
    endloop
  endfacet
  facet normal 0.852639 -0.5225 0
    outer loop
      vertex 23.5666 -15.3044 25.85
      vertex 24.3353 -14.05 0
      vertex 24.3353 -14.05 25.85
    endloop
  endfacet
  facet normal 0.852639 -0.5225 0
    outer loop
      vertex 24.3353 -14.05 0
      vertex 23.5666 -15.3044 25.85
      vertex 23.5666 -15.3044 0
    endloop
  endfacet
  facet normal -0.688376 -0.725354 0
    outer loop
      vertex -19.8697 -19.8697 0
      vertex -18.8026 -20.8824 25.85
      vertex -19.8697 -19.8697 25.85
    endloop
  endfacet
  facet normal -0.688376 -0.725354 -0
    outer loop
      vertex -18.8026 -20.8824 25.85
      vertex -19.8697 -19.8697 0
      vertex -18.8026 -20.8824 0
    endloop
  endfacet
  facet normal 0.82414 0.566386 0
    outer loop
      vertex 22.7334 16.5168 25.85
      vertex 23.2889 15.7085 12.05
      vertex 22.7334 16.5168 0
    endloop
  endfacet
  facet normal 0.824145 0.566379 6.22624e-07
    outer loop
      vertex 23.5666 15.3044 25.85
      vertex 23.2889 15.7085 12.05
      vertex 22.7334 16.5168 25.85
    endloop
  endfacet
  facet normal 0.824155 0.566364 0
    outer loop
      vertex 23.2889 15.7085 12.05
      vertex 23.5666 15.3044 25.85
      vertex 23.5666 15.3044 12.05
    endloop
  endfacet
  facet normal 0.82414 0.566386 -0
    outer loop
      vertex 23.2889 15.7085 5.45
      vertex 22.7334 16.5168 0
      vertex 23.2889 15.7085 12.05
    endloop
  endfacet
  facet normal 0.824155 0.566364 -0
    outer loop
      vertex 23.5666 15.3044 0
      vertex 23.2889 15.7085 5.45
      vertex 23.5666 15.3044 5.45
    endloop
  endfacet
  facet normal 0.824145 0.566379 -1.57655e-06
    outer loop
      vertex 23.2889 15.7085 5.45
      vertex 23.5666 15.3044 0
      vertex 22.7334 16.5168 0
    endloop
  endfacet
  facet normal 0.958825 -0.283997 0
    outer loop
      vertex 26.7247 -8.68338 25.85
      vertex 27.1425 -7.27281 0
      vertex 27.1425 -7.27281 25.85
    endloop
  endfacet
  facet normal 0.958825 -0.283997 0
    outer loop
      vertex 27.1425 -7.27281 0
      vertex 26.7247 -8.68338 25.85
      vertex 26.7247 -8.68338 0
    endloop
  endfacet
  facet normal -0.182239 -0.983254 0
    outer loop
      vertex -5.84232 -27.4859 0
      vertex -4.39581 -27.754 25.85
      vertex -5.84232 -27.4859 25.85
    endloop
  endfacet
  facet normal -0.182239 -0.983254 -0
    outer loop
      vertex -4.39581 -27.754 25.85
      vertex -5.84232 -27.4859 0
      vertex -4.39581 -27.754 0
    endloop
  endfacet
  facet normal 0.608784 0.793336 -0
    outer loop
      vertex 17.6839 21.8378 0
      vertex 16.5168 22.7334 25.85
      vertex 17.6839 21.8378 25.85
    endloop
  endfacet
  facet normal 0.608784 0.793336 0
    outer loop
      vertex 16.5168 22.7334 25.85
      vertex 17.6839 21.8378 0
      vertex 16.5168 22.7334 0
    endloop
  endfacet
  facet normal 0.878814 -0.477165 0
    outer loop
      vertex 24.3353 -14.05 25.85
      vertex 25.0373 -12.7571 0
      vertex 25.0373 -12.7571 25.85
    endloop
  endfacet
  facet normal 0.878814 -0.477165 0
    outer loop
      vertex 25.0373 -12.7571 0
      vertex 24.3353 -14.05 25.85
      vertex 24.3353 -14.05 0
    endloop
  endfacet
  facet normal -0.430496 -0.902593 0
    outer loop
      vertex -12.7571 -25.0373 0
      vertex -11.4293 -25.6706 25.85
      vertex -12.7571 -25.0373 25.85
    endloop
  endfacet
  facet normal -0.430496 -0.902593 -0
    outer loop
      vertex -11.4293 -25.6706 25.85
      vertex -12.7571 -25.0373 0
      vertex -11.4293 -25.6706 0
    endloop
  endfacet
  facet normal -0.130578 0.991438 0
    outer loop
      vertex -2.93725 27.9461 0
      vertex -4.39581 27.754 25.85
      vertex -2.93725 27.9461 25.85
    endloop
  endfacet
  facet normal -0.130578 0.991438 0
    outer loop
      vertex -4.39581 27.754 25.85
      vertex -2.93725 27.9461 0
      vertex -4.39581 27.754 0
    endloop
  endfacet
  facet normal 0.972375 -0.233426 0
    outer loop
      vertex 27.1425 -7.27281 25.85
      vertex 27.4859 -5.84232 0
      vertex 27.4859 -5.84232 25.85
    endloop
  endfacet
  facet normal 0.972375 -0.233426 0
    outer loop
      vertex 27.4859 -5.84232 0
      vertex 27.1425 -7.27281 25.85
      vertex 27.1425 -7.27281 0
    endloop
  endfacet
  facet normal -0.382684 -0.923879 0
    outer loop
      vertex -11.4293 -25.6706 0
      vertex -10.0701 -26.2336 25.85
      vertex -11.4293 -25.6706 25.85
    endloop
  endfacet
  facet normal -0.382684 -0.923879 -0
    outer loop
      vertex -10.0701 -26.2336 25.85
      vertex -11.4293 -25.6706 0
      vertex -10.0701 -26.2336 0
    endloop
  endfacet
  facet normal 0.566379 0.824145 -0
    outer loop
      vertex 16.5168 22.7334 0
      vertex 15.3044 23.5666 25.85
      vertex 16.5168 22.7334 25.85
    endloop
  endfacet
  facet normal 0.566379 0.824145 0
    outer loop
      vertex 15.3044 23.5666 25.85
      vertex 16.5168 22.7334 0
      vertex 15.3044 23.5666 0
    endloop
  endfacet
  facet normal -0.942634 -0.333829 0
    outer loop
      vertex -26.2336 -10.0701 0
      vertex -26.7247 -8.68338 5.45
      vertex -26.7247 -8.68338 0
    endloop
  endfacet
  facet normal -0.942634 -0.333829 0
    outer loop
      vertex -26.7247 -8.68338 5.45
      vertex -26.2336 -10.0701 0
      vertex -26.2336 -10.0701 5.45
    endloop
  endfacet
  facet normal -0.942634 -0.333829 0
    outer loop
      vertex -26.2336 -10.0701 12.05
      vertex -26.7247 -8.68338 25.85
      vertex -26.7247 -8.68338 12.05
    endloop
  endfacet
  facet normal -0.942634 -0.333829 0
    outer loop
      vertex -26.7247 -8.68338 25.85
      vertex -26.2336 -10.0701 12.05
      vertex -26.2336 -10.0701 25.85
    endloop
  endfacet
  facet normal -0.688376 0.725354 0
    outer loop
      vertex -18.8026 20.8824 0
      vertex -19.8697 19.8697 25.85
      vertex -18.8026 20.8824 25.85
    endloop
  endfacet
  facet normal -0.688376 0.725354 0
    outer loop
      vertex -19.8697 19.8697 25.85
      vertex -18.8026 20.8824 0
      vertex -19.8697 19.8697 0
    endloop
  endfacet
  facet normal 0.902593 -0.430496 0
    outer loop
      vertex 25.0373 -12.7571 25.85
      vertex 25.6706 -11.4293 0
      vertex 25.6706 -11.4293 25.85
    endloop
  endfacet
  facet normal 0.902593 -0.430496 0
    outer loop
      vertex 25.6706 -11.4293 0
      vertex 25.0373 -12.7571 25.85
      vertex 25.0373 -12.7571 0
    endloop
  endfacet
  facet normal 0.649424 0.760426 -0
    outer loop
      vertex 18.8026 20.8824 0
      vertex 17.6839 21.8378 25.85
      vertex 18.8026 20.8824 25.85
    endloop
  endfacet
  facet normal 0.649424 0.760426 0
    outer loop
      vertex 17.6839 21.8378 25.85
      vertex 18.8026 20.8824 0
      vertex 17.6839 21.8378 0
    endloop
  endfacet
  facet normal -0.725354 0.688376 0
    outer loop
      vertex -20.8824 18.8026 0
      vertex -19.8697 19.8697 25.85
      vertex -19.8697 19.8697 0
    endloop
  endfacet
  facet normal -0.725354 0.688376 0
    outer loop
      vertex -19.8697 19.8697 25.85
      vertex -20.8824 18.8026 0
      vertex -20.8824 18.8026 25.85
    endloop
  endfacet
  facet normal -0.182239 0.983254 0
    outer loop
      vertex -4.39581 27.754 0
      vertex -5.84232 27.4859 25.85
      vertex -4.39581 27.754 25.85
    endloop
  endfacet
  facet normal -0.182239 0.983254 0
    outer loop
      vertex -5.84232 27.4859 25.85
      vertex -4.39581 27.754 0
      vertex -5.84232 27.4859 0
    endloop
  endfacet
  facet normal 0.566379 -0.824145 0
    outer loop
      vertex 15.3044 -23.5666 0
      vertex 16.5168 -22.7334 25.85
      vertex 15.3044 -23.5666 25.85
    endloop
  endfacet
  facet normal 0.566379 -0.824145 0
    outer loop
      vertex 16.5168 -22.7334 25.85
      vertex 15.3044 -23.5666 0
      vertex 16.5168 -22.7334 0
    endloop
  endfacet
  facet normal -0.760426 -0.649424 0
    outer loop
      vertex -20.8824 -18.8026 0
      vertex -21.8378 -17.6839 25.85
      vertex -21.8378 -17.6839 0
    endloop
  endfacet
  facet normal -0.760426 -0.649424 0
    outer loop
      vertex -21.8378 -17.6839 25.85
      vertex -20.8824 -18.8026 0
      vertex -20.8824 -18.8026 25.85
    endloop
  endfacet
  facet normal -0.725354 -0.688376 0
    outer loop
      vertex -19.8697 -19.8697 0
      vertex -20.8824 -18.8026 25.85
      vertex -20.8824 -18.8026 0
    endloop
  endfacet
  facet normal -0.725354 -0.688376 0
    outer loop
      vertex -20.8824 -18.8026 25.85
      vertex -19.8697 -19.8697 0
      vertex -19.8697 -19.8697 25.85
    endloop
  endfacet
  facet normal -0.5225 -0.852639 0
    outer loop
      vertex -15.3044 -23.5666 0
      vertex -14.05 -24.3353 25.85
      vertex -15.3044 -23.5666 25.85
    endloop
  endfacet
  facet normal -0.5225 -0.852639 -0
    outer loop
      vertex -14.05 -24.3353 25.85
      vertex -15.3044 -23.5666 0
      vertex -14.05 -24.3353 0
    endloop
  endfacet
  facet normal -0.991441 -0.130556 0
    outer loop
      vertex -27.754 -4.39581 0
      vertex -27.8983 -3.3 5.45
      vertex -27.8983 -3.3 0
    endloop
  endfacet
  facet normal -0.991441 -0.130556 0
    outer loop
      vertex -27.8983 -3.3 5.45
      vertex -27.754 -4.39581 0
      vertex -27.754 -4.39581 5.45
    endloop
  endfacet
  facet normal -0.991438 -0.130578 0
    outer loop
      vertex -27.754 -4.39581 12.05
      vertex -27.9461 -2.93725 25.85
      vertex -27.9461 -2.93725 12.05
    endloop
  endfacet
  facet normal -0.991438 -0.130578 0
    outer loop
      vertex -27.9461 -2.93725 25.85
      vertex -27.754 -4.39581 12.05
      vertex -27.754 -4.39581 25.85
    endloop
  endfacet
  facet normal -0.972375 0.233426 0
    outer loop
      vertex -27.4859 5.84232 0
      vertex -27.1425 7.27281 25.85
      vertex -27.1425 7.27281 0
    endloop
  endfacet
  facet normal -0.972375 0.233426 0
    outer loop
      vertex -27.1425 7.27281 25.85
      vertex -27.4859 5.84232 0
      vertex -27.4859 5.84232 25.85
    endloop
  endfacet
  facet normal -0.283997 -0.958825 0
    outer loop
      vertex -8.68338 -26.7247 0
      vertex -7.27281 -27.1425 25.85
      vertex -8.68338 -26.7247 25.85
    endloop
  endfacet
  facet normal -0.283997 -0.958825 -0
    outer loop
      vertex -7.27281 -27.1425 25.85
      vertex -8.68338 -26.7247 0
      vertex -7.27281 -27.1425 0
    endloop
  endfacet
  facet normal 0.333829 0.942634 -0
    outer loop
      vertex 10.0701 26.2336 0
      vertex 8.68338 26.7247 25.85
      vertex 10.0701 26.2336 25.85
    endloop
  endfacet
  facet normal 0.333829 0.942634 0
    outer loop
      vertex 8.68338 26.7247 25.85
      vertex 10.0701 26.2336 0
      vertex 8.68338 26.7247 0
    endloop
  endfacet
  facet normal -0.996919 -0.0784424 0
    outer loop
      vertex -27.9461 -2.93725 12.05
      vertex -28.0615 -1.47064 25.85
      vertex -28.0615 -1.47064 12.05
    endloop
  endfacet
  facet normal -0.996919 -0.0784424 0
    outer loop
      vertex -28.0615 -1.47064 25.85
      vertex -27.9461 -2.93725 12.05
      vertex -27.9461 -2.93725 25.85
    endloop
  endfacet
  facet normal -0.477165 0.878814 0
    outer loop
      vertex -12.7571 25.0373 0
      vertex -14.05 24.3353 25.85
      vertex -12.7571 25.0373 25.85
    endloop
  endfacet
  facet normal -0.477165 0.878814 0
    outer loop
      vertex -14.05 24.3353 25.85
      vertex -12.7571 25.0373 0
      vertex -14.05 24.3353 0
    endloop
  endfacet
  facet normal 0.725354 -0.688376 0
    outer loop
      vertex 19.8697 -19.8697 25.85
      vertex 20.8824 -18.8026 0
      vertex 20.8824 -18.8026 25.85
    endloop
  endfacet
  facet normal 0.725354 -0.688376 0
    outer loop
      vertex 20.8824 -18.8026 0
      vertex 19.8697 -19.8697 25.85
      vertex 19.8697 -19.8697 0
    endloop
  endfacet
  facet normal -0.793336 0.608784 0
    outer loop
      vertex -22.7334 16.5168 0
      vertex -21.8378 17.6839 25.85
      vertex -21.8378 17.6839 0
    endloop
  endfacet
  facet normal -0.793336 0.608784 0
    outer loop
      vertex -21.8378 17.6839 25.85
      vertex -22.7334 16.5168 0
      vertex -22.7334 16.5168 25.85
    endloop
  endfacet
  facet normal 0.0261701 0.999658 -0
    outer loop
      vertex 1.47064 28.0615 0
      vertex 0 28.1 25.85
      vertex 1.47064 28.0615 25.85
    endloop
  endfacet
  facet normal 0.0261701 0.999658 0
    outer loop
      vertex 0 28.1 25.85
      vertex 1.47064 28.0615 0
      vertex 0 28.1 0
    endloop
  endfacet
  facet normal 0.233426 -0.972375 0
    outer loop
      vertex 5.84232 -27.4859 0
      vertex 7.27281 -27.1425 25.85
      vertex 5.84232 -27.4859 25.85
    endloop
  endfacet
  facet normal 0.233426 -0.972375 0
    outer loop
      vertex 7.27281 -27.1425 25.85
      vertex 5.84232 -27.4859 0
      vertex 7.27281 -27.1425 0
    endloop
  endfacet
  facet normal -0.649424 -0.760426 0
    outer loop
      vertex -18.8026 -20.8824 0
      vertex -17.6839 -21.8378 25.85
      vertex -18.8026 -20.8824 25.85
    endloop
  endfacet
  facet normal -0.649424 -0.760426 -0
    outer loop
      vertex -17.6839 -21.8378 25.85
      vertex -18.8026 -20.8824 0
      vertex -17.6839 -21.8378 0
    endloop
  endfacet
  facet normal -0.958825 -0.283997 0
    outer loop
      vertex -26.7247 -8.68338 0
      vertex -27.1425 -7.27281 5.45
      vertex -27.1425 -7.27281 0
    endloop
  endfacet
  facet normal -0.958825 -0.283997 0
    outer loop
      vertex -27.1425 -7.27281 5.45
      vertex -26.7247 -8.68338 0
      vertex -26.7247 -8.68338 5.45
    endloop
  endfacet
  facet normal -0.958825 -0.283997 0
    outer loop
      vertex -26.7247 -8.68338 12.05
      vertex -27.1425 -7.27281 25.85
      vertex -27.1425 -7.27281 12.05
    endloop
  endfacet
  facet normal -0.958825 -0.283997 0
    outer loop
      vertex -27.1425 -7.27281 25.85
      vertex -26.7247 -8.68338 12.05
      vertex -26.7247 -8.68338 25.85
    endloop
  endfacet
  facet normal -0.477165 -0.878814 0
    outer loop
      vertex -14.05 -24.3353 0
      vertex -12.7571 -25.0373 25.85
      vertex -14.05 -24.3353 25.85
    endloop
  endfacet
  facet normal -0.477165 -0.878814 -0
    outer loop
      vertex -12.7571 -25.0373 25.85
      vertex -14.05 -24.3353 0
      vertex -12.7571 -25.0373 0
    endloop
  endfacet
  facet normal -0.991441 0.130556 0
    outer loop
      vertex -27.8983 3.3 12.05
      vertex -27.754 4.39581 0
      vertex -27.8983 3.3 0
    endloop
  endfacet
  facet normal -0.991441 0.130556 0
    outer loop
      vertex -27.754 4.39581 0
      vertex -27.8983 3.3 12.05
      vertex -27.754 4.39581 25.85
    endloop
  endfacet
  facet normal -0.99143 0.130642 0
    outer loop
      vertex -27.9461 2.93725 25.85
      vertex -27.8983 3.3 12.05
      vertex -27.9461 2.93725 12.05
    endloop
  endfacet
  facet normal -0.991438 0.130578 -1.7187e-06
    outer loop
      vertex -27.8983 3.3 12.05
      vertex -27.9461 2.93725 25.85
      vertex -27.754 4.39581 25.85
    endloop
  endfacet
  facet normal -0.983254 0.182239 0
    outer loop
      vertex -27.754 4.39581 0
      vertex -27.4859 5.84232 25.85
      vertex -27.4859 5.84232 0
    endloop
  endfacet
  facet normal -0.983254 0.182239 0
    outer loop
      vertex -27.4859 5.84232 25.85
      vertex -27.754 4.39581 0
      vertex -27.754 4.39581 25.85
    endloop
  endfacet
  facet normal -0.233426 -0.972375 0
    outer loop
      vertex -7.27281 -27.1425 0
      vertex -5.84232 -27.4859 25.85
      vertex -7.27281 -27.1425 25.85
    endloop
  endfacet
  facet normal -0.233426 -0.972375 -0
    outer loop
      vertex -5.84232 -27.4859 25.85
      vertex -7.27281 -27.1425 0
      vertex -5.84232 -27.4859 0
    endloop
  endfacet
  facet normal -0.972375 -0.233426 0
    outer loop
      vertex -27.1425 -7.27281 0
      vertex -27.4859 -5.84232 5.45
      vertex -27.4859 -5.84232 0
    endloop
  endfacet
  facet normal -0.972375 -0.233426 0
    outer loop
      vertex -27.4859 -5.84232 5.45
      vertex -27.1425 -7.27281 0
      vertex -27.1425 -7.27281 5.45
    endloop
  endfacet
  facet normal -0.972375 -0.233426 0
    outer loop
      vertex -27.1425 -7.27281 12.05
      vertex -27.4859 -5.84232 25.85
      vertex -27.4859 -5.84232 12.05
    endloop
  endfacet
  facet normal -0.972375 -0.233426 0
    outer loop
      vertex -27.4859 -5.84232 25.85
      vertex -27.1425 -7.27281 12.05
      vertex -27.1425 -7.27281 25.85
    endloop
  endfacet
  facet normal -0.999658 0.0261701 0
    outer loop
      vertex -28.1 0 12.05
      vertex -28.0615 1.47064 25.85
      vertex -28.0615 1.47064 12.05
    endloop
  endfacet
  facet normal -0.999658 0.0261701 0
    outer loop
      vertex -28.0615 1.47064 25.85
      vertex -28.1 0 12.05
      vertex -28.1 0 25.85
    endloop
  endfacet
  facet normal 0.983254 -0.182239 0
    outer loop
      vertex 27.4859 -5.84232 25.85
      vertex 27.754 -4.39581 0
      vertex 27.754 -4.39581 25.85
    endloop
  endfacet
  facet normal 0.983254 -0.182239 0
    outer loop
      vertex 27.754 -4.39581 0
      vertex 27.4859 -5.84232 25.85
      vertex 27.4859 -5.84232 0
    endloop
  endfacet
  facet normal 0.649424 -0.760426 0
    outer loop
      vertex 17.6839 -21.8378 0
      vertex 18.8026 -20.8824 25.85
      vertex 17.6839 -21.8378 25.85
    endloop
  endfacet
  facet normal 0.649424 -0.760426 0
    outer loop
      vertex 18.8026 -20.8824 25.85
      vertex 17.6839 -21.8378 0
      vertex 18.8026 -20.8824 0
    endloop
  endfacet
  facet normal -0.608784 0.793336 0
    outer loop
      vertex -16.5168 22.7334 0
      vertex -17.6839 21.8378 25.85
      vertex -16.5168 22.7334 25.85
    endloop
  endfacet
  facet normal -0.608784 0.793336 0
    outer loop
      vertex -17.6839 21.8378 25.85
      vertex -16.5168 22.7334 0
      vertex -17.6839 21.8378 0
    endloop
  endfacet
  facet normal -0.566379 0.824145 0
    outer loop
      vertex -15.3044 23.5666 0
      vertex -16.5168 22.7334 25.85
      vertex -15.3044 23.5666 25.85
    endloop
  endfacet
  facet normal -0.566379 0.824145 0
    outer loop
      vertex -16.5168 22.7334 25.85
      vertex -15.3044 23.5666 0
      vertex -16.5168 22.7334 0
    endloop
  endfacet
  facet normal -0.333829 -0.942634 0
    outer loop
      vertex -10.0701 -26.2336 0
      vertex -8.68338 -26.7247 25.85
      vertex -10.0701 -26.2336 25.85
    endloop
  endfacet
  facet normal -0.333829 -0.942634 -0
    outer loop
      vertex -8.68338 -26.7247 25.85
      vertex -10.0701 -26.2336 0
      vertex -8.68338 -26.7247 0
    endloop
  endfacet
  facet normal 0.233426 0.972375 -0
    outer loop
      vertex 7.27281 27.1425 0
      vertex 5.84232 27.4859 25.85
      vertex 7.27281 27.1425 25.85
    endloop
  endfacet
  facet normal 0.233426 0.972375 0
    outer loop
      vertex 5.84232 27.4859 25.85
      vertex 7.27281 27.1425 0
      vertex 5.84232 27.4859 0
    endloop
  endfacet
  facet normal 0 0 -1
    outer loop
      vertex 23.7 -3.3 0
      vertex 27.754 -4.39581 0
      vertex 27.4859 -5.84232 0
    endloop
  endfacet
  facet normal 0 0 -1
    outer loop
      vertex 23.7 -3.3 0
      vertex 27.4859 -5.84232 0
      vertex 27.1425 -7.27281 0
    endloop
  endfacet
  facet normal 0 0 -1
    outer loop
      vertex 23.7 -3.3 0
      vertex 27.1425 -7.27281 0
      vertex 26.7247 -8.68338 0
    endloop
  endfacet
  facet normal 0 0 -1
    outer loop
      vertex 23.7 -3.3 0
      vertex 26.7247 -8.68338 0
      vertex 26.2336 -10.0701 0
    endloop
  endfacet
  facet normal 0 0 -1
    outer loop
      vertex 23.7 -3.3 0
      vertex 26.2336 -10.0701 0
      vertex 25.6706 -11.4293 0
    endloop
  endfacet
  facet normal 0 0 -1
    outer loop
      vertex 23.7 -3.3 0
      vertex 25.6706 -11.4293 0
      vertex 25.0373 -12.7571 0
    endloop
  endfacet
  facet normal 0 0 -1
    outer loop
      vertex 23.7 -3.3 0
      vertex 25.0373 -12.7571 0
      vertex 24.3353 -14.05 0
    endloop
  endfacet
  facet normal 0 0 -1
    outer loop
      vertex 27.754 -4.39581 0
      vertex 23.7 -3.3 0
      vertex 27.8983 -3.3 0
    endloop
  endfacet
  facet normal 0 0 -1
    outer loop
      vertex 22.7334 -16.5168 0
      vertex 23.7 -3.3 0
      vertex 23.5666 -15.3044 0
    endloop
  endfacet
  facet normal 0 0 -1
    outer loop
      vertex 23.5666 -15.3044 0
      vertex 23.7 -3.3 0
      vertex 24.3353 -14.05 0
    endloop
  endfacet
  facet normal 0 0 -1
    outer loop
      vertex 23.7 3.3 0
      vertex 27.754 4.39581 0
      vertex 27.8983 3.3 0
    endloop
  endfacet
  facet normal -0 0 -1
    outer loop
      vertex 27.754 4.39581 0
      vertex 23.7 3.3 0
      vertex 27.4859 5.84232 0
    endloop
  endfacet
  facet normal -0 0 -1
    outer loop
      vertex 27.4859 5.84232 0
      vertex 23.7 3.3 0
      vertex 27.1425 7.27281 0
    endloop
  endfacet
  facet normal -0 0 -1
    outer loop
      vertex 27.1425 7.27281 0
      vertex 23.7 3.3 0
      vertex 26.7247 8.68338 0
    endloop
  endfacet
  facet normal -0 0 -1
    outer loop
      vertex 26.7247 8.68338 0
      vertex 23.7 3.3 0
      vertex 26.2336 10.0701 0
    endloop
  endfacet
  facet normal -0 0 -1
    outer loop
      vertex 26.2336 10.0701 0
      vertex 23.7 3.3 0
      vertex 25.6706 11.4293 0
    endloop
  endfacet
  facet normal -0 0 -1
    outer loop
      vertex 25.6706 11.4293 0
      vertex 23.7 3.3 0
      vertex 25.0373 12.7571 0
    endloop
  endfacet
  facet normal -0 0 -1
    outer loop
      vertex 25.0373 12.7571 0
      vertex 23.7 3.3 0
      vertex 24.3353 14.05 0
    endloop
  endfacet
  facet normal 0 0 -1
    outer loop
      vertex 23.7 3.3 0
      vertex 23.5666 15.3044 0
      vertex 24.3353 14.05 0
    endloop
  endfacet
  facet normal 0 0 -1
    outer loop
      vertex 21.8378 -17.6839 0
      vertex 23.7 -3.3 0
      vertex 22.7334 -16.5168 0
    endloop
  endfacet
  facet normal 0 0 -1
    outer loop
      vertex 20.8824 -18.8026 0
      vertex 23.7 -3.3 0
      vertex 21.8378 -17.6839 0
    endloop
  endfacet
  facet normal 0 0 -1
    outer loop
      vertex -23.7 3.3 0
      vertex 23.7 3.3 0
      vertex -23.7 -3.3 0
    endloop
  endfacet
  facet normal 0 0 -1
    outer loop
      vertex 19.8697 -19.8697 0
      vertex 23.7 -3.3 0
      vertex 20.8824 -18.8026 0
    endloop
  endfacet
  facet normal 0 -0 -1
    outer loop
      vertex 1.47064 28.0615 0
      vertex 23.7 3.3 0
      vertex -23.7 3.3 0
    endloop
  endfacet
  facet normal 0 0 -1
    outer loop
      vertex 18.8026 -20.8824 0
      vertex 23.7 -3.3 0
      vertex 19.8697 -19.8697 0
    endloop
  endfacet
  facet normal 0 0 -1
    outer loop
      vertex 23.7 3.3 0
      vertex 22.7334 16.5168 0
      vertex 23.5666 15.3044 0
    endloop
  endfacet
  facet normal 0 0 -1
    outer loop
      vertex 17.6839 -21.8378 0
      vertex 23.7 -3.3 0
      vertex 18.8026 -20.8824 0
    endloop
  endfacet
  facet normal 0 0 -1
    outer loop
      vertex 23.7 3.3 0
      vertex 21.8378 17.6839 0
      vertex 22.7334 16.5168 0
    endloop
  endfacet
  facet normal 0 0 -1
    outer loop
      vertex 16.5168 -22.7334 0
      vertex 23.7 -3.3 0
      vertex 17.6839 -21.8378 0
    endloop
  endfacet
  facet normal 0 0 -1
    outer loop
      vertex 23.7 3.3 0
      vertex 20.8824 18.8026 0
      vertex 21.8378 17.6839 0
    endloop
  endfacet
  facet normal 0 0 -1
    outer loop
      vertex 15.3044 -23.5666 0
      vertex 23.7 -3.3 0
      vertex 16.5168 -22.7334 0
    endloop
  endfacet
  facet normal 0 0 -1
    outer loop
      vertex 23.7 3.3 0
      vertex 19.8697 19.8697 0
      vertex 20.8824 18.8026 0
    endloop
  endfacet
  facet normal 0 0 -1
    outer loop
      vertex 14.05 -24.3353 0
      vertex 23.7 -3.3 0
      vertex 15.3044 -23.5666 0
    endloop
  endfacet
  facet normal 0 0 -1
    outer loop
      vertex 23.7 3.3 0
      vertex 18.8026 20.8824 0
      vertex 19.8697 19.8697 0
    endloop
  endfacet
  facet normal 0 0 -1
    outer loop
      vertex 12.7571 -25.0373 0
      vertex 23.7 -3.3 0
      vertex 14.05 -24.3353 0
    endloop
  endfacet
  facet normal 0 0 -1
    outer loop
      vertex 23.7 3.3 0
      vertex 17.6839 21.8378 0
      vertex 18.8026 20.8824 0
    endloop
  endfacet
  facet normal 0 0 -1
    outer loop
      vertex 11.4293 -25.6706 0
      vertex 23.7 -3.3 0
      vertex 12.7571 -25.0373 0
    endloop
  endfacet
  facet normal 0 0 -1
    outer loop
      vertex 23.7 3.3 0
      vertex 16.5168 22.7334 0
      vertex 17.6839 21.8378 0
    endloop
  endfacet
  facet normal 0 0 -1
    outer loop
      vertex 10.0701 -26.2336 0
      vertex 23.7 -3.3 0
      vertex 11.4293 -25.6706 0
    endloop
  endfacet
  facet normal 0 0 -1
    outer loop
      vertex 23.7 3.3 0
      vertex 15.3044 23.5666 0
      vertex 16.5168 22.7334 0
    endloop
  endfacet
  facet normal 0 0 -1
    outer loop
      vertex 8.68338 -26.7247 0
      vertex 23.7 -3.3 0
      vertex 10.0701 -26.2336 0
    endloop
  endfacet
  facet normal 0 0 -1
    outer loop
      vertex 23.7 3.3 0
      vertex 14.05 24.3353 0
      vertex 15.3044 23.5666 0
    endloop
  endfacet
  facet normal 0 0 -1
    outer loop
      vertex 7.27281 -27.1425 0
      vertex 23.7 -3.3 0
      vertex 8.68338 -26.7247 0
    endloop
  endfacet
  facet normal 0 0 -1
    outer loop
      vertex 23.7 3.3 0
      vertex 12.7571 25.0373 0
      vertex 14.05 24.3353 0
    endloop
  endfacet
  facet normal 0 0 -1
    outer loop
      vertex 5.84232 -27.4859 0
      vertex 23.7 -3.3 0
      vertex 7.27281 -27.1425 0
    endloop
  endfacet
  facet normal 0 0 -1
    outer loop
      vertex 23.7 3.3 0
      vertex 11.4293 25.6706 0
      vertex 12.7571 25.0373 0
    endloop
  endfacet
  facet normal 0 0 -1
    outer loop
      vertex 4.39581 -27.754 0
      vertex 23.7 -3.3 0
      vertex 5.84232 -27.4859 0
    endloop
  endfacet
  facet normal 0 0 -1
    outer loop
      vertex 23.7 3.3 0
      vertex 10.0701 26.2336 0
      vertex 11.4293 25.6706 0
    endloop
  endfacet
  facet normal 0 0 -1
    outer loop
      vertex 23.7 -3.3 0
      vertex -23.7 -3.3 0
      vertex 23.7 3.3 0
    endloop
  endfacet
  facet normal 0 0 -1
    outer loop
      vertex 23.7 3.3 0
      vertex 8.68338 26.7247 0
      vertex 10.0701 26.2336 0
    endloop
  endfacet
  facet normal 0 0 -1
    outer loop
      vertex 2.93725 -27.9461 0
      vertex 23.7 -3.3 0
      vertex 4.39581 -27.754 0
    endloop
  endfacet
  facet normal 0 0 -1
    outer loop
      vertex 23.7 3.3 0
      vertex 7.27281 27.1425 0
      vertex 8.68338 26.7247 0
    endloop
  endfacet
  facet normal 0 0 -1
    outer loop
      vertex 1.47064 -28.0615 0
      vertex 23.7 -3.3 0
      vertex 2.93725 -27.9461 0
    endloop
  endfacet
  facet normal 0 0 -1
    outer loop
      vertex 23.7 3.3 0
      vertex 5.84232 27.4859 0
      vertex 7.27281 27.1425 0
    endloop
  endfacet
  facet normal -0 0 -1
    outer loop
      vertex 23.7 -3.3 0
      vertex 1.47064 -28.0615 0
      vertex -23.7 -3.3 0
    endloop
  endfacet
  facet normal 0 0 -1
    outer loop
      vertex 23.7 3.3 0
      vertex 4.39581 27.754 0
      vertex 5.84232 27.4859 0
    endloop
  endfacet
  facet normal 0 0 -1
    outer loop
      vertex -23.7 -3.3 0
      vertex 1.47064 -28.0615 0
      vertex 0 -28.1 0
    endloop
  endfacet
  facet normal 0 0 -1
    outer loop
      vertex 23.7 3.3 0
      vertex 2.93725 27.9461 0
      vertex 4.39581 27.754 0
    endloop
  endfacet
  facet normal 0 0 -1
    outer loop
      vertex -23.7 -3.3 0
      vertex 0 -28.1 0
      vertex -1.47064 -28.0615 0
    endloop
  endfacet
  facet normal 0 0 -1
    outer loop
      vertex 23.7 3.3 0
      vertex 1.47064 28.0615 0
      vertex 2.93725 27.9461 0
    endloop
  endfacet
  facet normal 0 0 -1
    outer loop
      vertex -23.7 -3.3 0
      vertex -1.47064 -28.0615 0
      vertex -2.93725 -27.9461 0
    endloop
  endfacet
  facet normal -0 0 -1
    outer loop
      vertex 1.47064 28.0615 0
      vertex -23.7 3.3 0
      vertex 0 28.1 0
    endloop
  endfacet
  facet normal 0 0 -1
    outer loop
      vertex -23.7 -3.3 0
      vertex -2.93725 -27.9461 0
      vertex -4.39581 -27.754 0
    endloop
  endfacet
  facet normal 0 0 -1
    outer loop
      vertex 0 28.1 0
      vertex -23.7 3.3 0
      vertex -1.47064 28.0615 0
    endloop
  endfacet
  facet normal 0 0 -1
    outer loop
      vertex -23.7 -3.3 0
      vertex -4.39581 -27.754 0
      vertex -5.84232 -27.4859 0
    endloop
  endfacet
  facet normal 0 0 -1
    outer loop
      vertex -1.47064 28.0615 0
      vertex -23.7 3.3 0
      vertex -2.93725 27.9461 0
    endloop
  endfacet
  facet normal 0 0 -1
    outer loop
      vertex -23.7 -3.3 0
      vertex -5.84232 -27.4859 0
      vertex -7.27281 -27.1425 0
    endloop
  endfacet
  facet normal 0 0 -1
    outer loop
      vertex -2.93725 27.9461 0
      vertex -23.7 3.3 0
      vertex -4.39581 27.754 0
    endloop
  endfacet
  facet normal 0 0 -1
    outer loop
      vertex -23.7 -3.3 0
      vertex -7.27281 -27.1425 0
      vertex -8.68338 -26.7247 0
    endloop
  endfacet
  facet normal 0 0 -1
    outer loop
      vertex -4.39581 27.754 0
      vertex -23.7 3.3 0
      vertex -5.84232 27.4859 0
    endloop
  endfacet
  facet normal 0 0 -1
    outer loop
      vertex -23.7 -3.3 0
      vertex -8.68338 -26.7247 0
      vertex -10.0701 -26.2336 0
    endloop
  endfacet
  facet normal 0 0 -1
    outer loop
      vertex -5.84232 27.4859 0
      vertex -23.7 3.3 0
      vertex -7.27281 27.1425 0
    endloop
  endfacet
  facet normal 0 0 -1
    outer loop
      vertex -23.7 -3.3 0
      vertex -10.0701 -26.2336 0
      vertex -11.4293 -25.6706 0
    endloop
  endfacet
  facet normal 0 0 -1
    outer loop
      vertex -7.27281 27.1425 0
      vertex -23.7 3.3 0
      vertex -8.68338 26.7247 0
    endloop
  endfacet
  facet normal 0 0 -1
    outer loop
      vertex -23.7 -3.3 0
      vertex -11.4293 -25.6706 0
      vertex -12.7571 -25.0373 0
    endloop
  endfacet
  facet normal 0 0 -1
    outer loop
      vertex -8.68338 26.7247 0
      vertex -23.7 3.3 0
      vertex -10.0701 26.2336 0
    endloop
  endfacet
  facet normal 0 0 -1
    outer loop
      vertex -23.7 -3.3 0
      vertex -12.7571 -25.0373 0
      vertex -14.05 -24.3353 0
    endloop
  endfacet
  facet normal 0 0 -1
    outer loop
      vertex -10.0701 26.2336 0
      vertex -23.7 3.3 0
      vertex -11.4293 25.6706 0
    endloop
  endfacet
  facet normal 0 0 -1
    outer loop
      vertex -23.7 -3.3 0
      vertex -14.05 -24.3353 0
      vertex -15.3044 -23.5666 0
    endloop
  endfacet
  facet normal 0 0 -1
    outer loop
      vertex -11.4293 25.6706 0
      vertex -23.7 3.3 0
      vertex -12.7571 25.0373 0
    endloop
  endfacet
  facet normal 0 0 -1
    outer loop
      vertex -23.7 -3.3 0
      vertex -15.3044 -23.5666 0
      vertex -16.5168 -22.7334 0
    endloop
  endfacet
  facet normal 0 0 -1
    outer loop
      vertex -12.7571 25.0373 0
      vertex -23.7 3.3 0
      vertex -14.05 24.3353 0
    endloop
  endfacet
  facet normal 0 0 -1
    outer loop
      vertex -23.7 -3.3 0
      vertex -16.5168 -22.7334 0
      vertex -17.6839 -21.8378 0
    endloop
  endfacet
  facet normal 0 0 -1
    outer loop
      vertex -14.05 24.3353 0
      vertex -23.7 3.3 0
      vertex -15.3044 23.5666 0
    endloop
  endfacet
  facet normal 0 0 -1
    outer loop
      vertex -23.7 -3.3 0
      vertex -17.6839 -21.8378 0
      vertex -18.8026 -20.8824 0
    endloop
  endfacet
  facet normal 0 0 -1
    outer loop
      vertex -15.3044 23.5666 0
      vertex -23.7 3.3 0
      vertex -16.5168 22.7334 0
    endloop
  endfacet
  facet normal 0 0 -1
    outer loop
      vertex -23.7 -3.3 0
      vertex -18.8026 -20.8824 0
      vertex -19.8697 -19.8697 0
    endloop
  endfacet
  facet normal 0 0 -1
    outer loop
      vertex -16.5168 22.7334 0
      vertex -23.7 3.3 0
      vertex -17.6839 21.8378 0
    endloop
  endfacet
  facet normal 0 0 -1
    outer loop
      vertex -23.7 -3.3 0
      vertex -19.8697 -19.8697 0
      vertex -20.8824 -18.8026 0
    endloop
  endfacet
  facet normal 0 0 -1
    outer loop
      vertex -17.6839 21.8378 0
      vertex -23.7 3.3 0
      vertex -18.8026 20.8824 0
    endloop
  endfacet
  facet normal 0 0 -1
    outer loop
      vertex -23.7 -3.3 0
      vertex -20.8824 -18.8026 0
      vertex -21.8378 -17.6839 0
    endloop
  endfacet
  facet normal 0 0 -1
    outer loop
      vertex -18.8026 20.8824 0
      vertex -23.7 3.3 0
      vertex -19.8697 19.8697 0
    endloop
  endfacet
  facet normal 0 0 -1
    outer loop
      vertex -23.7 -3.3 0
      vertex -21.8378 -17.6839 0
      vertex -22.7334 -16.5168 0
    endloop
  endfacet
  facet normal 0 0 -1
    outer loop
      vertex -19.8697 19.8697 0
      vertex -23.7 3.3 0
      vertex -20.8824 18.8026 0
    endloop
  endfacet
  facet normal 0 0 -1
    outer loop
      vertex -23.7 -3.3 0
      vertex -22.7334 -16.5168 0
      vertex -23.5666 -15.3044 0
    endloop
  endfacet
  facet normal 0 0 -1
    outer loop
      vertex -20.8824 18.8026 0
      vertex -23.7 3.3 0
      vertex -21.8378 17.6839 0
    endloop
  endfacet
  facet normal 0 0 -1
    outer loop
      vertex -21.8378 17.6839 0
      vertex -23.7 3.3 0
      vertex -22.7334 16.5168 0
    endloop
  endfacet
  facet normal 0 0 -1
    outer loop
      vertex -24.3353 -14.05 0
      vertex -23.7 -3.3 0
      vertex -23.5666 -15.3044 0
    endloop
  endfacet
  facet normal 0 0 -1
    outer loop
      vertex -25.0373 -12.7571 0
      vertex -23.7 -3.3 0
      vertex -24.3353 -14.05 0
    endloop
  endfacet
  facet normal 0 0 -1
    outer loop
      vertex -25.6706 -11.4293 0
      vertex -23.7 -3.3 0
      vertex -25.0373 -12.7571 0
    endloop
  endfacet
  facet normal 0 0 -1
    outer loop
      vertex -26.2336 -10.0701 0
      vertex -23.7 -3.3 0
      vertex -25.6706 -11.4293 0
    endloop
  endfacet
  facet normal 0 0 -1
    outer loop
      vertex -26.7247 -8.68338 0
      vertex -23.7 -3.3 0
      vertex -26.2336 -10.0701 0
    endloop
  endfacet
  facet normal 0 0 -1
    outer loop
      vertex -27.1425 -7.27281 0
      vertex -23.7 -3.3 0
      vertex -26.7247 -8.68338 0
    endloop
  endfacet
  facet normal 0 0 -1
    outer loop
      vertex -27.4859 -5.84232 0
      vertex -23.7 -3.3 0
      vertex -27.1425 -7.27281 0
    endloop
  endfacet
  facet normal 0 0 -1
    outer loop
      vertex -27.754 -4.39581 0
      vertex -23.7 -3.3 0
      vertex -27.4859 -5.84232 0
    endloop
  endfacet
  facet normal -0 0 -1
    outer loop
      vertex -23.7 -3.3 0
      vertex -27.754 -4.39581 0
      vertex -27.8983 -3.3 0
    endloop
  endfacet
  facet normal 0 0 -1
    outer loop
      vertex -22.7334 16.5168 0
      vertex -23.7 3.3 0
      vertex -23.5666 15.3044 0
    endloop
  endfacet
  facet normal 0 0 -1
    outer loop
      vertex -23.7 3.3 0
      vertex -24.3353 14.05 0
      vertex -23.5666 15.3044 0
    endloop
  endfacet
  facet normal 0 0 -1
    outer loop
      vertex -23.7 3.3 0
      vertex -25.0373 12.7571 0
      vertex -24.3353 14.05 0
    endloop
  endfacet
  facet normal 0 0 -1
    outer loop
      vertex -23.7 3.3 0
      vertex -25.6706 11.4293 0
      vertex -25.0373 12.7571 0
    endloop
  endfacet
  facet normal 0 0 -1
    outer loop
      vertex -23.7 3.3 0
      vertex -26.2336 10.0701 0
      vertex -25.6706 11.4293 0
    endloop
  endfacet
  facet normal 0 0 -1
    outer loop
      vertex -23.7 3.3 0
      vertex -26.7247 8.68338 0
      vertex -26.2336 10.0701 0
    endloop
  endfacet
  facet normal 0 0 -1
    outer loop
      vertex -23.7 3.3 0
      vertex -27.1425 7.27281 0
      vertex -26.7247 8.68338 0
    endloop
  endfacet
  facet normal 0 0 -1
    outer loop
      vertex -23.7 3.3 0
      vertex -27.4859 5.84232 0
      vertex -27.1425 7.27281 0
    endloop
  endfacet
  facet normal 0 0 -1
    outer loop
      vertex -23.7 3.3 0
      vertex -27.754 4.39581 0
      vertex -27.4859 5.84232 0
    endloop
  endfacet
  facet normal 0 -0 -1
    outer loop
      vertex -27.754 4.39581 0
      vertex -23.7 3.3 0
      vertex -27.8983 3.3 0
    endloop
  endfacet
  facet normal -0.760426 0.649424 0
    outer loop
      vertex -21.8378 17.6839 0
      vertex -20.8824 18.8026 25.85
      vertex -20.8824 18.8026 0
    endloop
  endfacet
  facet normal -0.760426 0.649424 0
    outer loop
      vertex -20.8824 18.8026 25.85
      vertex -21.8378 17.6839 0
      vertex -21.8378 17.6839 25.85
    endloop
  endfacet
  facet normal 0.824145 -0.566379 0
    outer loop
      vertex 22.7334 -16.5168 25.85
      vertex 23.5666 -15.3044 0
      vertex 23.5666 -15.3044 25.85
    endloop
  endfacet
  facet normal 0.824145 -0.566379 0
    outer loop
      vertex 23.5666 -15.3044 0
      vertex 22.7334 -16.5168 25.85
      vertex 22.7334 -16.5168 0
    endloop
  endfacet
  facet normal -0.878814 0.477165 0
    outer loop
      vertex -25.0373 12.7571 0
      vertex -24.3353 14.05 25.85
      vertex -24.3353 14.05 0
    endloop
  endfacet
  facet normal -0.878814 0.477165 0
    outer loop
      vertex -24.3353 14.05 25.85
      vertex -25.0373 12.7571 0
      vertex -25.0373 12.7571 25.85
    endloop
  endfacet
  facet normal 0.283997 0.958825 -0
    outer loop
      vertex 8.68338 26.7247 0
      vertex 7.27281 27.1425 25.85
      vertex 8.68338 26.7247 25.85
    endloop
  endfacet
  facet normal 0.283997 0.958825 0
    outer loop
      vertex 7.27281 27.1425 25.85
      vertex 8.68338 26.7247 0
      vertex 7.27281 27.1425 0
    endloop
  endfacet
  facet normal -0.608784 -0.793336 0
    outer loop
      vertex -17.6839 -21.8378 0
      vertex -16.5168 -22.7334 25.85
      vertex -17.6839 -21.8378 25.85
    endloop
  endfacet
  facet normal -0.608784 -0.793336 -0
    outer loop
      vertex -16.5168 -22.7334 25.85
      vertex -17.6839 -21.8378 0
      vertex -16.5168 -22.7334 0
    endloop
  endfacet
  facet normal -0.566379 -0.824145 0
    outer loop
      vertex -16.5168 -22.7334 0
      vertex -15.3044 -23.5666 25.85
      vertex -16.5168 -22.7334 25.85
    endloop
  endfacet
  facet normal -0.566379 -0.824145 -0
    outer loop
      vertex -15.3044 -23.5666 25.85
      vertex -16.5168 -22.7334 0
      vertex -15.3044 -23.5666 0
    endloop
  endfacet
  facet normal -0.902593 -0.430496 0
    outer loop
      vertex -25.0373 -12.7571 0
      vertex -25.6706 -11.4293 5.45
      vertex -25.6706 -11.4293 0
    endloop
  endfacet
  facet normal -0.902593 -0.430496 0
    outer loop
      vertex -25.6706 -11.4293 5.45
      vertex -25.0373 -12.7571 0
      vertex -25.0373 -12.7571 5.45
    endloop
  endfacet
  facet normal -0.902593 -0.430496 0
    outer loop
      vertex -25.0373 -12.7571 12.05
      vertex -25.6706 -11.4293 25.85
      vertex -25.6706 -11.4293 12.05
    endloop
  endfacet
  facet normal -0.902593 -0.430496 0
    outer loop
      vertex -25.6706 -11.4293 25.85
      vertex -25.0373 -12.7571 12.05
      vertex -25.0373 -12.7571 25.85
    endloop
  endfacet
  facet normal -0.972377 0.233417 0
    outer loop
      vertex -40.373 8.58155 25.85
      vertex -39.8686 10.6828 31.15
      vertex -39.8686 10.6828 25.85
    endloop
  endfacet
  facet normal -0.972377 0.233417 0
    outer loop
      vertex -39.8686 10.6828 31.15
      vertex -40.373 8.58155 25.85
      vertex -40.373 8.58155 31.15
    endloop
  endfacet
  facet normal 0.996919 0.0784396 0
    outer loop
      vertex 41.2184 2.16017 31.15
      vertex 41.0489 4.31441 25.85
      vertex 41.0489 4.31441 31.15
    endloop
  endfacet
  facet normal 0.996919 0.0784396 0
    outer loop
      vertex 41.0489 4.31441 25.85
      vertex 41.2184 2.16017 31.15
      vertex 41.2184 2.16017 25.85
    endloop
  endfacet
  facet normal 0.999657 0.0261927 0
    outer loop
      vertex 41.275 0 31.15
      vertex 41.2184 2.16017 25.85
      vertex 41.2184 2.16017 31.15
    endloop
  endfacet
  facet normal 0.999657 0.0261927 0
    outer loop
      vertex 41.2184 2.16017 25.85
      vertex 41.275 0 31.15
      vertex 41.275 0 25.85
    endloop
  endfacet
  facet normal -0.991442 -0.130547 0
    outer loop
      vertex -40.7668 -6.45683 25.85
      vertex -41.0489 -4.31441 31.15
      vertex -41.0489 -4.31441 25.85
    endloop
  endfacet
  facet normal -0.991442 -0.130547 0
    outer loop
      vertex -41.0489 -4.31441 31.15
      vertex -40.7668 -6.45683 25.85
      vertex -40.7668 -6.45683 31.15
    endloop
  endfacet
  facet normal -0.0261927 0.999657 0
    outer loop
      vertex 0 41.275 25.85
      vertex -2.16017 41.2184 31.15
      vertex 0 41.275 31.15
    endloop
  endfacet
  facet normal -0.0261927 0.999657 0
    outer loop
      vertex -2.16017 41.2184 31.15
      vertex 0 41.275 25.85
      vertex -2.16017 41.2184 25.85
    endloop
  endfacet
  facet normal 0.760412 0.649441 0
    outer loop
      vertex 32.0767 25.9752 31.15
      vertex 30.6733 27.6184 25.85
      vertex 30.6733 27.6184 31.15
    endloop
  endfacet
  facet normal 0.760412 0.649441 0
    outer loop
      vertex 30.6733 27.6184 25.85
      vertex 32.0767 25.9752 31.15
      vertex 32.0767 25.9752 25.85
    endloop
  endfacet
  facet normal -0.522503 -0.852637 0
    outer loop
      vertex -22.48 -34.6161 25.85
      vertex -20.6375 -35.7452 31.15
      vertex -22.48 -34.6161 31.15
    endloop
  endfacet
  facet normal -0.522503 -0.852637 -0
    outer loop
      vertex -20.6375 -35.7452 31.15
      vertex -22.48 -34.6161 25.85
      vertex -20.6375 -35.7452 25.85
    endloop
  endfacet
  facet normal 0.902584 0.430514 0
    outer loop
      vertex 37.7066 16.7881 31.15
      vertex 36.7763 18.7385 25.85
      vertex 36.7763 18.7385 31.15
    endloop
  endfacet
  facet normal 0.902584 0.430514 0
    outer loop
      vertex 36.7763 18.7385 25.85
      vertex 37.7066 16.7881 31.15
      vertex 37.7066 16.7881 25.85
    endloop
  endfacet
  facet normal -0.477168 -0.878812 0
    outer loop
      vertex -20.6375 -35.7452 25.85
      vertex -18.7385 -36.7763 31.15
      vertex -20.6375 -35.7452 31.15
    endloop
  endfacet
  facet normal -0.477168 -0.878812 -0
    outer loop
      vertex -18.7385 -36.7763 31.15
      vertex -20.6375 -35.7452 25.85
      vertex -18.7385 -36.7763 25.85
    endloop
  endfacet
  facet normal -0.972377 -0.233417 0
    outer loop
      vertex -39.8686 -10.6828 25.85
      vertex -40.373 -8.58155 31.15
      vertex -40.373 -8.58155 25.85
    endloop
  endfacet
  facet normal -0.972377 -0.233417 0
    outer loop
      vertex -40.373 -8.58155 31.15
      vertex -39.8686 -10.6828 25.85
      vertex -39.8686 -10.6828 31.15
    endloop
  endfacet
  facet normal 0.333846 -0.942628 0
    outer loop
      vertex 12.7547 -39.2549 25.85
      vertex 14.7916 -38.5335 31.15
      vertex 12.7547 -39.2549 31.15
    endloop
  endfacet
  facet normal 0.333846 -0.942628 0
    outer loop
      vertex 14.7916 -38.5335 31.15
      vertex 12.7547 -39.2549 25.85
      vertex 14.7916 -38.5335 25.85
    endloop
  endfacet
  facet normal 0.999657 -0.0261927 0
    outer loop
      vertex 41.2184 -2.16017 31.15
      vertex 41.275 0 25.85
      vertex 41.275 0 31.15
    endloop
  endfacet
  facet normal 0.999657 -0.0261927 0
    outer loop
      vertex 41.275 0 25.85
      vertex 41.2184 -2.16017 31.15
      vertex 41.2184 -2.16017 25.85
    endloop
  endfacet
  facet normal 0.522503 0.852637 -0
    outer loop
      vertex 22.48 34.6161 25.85
      vertex 20.6375 35.7452 31.15
      vertex 22.48 34.6161 31.15
    endloop
  endfacet
  facet normal 0.522503 0.852637 0
    outer loop
      vertex 20.6375 35.7452 31.15
      vertex 22.48 34.6161 25.85
      vertex 20.6375 35.7452 25.85
    endloop
  endfacet
  facet normal 0.852637 -0.522503 0
    outer loop
      vertex 34.6161 -22.48 31.15
      vertex 35.7452 -20.6375 25.85
      vertex 35.7452 -20.6375 31.15
    endloop
  endfacet
  facet normal 0.852637 -0.522503 0
    outer loop
      vertex 35.7452 -20.6375 25.85
      vertex 34.6161 -22.48 31.15
      vertex 34.6161 -22.48 25.85
    endloop
  endfacet
  facet normal 0.996919 -0.0784396 0
    outer loop
      vertex 41.0489 -4.31441 31.15
      vertex 41.2184 -2.16017 25.85
      vertex 41.2184 -2.16017 31.15
    endloop
  endfacet
  facet normal 0.996919 -0.0784396 0
    outer loop
      vertex 41.2184 -2.16017 25.85
      vertex 41.0489 -4.31441 31.15
      vertex 41.0489 -4.31441 25.85
    endloop
  endfacet
  facet normal -0.824128 -0.566403 0
    outer loop
      vertex -33.3922 -24.2608 25.85
      vertex -34.6161 -22.48 31.15
      vertex -34.6161 -22.48 25.85
    endloop
  endfacet
  facet normal -0.824128 -0.566403 0
    outer loop
      vertex -34.6161 -22.48 31.15
      vertex -33.3922 -24.2608 25.85
      vertex -33.3922 -24.2608 31.15
    endloop
  endfacet
  facet normal -0.60876 0.793355 0
    outer loop
      vertex -24.2608 33.3922 25.85
      vertex -25.9752 32.0767 31.15
      vertex -24.2608 33.3922 31.15
    endloop
  endfacet
  facet normal -0.60876 0.793355 0
    outer loop
      vertex -25.9752 32.0767 31.15
      vertex -24.2608 33.3922 25.85
      vertex -25.9752 32.0767 25.85
    endloop
  endfacet
  facet normal -0.382653 0.923892 0
    outer loop
      vertex -14.7916 38.5335 25.85
      vertex -16.7881 37.7066 31.15
      vertex -14.7916 38.5335 31.15
    endloop
  endfacet
  facet normal -0.382653 0.923892 0
    outer loop
      vertex -16.7881 37.7066 31.15
      vertex -14.7916 38.5335 25.85
      vertex -16.7881 37.7066 25.85
    endloop
  endfacet
  facet normal 0.284005 -0.958823 0
    outer loop
      vertex 10.6828 -39.8686 25.85
      vertex 12.7547 -39.2549 31.15
      vertex 10.6828 -39.8686 31.15
    endloop
  endfacet
  facet normal 0.284005 -0.958823 0
    outer loop
      vertex 12.7547 -39.2549 31.15
      vertex 10.6828 -39.8686 25.85
      vertex 12.7547 -39.2549 25.85
    endloop
  endfacet
  facet normal -0.999657 0.0261927 0
    outer loop
      vertex -41.275 0 25.85
      vertex -41.2184 2.16017 31.15
      vertex -41.2184 2.16017 25.85
    endloop
  endfacet
  facet normal -0.999657 0.0261927 0
    outer loop
      vertex -41.2184 2.16017 31.15
      vertex -41.275 0 25.85
      vertex -41.275 0 31.15
    endloop
  endfacet
  facet normal 0.522503 -0.852637 0
    outer loop
      vertex 20.6375 -35.7452 25.85
      vertex 22.48 -34.6161 31.15
      vertex 20.6375 -35.7452 31.15
    endloop
  endfacet
  facet normal 0.522503 -0.852637 0
    outer loop
      vertex 22.48 -34.6161 31.15
      vertex 20.6375 -35.7452 25.85
      vertex 22.48 -34.6161 25.85
    endloop
  endfacet
  facet normal 0.793355 -0.60876 0
    outer loop
      vertex 32.0767 -25.9752 31.15
      vertex 33.3922 -24.2608 25.85
      vertex 33.3922 -24.2608 31.15
    endloop
  endfacet
  facet normal 0.793355 -0.60876 0
    outer loop
      vertex 33.3922 -24.2608 25.85
      vertex 32.0767 -25.9752 31.15
      vertex 32.0767 -25.9752 25.85
    endloop
  endfacet
  facet normal -0.566403 -0.824128 0
    outer loop
      vertex -24.2608 -33.3922 25.85
      vertex -22.48 -34.6161 31.15
      vertex -24.2608 -33.3922 31.15
    endloop
  endfacet
  facet normal -0.566403 -0.824128 -0
    outer loop
      vertex -22.48 -34.6161 31.15
      vertex -24.2608 -33.3922 25.85
      vertex -22.48 -34.6161 25.85
    endloop
  endfacet
  facet normal -0.130547 0.991442 0
    outer loop
      vertex -4.31441 41.0489 25.85
      vertex -6.45683 40.7668 31.15
      vertex -4.31441 41.0489 31.15
    endloop
  endfacet
  facet normal -0.130547 0.991442 0
    outer loop
      vertex -6.45683 40.7668 31.15
      vertex -4.31441 41.0489 25.85
      vertex -6.45683 40.7668 25.85
    endloop
  endfacet
  facet normal 0.991442 -0.130547 0
    outer loop
      vertex 40.7668 -6.45683 31.15
      vertex 41.0489 -4.31441 25.85
      vertex 41.0489 -4.31441 31.15
    endloop
  endfacet
  facet normal 0.991442 -0.130547 0
    outer loop
      vertex 41.0489 -4.31441 25.85
      vertex 40.7668 -6.45683 31.15
      vertex 40.7668 -6.45683 25.85
    endloop
  endfacet
  facet normal 0.793355 0.60876 0
    outer loop
      vertex 33.3922 24.2608 31.15
      vertex 32.0767 25.9752 25.85
      vertex 32.0767 25.9752 31.15
    endloop
  endfacet
  facet normal 0.793355 0.60876 0
    outer loop
      vertex 32.0767 25.9752 25.85
      vertex 33.3922 24.2608 31.15
      vertex 33.3922 24.2608 25.85
    endloop
  endfacet
  facet normal -0.182238 0.983254 0
    outer loop
      vertex -6.45683 40.7668 25.85
      vertex -8.58155 40.373 31.15
      vertex -6.45683 40.7668 31.15
    endloop
  endfacet
  facet normal -0.182238 0.983254 0
    outer loop
      vertex -8.58155 40.373 31.15
      vertex -6.45683 40.7668 25.85
      vertex -8.58155 40.373 25.85
    endloop
  endfacet
  facet normal -0.430514 0.902584 0
    outer loop
      vertex -16.7881 37.7066 25.85
      vertex -18.7385 36.7763 31.15
      vertex -16.7881 37.7066 31.15
    endloop
  endfacet
  facet normal -0.430514 0.902584 0
    outer loop
      vertex -18.7385 36.7763 31.15
      vertex -16.7881 37.7066 25.85
      vertex -18.7385 36.7763 25.85
    endloop
  endfacet
  facet normal 0.477168 0.878812 -0
    outer loop
      vertex 20.6375 35.7452 25.85
      vertex 18.7385 36.7763 31.15
      vertex 20.6375 35.7452 31.15
    endloop
  endfacet
  facet normal 0.477168 0.878812 0
    outer loop
      vertex 18.7385 36.7763 31.15
      vertex 20.6375 35.7452 25.85
      vertex 18.7385 36.7763 25.85
    endloop
  endfacet
  facet normal 0.0784396 0.996919 -0
    outer loop
      vertex 4.31441 41.0489 25.85
      vertex 2.16017 41.2184 31.15
      vertex 4.31441 41.0489 31.15
    endloop
  endfacet
  facet normal 0.0784396 0.996919 0
    outer loop
      vertex 2.16017 41.2184 31.15
      vertex 4.31441 41.0489 25.85
      vertex 2.16017 41.2184 25.85
    endloop
  endfacet
  facet normal 0.233417 -0.972377 0
    outer loop
      vertex 8.58155 -40.373 25.85
      vertex 10.6828 -39.8686 31.15
      vertex 8.58155 -40.373 31.15
    endloop
  endfacet
  facet normal 0.233417 -0.972377 0
    outer loop
      vertex 10.6828 -39.8686 31.15
      vertex 8.58155 -40.373 25.85
      vertex 10.6828 -39.8686 25.85
    endloop
  endfacet
  facet normal -0.983254 -0.182238 0
    outer loop
      vertex -40.373 -8.58155 25.85
      vertex -40.7668 -6.45683 31.15
      vertex -40.7668 -6.45683 25.85
    endloop
  endfacet
  facet normal -0.983254 -0.182238 0
    outer loop
      vertex -40.7668 -6.45683 31.15
      vertex -40.373 -8.58155 25.85
      vertex -40.373 -8.58155 31.15
    endloop
  endfacet
  facet normal 0.958823 -0.284005 0
    outer loop
      vertex 39.2549 -12.7547 31.15
      vertex 39.8686 -10.6828 25.85
      vertex 39.8686 -10.6828 31.15
    endloop
  endfacet
  facet normal 0.958823 -0.284005 0
    outer loop
      vertex 39.8686 -10.6828 25.85
      vertex 39.2549 -12.7547 31.15
      vertex 39.2549 -12.7547 25.85
    endloop
  endfacet
  facet normal 0.972377 -0.233417 0
    outer loop
      vertex 39.8686 -10.6828 31.15
      vertex 40.373 -8.58155 25.85
      vertex 40.373 -8.58155 31.15
    endloop
  endfacet
  facet normal 0.972377 -0.233417 0
    outer loop
      vertex 40.373 -8.58155 25.85
      vertex 39.8686 -10.6828 31.15
      vertex 39.8686 -10.6828 25.85
    endloop
  endfacet
  facet normal -0.983254 0.182238 0
    outer loop
      vertex -40.7668 6.45683 25.85
      vertex -40.373 8.58155 31.15
      vertex -40.373 8.58155 25.85
    endloop
  endfacet
  facet normal -0.983254 0.182238 0
    outer loop
      vertex -40.373 8.58155 31.15
      vertex -40.7668 6.45683 25.85
      vertex -40.7668 6.45683 31.15
    endloop
  endfacet
  facet normal 0.972377 0.233417 0
    outer loop
      vertex 40.373 8.58155 31.15
      vertex 39.8686 10.6828 25.85
      vertex 39.8686 10.6828 31.15
    endloop
  endfacet
  facet normal 0.972377 0.233417 0
    outer loop
      vertex 39.8686 10.6828 25.85
      vertex 40.373 8.58155 31.15
      vertex 40.373 8.58155 25.85
    endloop
  endfacet
  facet normal -0.688377 0.725353 0
    outer loop
      vertex -27.6184 30.6733 25.85
      vertex -29.1858 29.1858 31.15
      vertex -27.6184 30.6733 31.15
    endloop
  endfacet
  facet normal -0.688377 0.725353 0
    outer loop
      vertex -29.1858 29.1858 31.15
      vertex -27.6184 30.6733 25.85
      vertex -29.1858 29.1858 25.85
    endloop
  endfacet
  facet normal -0.649441 0.760412 0
    outer loop
      vertex -25.9752 32.0767 25.85
      vertex -27.6184 30.6733 31.15
      vertex -25.9752 32.0767 31.15
    endloop
  endfacet
  facet normal -0.649441 0.760412 0
    outer loop
      vertex -27.6184 30.6733 31.15
      vertex -25.9752 32.0767 25.85
      vertex -27.6184 30.6733 25.85
    endloop
  endfacet
  facet normal 0.0261927 0.999657 -0
    outer loop
      vertex 2.16017 41.2184 25.85
      vertex 0 41.275 31.15
      vertex 2.16017 41.2184 31.15
    endloop
  endfacet
  facet normal 0.0261927 0.999657 0
    outer loop
      vertex 0 41.275 31.15
      vertex 2.16017 41.2184 25.85
      vertex 0 41.275 25.85
    endloop
  endfacet
  facet normal 0.725353 -0.688377 0
    outer loop
      vertex 29.1858 -29.1858 31.15
      vertex 30.6733 -27.6184 25.85
      vertex 30.6733 -27.6184 31.15
    endloop
  endfacet
  facet normal 0.725353 -0.688377 0
    outer loop
      vertex 30.6733 -27.6184 25.85
      vertex 29.1858 -29.1858 31.15
      vertex 29.1858 -29.1858 25.85
    endloop
  endfacet
  facet normal 0.760412 -0.649441 0
    outer loop
      vertex 30.6733 -27.6184 31.15
      vertex 32.0767 -25.9752 25.85
      vertex 32.0767 -25.9752 31.15
    endloop
  endfacet
  facet normal 0.760412 -0.649441 0
    outer loop
      vertex 32.0767 -25.9752 25.85
      vertex 30.6733 -27.6184 31.15
      vertex 30.6733 -27.6184 25.85
    endloop
  endfacet
  facet normal -0.130547 -0.991442 0
    outer loop
      vertex -6.45683 -40.7668 25.85
      vertex -4.31441 -41.0489 31.15
      vertex -6.45683 -40.7668 31.15
    endloop
  endfacet
  facet normal -0.130547 -0.991442 -0
    outer loop
      vertex -4.31441 -41.0489 31.15
      vertex -6.45683 -40.7668 25.85
      vertex -4.31441 -41.0489 25.85
    endloop
  endfacet
  facet normal 0.725353 0.688377 0
    outer loop
      vertex 30.6733 27.6184 31.15
      vertex 29.1858 29.1858 25.85
      vertex 29.1858 29.1858 31.15
    endloop
  endfacet
  facet normal 0.725353 0.688377 0
    outer loop
      vertex 29.1858 29.1858 25.85
      vertex 30.6733 27.6184 31.15
      vertex 30.6733 27.6184 25.85
    endloop
  endfacet
  facet normal 0.878812 0.477168 0
    outer loop
      vertex 36.7763 18.7385 31.15
      vertex 35.7452 20.6375 25.85
      vertex 35.7452 20.6375 31.15
    endloop
  endfacet
  facet normal 0.878812 0.477168 0
    outer loop
      vertex 35.7452 20.6375 25.85
      vertex 36.7763 18.7385 31.15
      vertex 36.7763 18.7385 25.85
    endloop
  endfacet
  facet normal 0.130547 0.991442 -0
    outer loop
      vertex 6.45683 40.7668 25.85
      vertex 4.31441 41.0489 31.15
      vertex 6.45683 40.7668 31.15
    endloop
  endfacet
  facet normal 0.130547 0.991442 0
    outer loop
      vertex 4.31441 41.0489 31.15
      vertex 6.45683 40.7668 25.85
      vertex 4.31441 41.0489 25.85
    endloop
  endfacet
  facet normal 0.958823 0.284005 0
    outer loop
      vertex 39.8686 10.6828 31.15
      vertex 39.2549 12.7547 25.85
      vertex 39.2549 12.7547 31.15
    endloop
  endfacet
  facet normal 0.958823 0.284005 0
    outer loop
      vertex 39.2549 12.7547 25.85
      vertex 39.8686 10.6828 31.15
      vertex 39.8686 10.6828 25.85
    endloop
  endfacet
  facet normal 0.382653 0.923892 -0
    outer loop
      vertex 16.7881 37.7066 25.85
      vertex 14.7916 38.5335 31.15
      vertex 16.7881 37.7066 31.15
    endloop
  endfacet
  facet normal 0.382653 0.923892 0
    outer loop
      vertex 14.7916 38.5335 31.15
      vertex 16.7881 37.7066 25.85
      vertex 14.7916 38.5335 25.85
    endloop
  endfacet
  facet normal -0.566403 0.824128 0
    outer loop
      vertex -22.48 34.6161 25.85
      vertex -24.2608 33.3922 31.15
      vertex -22.48 34.6161 31.15
    endloop
  endfacet
  facet normal -0.566403 0.824128 0
    outer loop
      vertex -24.2608 33.3922 31.15
      vertex -22.48 34.6161 25.85
      vertex -24.2608 33.3922 25.85
    endloop
  endfacet
  facet normal -0.477168 0.878812 0
    outer loop
      vertex -18.7385 36.7763 25.85
      vertex -20.6375 35.7452 31.15
      vertex -18.7385 36.7763 31.15
    endloop
  endfacet
  facet normal -0.477168 0.878812 0
    outer loop
      vertex -20.6375 35.7452 31.15
      vertex -18.7385 36.7763 25.85
      vertex -20.6375 35.7452 25.85
    endloop
  endfacet
  facet normal -0.852637 -0.522503 0
    outer loop
      vertex -34.6161 -22.48 25.85
      vertex -35.7452 -20.6375 31.15
      vertex -35.7452 -20.6375 25.85
    endloop
  endfacet
  facet normal -0.852637 -0.522503 0
    outer loop
      vertex -35.7452 -20.6375 31.15
      vertex -34.6161 -22.48 25.85
      vertex -34.6161 -22.48 31.15
    endloop
  endfacet
  facet normal 0.983254 0.182238 0
    outer loop
      vertex 40.7668 6.45683 31.15
      vertex 40.373 8.58155 25.85
      vertex 40.373 8.58155 31.15
    endloop
  endfacet
  facet normal 0.983254 0.182238 0
    outer loop
      vertex 40.373 8.58155 25.85
      vertex 40.7668 6.45683 31.15
      vertex 40.7668 6.45683 25.85
    endloop
  endfacet
  facet normal 0.824128 0.566403 0
    outer loop
      vertex 34.6161 22.48 31.15
      vertex 33.3922 24.2608 25.85
      vertex 33.3922 24.2608 31.15
    endloop
  endfacet
  facet normal 0.824128 0.566403 0
    outer loop
      vertex 33.3922 24.2608 25.85
      vertex 34.6161 22.48 31.15
      vertex 34.6161 22.48 25.85
    endloop
  endfacet
  facet normal -0.725353 -0.688377 0
    outer loop
      vertex -29.1858 -29.1858 25.85
      vertex -30.6733 -27.6184 31.15
      vertex -30.6733 -27.6184 25.85
    endloop
  endfacet
  facet normal -0.725353 -0.688377 0
    outer loop
      vertex -30.6733 -27.6184 31.15
      vertex -29.1858 -29.1858 25.85
      vertex -29.1858 -29.1858 31.15
    endloop
  endfacet
  facet normal -0.233417 -0.972377 0
    outer loop
      vertex -10.6828 -39.8686 25.85
      vertex -8.58155 -40.373 31.15
      vertex -10.6828 -39.8686 31.15
    endloop
  endfacet
  facet normal -0.233417 -0.972377 -0
    outer loop
      vertex -8.58155 -40.373 31.15
      vertex -10.6828 -39.8686 25.85
      vertex -8.58155 -40.373 25.85
    endloop
  endfacet
  facet normal -0.333846 0.942628 0
    outer loop
      vertex -12.7547 39.2549 25.85
      vertex -14.7916 38.5335 31.15
      vertex -12.7547 39.2549 31.15
    endloop
  endfacet
  facet normal -0.333846 0.942628 0
    outer loop
      vertex -14.7916 38.5335 31.15
      vertex -12.7547 39.2549 25.85
      vertex -14.7916 38.5335 25.85
    endloop
  endfacet
  facet normal 0.382653 -0.923892 0
    outer loop
      vertex 14.7916 -38.5335 25.85
      vertex 16.7881 -37.7066 31.15
      vertex 14.7916 -38.5335 31.15
    endloop
  endfacet
  facet normal 0.382653 -0.923892 0
    outer loop
      vertex 16.7881 -37.7066 31.15
      vertex 14.7916 -38.5335 25.85
      vertex 16.7881 -37.7066 25.85
    endloop
  endfacet
  facet normal 0.233417 0.972377 -0
    outer loop
      vertex 10.6828 39.8686 25.85
      vertex 8.58155 40.373 31.15
      vertex 10.6828 39.8686 31.15
    endloop
  endfacet
  facet normal 0.233417 0.972377 0
    outer loop
      vertex 8.58155 40.373 31.15
      vertex 10.6828 39.8686 25.85
      vertex 8.58155 40.373 25.85
    endloop
  endfacet
  facet normal -0.996919 -0.0784396 0
    outer loop
      vertex -41.0489 -4.31441 25.85
      vertex -41.2184 -2.16017 31.15
      vertex -41.2184 -2.16017 25.85
    endloop
  endfacet
  facet normal -0.996919 -0.0784396 0
    outer loop
      vertex -41.2184 -2.16017 31.15
      vertex -41.0489 -4.31441 25.85
      vertex -41.0489 -4.31441 31.15
    endloop
  endfacet
  facet normal 0.0784396 -0.996919 0
    outer loop
      vertex 2.16017 -41.2184 25.85
      vertex 4.31441 -41.0489 31.15
      vertex 2.16017 -41.2184 31.15
    endloop
  endfacet
  facet normal 0.0784396 -0.996919 0
    outer loop
      vertex 4.31441 -41.0489 31.15
      vertex 2.16017 -41.2184 25.85
      vertex 4.31441 -41.0489 25.85
    endloop
  endfacet
  facet normal -0.999657 -0.0261927 0
    outer loop
      vertex -41.2184 -2.16017 25.85
      vertex -41.275 0 31.15
      vertex -41.275 0 25.85
    endloop
  endfacet
  facet normal -0.999657 -0.0261927 0
    outer loop
      vertex -41.275 0 31.15
      vertex -41.2184 -2.16017 25.85
      vertex -41.2184 -2.16017 31.15
    endloop
  endfacet
  facet normal 0.566403 -0.824128 0
    outer loop
      vertex 22.48 -34.6161 25.85
      vertex 24.2608 -33.3922 31.15
      vertex 22.48 -34.6161 31.15
    endloop
  endfacet
  facet normal 0.566403 -0.824128 0
    outer loop
      vertex 24.2608 -33.3922 31.15
      vertex 22.48 -34.6161 25.85
      vertex 24.2608 -33.3922 25.85
    endloop
  endfacet
  facet normal 0.566403 0.824128 -0
    outer loop
      vertex 24.2608 33.3922 25.85
      vertex 22.48 34.6161 31.15
      vertex 24.2608 33.3922 31.15
    endloop
  endfacet
  facet normal 0.566403 0.824128 0
    outer loop
      vertex 22.48 34.6161 31.15
      vertex 24.2608 33.3922 25.85
      vertex 22.48 34.6161 25.85
    endloop
  endfacet
  facet normal 0.991442 0.130547 0
    outer loop
      vertex 41.0489 4.31441 31.15
      vertex 40.7668 6.45683 25.85
      vertex 40.7668 6.45683 31.15
    endloop
  endfacet
  facet normal 0.991442 0.130547 0
    outer loop
      vertex 40.7668 6.45683 25.85
      vertex 41.0489 4.31441 31.15
      vertex 41.0489 4.31441 25.85
    endloop
  endfacet
  facet normal -0.902584 0.430514 0
    outer loop
      vertex -37.7066 16.7881 25.85
      vertex -36.7763 18.7385 31.15
      vertex -36.7763 18.7385 25.85
    endloop
  endfacet
  facet normal -0.902584 0.430514 0
    outer loop
      vertex -36.7763 18.7385 31.15
      vertex -37.7066 16.7881 25.85
      vertex -37.7066 16.7881 31.15
    endloop
  endfacet
  facet normal -0.958823 0.284005 0
    outer loop
      vertex -39.8686 10.6828 25.85
      vertex -39.2549 12.7547 31.15
      vertex -39.2549 12.7547 25.85
    endloop
  endfacet
  facet normal -0.958823 0.284005 0
    outer loop
      vertex -39.2549 12.7547 31.15
      vertex -39.8686 10.6828 25.85
      vertex -39.8686 10.6828 31.15
    endloop
  endfacet
  facet normal 0.0261927 -0.999657 0
    outer loop
      vertex 0 -41.275 25.85
      vertex 2.16017 -41.2184 31.15
      vertex 0 -41.275 31.15
    endloop
  endfacet
  facet normal 0.0261927 -0.999657 0
    outer loop
      vertex 2.16017 -41.2184 31.15
      vertex 0 -41.275 25.85
      vertex 2.16017 -41.2184 25.85
    endloop
  endfacet
  facet normal -0.382653 -0.923892 0
    outer loop
      vertex -16.7881 -37.7066 25.85
      vertex -14.7916 -38.5335 31.15
      vertex -16.7881 -37.7066 31.15
    endloop
  endfacet
  facet normal -0.382653 -0.923892 -0
    outer loop
      vertex -14.7916 -38.5335 31.15
      vertex -16.7881 -37.7066 25.85
      vertex -14.7916 -38.5335 25.85
    endloop
  endfacet
  facet normal -0.991442 0.130547 0
    outer loop
      vertex -41.0489 4.31441 25.85
      vertex -40.7668 6.45683 31.15
      vertex -40.7668 6.45683 25.85
    endloop
  endfacet
  facet normal -0.991442 0.130547 0
    outer loop
      vertex -40.7668 6.45683 31.15
      vertex -41.0489 4.31441 25.85
      vertex -41.0489 4.31441 31.15
    endloop
  endfacet
  facet normal 0.333846 0.942628 -0
    outer loop
      vertex 14.7916 38.5335 25.85
      vertex 12.7547 39.2549 31.15
      vertex 14.7916 38.5335 31.15
    endloop
  endfacet
  facet normal 0.333846 0.942628 0
    outer loop
      vertex 12.7547 39.2549 31.15
      vertex 14.7916 38.5335 25.85
      vertex 12.7547 39.2549 25.85
    endloop
  endfacet
  facet normal -0.233417 0.972377 0
    outer loop
      vertex -8.58155 40.373 25.85
      vertex -10.6828 39.8686 31.15
      vertex -8.58155 40.373 31.15
    endloop
  endfacet
  facet normal -0.233417 0.972377 0
    outer loop
      vertex -10.6828 39.8686 31.15
      vertex -8.58155 40.373 25.85
      vertex -10.6828 39.8686 25.85
    endloop
  endfacet
  facet normal 0.649441 -0.760412 0
    outer loop
      vertex 25.9752 -32.0767 25.85
      vertex 27.6184 -30.6733 31.15
      vertex 25.9752 -32.0767 31.15
    endloop
  endfacet
  facet normal 0.649441 -0.760412 0
    outer loop
      vertex 27.6184 -30.6733 31.15
      vertex 25.9752 -32.0767 25.85
      vertex 27.6184 -30.6733 25.85
    endloop
  endfacet
  facet normal 0.649441 0.760412 -0
    outer loop
      vertex 27.6184 30.6733 25.85
      vertex 25.9752 32.0767 31.15
      vertex 27.6184 30.6733 31.15
    endloop
  endfacet
  facet normal 0.649441 0.760412 0
    outer loop
      vertex 25.9752 32.0767 31.15
      vertex 27.6184 30.6733 25.85
      vertex 25.9752 32.0767 25.85
    endloop
  endfacet
  facet normal -0.649441 -0.760412 0
    outer loop
      vertex -27.6184 -30.6733 25.85
      vertex -25.9752 -32.0767 31.15
      vertex -27.6184 -30.6733 31.15
    endloop
  endfacet
  facet normal -0.649441 -0.760412 -0
    outer loop
      vertex -25.9752 -32.0767 31.15
      vertex -27.6184 -30.6733 25.85
      vertex -25.9752 -32.0767 25.85
    endloop
  endfacet
  facet normal 0.688377 -0.725353 0
    outer loop
      vertex 27.6184 -30.6733 25.85
      vertex 29.1858 -29.1858 31.15
      vertex 27.6184 -30.6733 31.15
    endloop
  endfacet
  facet normal 0.688377 -0.725353 0
    outer loop
      vertex 29.1858 -29.1858 31.15
      vertex 27.6184 -30.6733 25.85
      vertex 29.1858 -29.1858 25.85
    endloop
  endfacet
  facet normal -0.958823 -0.284005 0
    outer loop
      vertex -39.2549 -12.7547 25.85
      vertex -39.8686 -10.6828 31.15
      vertex -39.8686 -10.6828 25.85
    endloop
  endfacet
  facet normal -0.958823 -0.284005 0
    outer loop
      vertex -39.8686 -10.6828 31.15
      vertex -39.2549 -12.7547 25.85
      vertex -39.2549 -12.7547 31.15
    endloop
  endfacet
  facet normal -0.923892 0.382653 0
    outer loop
      vertex -38.5335 14.7916 25.85
      vertex -37.7066 16.7881 31.15
      vertex -37.7066 16.7881 25.85
    endloop
  endfacet
  facet normal -0.923892 0.382653 0
    outer loop
      vertex -37.7066 16.7881 31.15
      vertex -38.5335 14.7916 25.85
      vertex -38.5335 14.7916 31.15
    endloop
  endfacet
  facet normal -0.824128 0.566403 0
    outer loop
      vertex -34.6161 22.48 25.85
      vertex -33.3922 24.2608 31.15
      vertex -33.3922 24.2608 25.85
    endloop
  endfacet
  facet normal -0.824128 0.566403 0
    outer loop
      vertex -33.3922 24.2608 31.15
      vertex -34.6161 22.48 25.85
      vertex -34.6161 22.48 31.15
    endloop
  endfacet
  facet normal -0.522503 0.852637 0
    outer loop
      vertex -20.6375 35.7452 25.85
      vertex -22.48 34.6161 31.15
      vertex -20.6375 35.7452 31.15
    endloop
  endfacet
  facet normal -0.522503 0.852637 0
    outer loop
      vertex -22.48 34.6161 31.15
      vertex -20.6375 35.7452 25.85
      vertex -22.48 34.6161 25.85
    endloop
  endfacet
  facet normal -0.760412 -0.649441 0
    outer loop
      vertex -30.6733 -27.6184 25.85
      vertex -32.0767 -25.9752 31.15
      vertex -32.0767 -25.9752 25.85
    endloop
  endfacet
  facet normal -0.760412 -0.649441 0
    outer loop
      vertex -32.0767 -25.9752 31.15
      vertex -30.6733 -27.6184 25.85
      vertex -30.6733 -27.6184 31.15
    endloop
  endfacet
  facet normal 0.430514 0.902584 -0
    outer loop
      vertex 18.7385 36.7763 25.85
      vertex 16.7881 37.7066 31.15
      vertex 18.7385 36.7763 31.15
    endloop
  endfacet
  facet normal 0.430514 0.902584 0
    outer loop
      vertex 16.7881 37.7066 31.15
      vertex 18.7385 36.7763 25.85
      vertex 16.7881 37.7066 25.85
    endloop
  endfacet
  facet normal 0.852637 0.522503 0
    outer loop
      vertex 35.7452 20.6375 31.15
      vertex 34.6161 22.48 25.85
      vertex 34.6161 22.48 31.15
    endloop
  endfacet
  facet normal 0.852637 0.522503 0
    outer loop
      vertex 34.6161 22.48 25.85
      vertex 35.7452 20.6375 31.15
      vertex 35.7452 20.6375 25.85
    endloop
  endfacet
  facet normal 0.60876 0.793355 -0
    outer loop
      vertex 25.9752 32.0767 25.85
      vertex 24.2608 33.3922 31.15
      vertex 25.9752 32.0767 31.15
    endloop
  endfacet
  facet normal 0.60876 0.793355 0
    outer loop
      vertex 24.2608 33.3922 31.15
      vertex 25.9752 32.0767 25.85
      vertex 24.2608 33.3922 25.85
    endloop
  endfacet
  facet normal -0.923892 -0.382653 0
    outer loop
      vertex -37.7066 -16.7881 25.85
      vertex -38.5335 -14.7916 31.15
      vertex -38.5335 -14.7916 25.85
    endloop
  endfacet
  facet normal -0.923892 -0.382653 0
    outer loop
      vertex -38.5335 -14.7916 31.15
      vertex -37.7066 -16.7881 25.85
      vertex -37.7066 -16.7881 31.15
    endloop
  endfacet
  facet normal 0.824128 -0.566403 0
    outer loop
      vertex 33.3922 -24.2608 31.15
      vertex 34.6161 -22.48 25.85
      vertex 34.6161 -22.48 31.15
    endloop
  endfacet
  facet normal 0.824128 -0.566403 0
    outer loop
      vertex 34.6161 -22.48 25.85
      vertex 33.3922 -24.2608 31.15
      vertex 33.3922 -24.2608 25.85
    endloop
  endfacet
  facet normal 0.430514 -0.902584 0
    outer loop
      vertex 16.7881 -37.7066 25.85
      vertex 18.7385 -36.7763 31.15
      vertex 16.7881 -37.7066 31.15
    endloop
  endfacet
  facet normal 0.430514 -0.902584 0
    outer loop
      vertex 18.7385 -36.7763 31.15
      vertex 16.7881 -37.7066 25.85
      vertex 18.7385 -36.7763 25.85
    endloop
  endfacet
  facet normal -0.793355 -0.60876 0
    outer loop
      vertex -32.0767 -25.9752 25.85
      vertex -33.3922 -24.2608 31.15
      vertex -33.3922 -24.2608 25.85
    endloop
  endfacet
  facet normal -0.793355 -0.60876 0
    outer loop
      vertex -33.3922 -24.2608 31.15
      vertex -32.0767 -25.9752 25.85
      vertex -32.0767 -25.9752 31.15
    endloop
  endfacet
  facet normal 0.878812 -0.477168 0
    outer loop
      vertex 35.7452 -20.6375 31.15
      vertex 36.7763 -18.7385 25.85
      vertex 36.7763 -18.7385 31.15
    endloop
  endfacet
  facet normal 0.878812 -0.477168 0
    outer loop
      vertex 36.7763 -18.7385 25.85
      vertex 35.7452 -20.6375 31.15
      vertex 35.7452 -20.6375 25.85
    endloop
  endfacet
  facet normal -0.284005 -0.958823 0
    outer loop
      vertex -12.7547 -39.2549 25.85
      vertex -10.6828 -39.8686 31.15
      vertex -12.7547 -39.2549 31.15
    endloop
  endfacet
  facet normal -0.284005 -0.958823 -0
    outer loop
      vertex -10.6828 -39.8686 31.15
      vertex -12.7547 -39.2549 25.85
      vertex -10.6828 -39.8686 25.85
    endloop
  endfacet
  facet normal -0.0784396 0.996919 0
    outer loop
      vertex -2.16017 41.2184 25.85
      vertex -4.31441 41.0489 31.15
      vertex -2.16017 41.2184 31.15
    endloop
  endfacet
  facet normal -0.0784396 0.996919 0
    outer loop
      vertex -4.31441 41.0489 31.15
      vertex -2.16017 41.2184 25.85
      vertex -4.31441 41.0489 25.85
    endloop
  endfacet
  facet normal 0.477168 -0.878812 0
    outer loop
      vertex 18.7385 -36.7763 25.85
      vertex 20.6375 -35.7452 31.15
      vertex 18.7385 -36.7763 31.15
    endloop
  endfacet
  facet normal 0.477168 -0.878812 0
    outer loop
      vertex 20.6375 -35.7452 31.15
      vertex 18.7385 -36.7763 25.85
      vertex 20.6375 -35.7452 25.85
    endloop
  endfacet
  facet normal -0.725353 0.688377 0
    outer loop
      vertex -30.6733 27.6184 25.85
      vertex -29.1858 29.1858 31.15
      vertex -29.1858 29.1858 25.85
    endloop
  endfacet
  facet normal -0.725353 0.688377 0
    outer loop
      vertex -29.1858 29.1858 31.15
      vertex -30.6733 27.6184 25.85
      vertex -30.6733 27.6184 31.15
    endloop
  endfacet
  facet normal -0.60876 -0.793355 0
    outer loop
      vertex -25.9752 -32.0767 25.85
      vertex -24.2608 -33.3922 31.15
      vertex -25.9752 -32.0767 31.15
    endloop
  endfacet
  facet normal -0.60876 -0.793355 -0
    outer loop
      vertex -24.2608 -33.3922 31.15
      vertex -25.9752 -32.0767 25.85
      vertex -24.2608 -33.3922 25.85
    endloop
  endfacet
  facet normal 0.130547 -0.991442 0
    outer loop
      vertex 4.31441 -41.0489 25.85
      vertex 6.45683 -40.7668 31.15
      vertex 4.31441 -41.0489 31.15
    endloop
  endfacet
  facet normal 0.130547 -0.991442 0
    outer loop
      vertex 6.45683 -40.7668 31.15
      vertex 4.31441 -41.0489 25.85
      vertex 6.45683 -40.7668 25.85
    endloop
  endfacet
  facet normal 0.182238 -0.983254 0
    outer loop
      vertex 6.45683 -40.7668 25.85
      vertex 8.58155 -40.373 31.15
      vertex 6.45683 -40.7668 31.15
    endloop
  endfacet
  facet normal 0.182238 -0.983254 0
    outer loop
      vertex 8.58155 -40.373 31.15
      vertex 6.45683 -40.7668 25.85
      vertex 8.58155 -40.373 25.85
    endloop
  endfacet
  facet normal 0.284005 0.958823 -0
    outer loop
      vertex 12.7547 39.2549 25.85
      vertex 10.6828 39.8686 31.15
      vertex 12.7547 39.2549 31.15
    endloop
  endfacet
  facet normal 0.284005 0.958823 0
    outer loop
      vertex 10.6828 39.8686 31.15
      vertex 12.7547 39.2549 25.85
      vertex 10.6828 39.8686 25.85
    endloop
  endfacet
  facet normal 0.942628 -0.333846 0
    outer loop
      vertex 38.5335 -14.7916 31.15
      vertex 39.2549 -12.7547 25.85
      vertex 39.2549 -12.7547 31.15
    endloop
  endfacet
  facet normal 0.942628 -0.333846 0
    outer loop
      vertex 39.2549 -12.7547 25.85
      vertex 38.5335 -14.7916 31.15
      vertex 38.5335 -14.7916 25.85
    endloop
  endfacet
  facet normal -0.942628 -0.333846 0
    outer loop
      vertex -38.5335 -14.7916 25.85
      vertex -39.2549 -12.7547 31.15
      vertex -39.2549 -12.7547 25.85
    endloop
  endfacet
  facet normal -0.942628 -0.333846 0
    outer loop
      vertex -39.2549 -12.7547 31.15
      vertex -38.5335 -14.7916 25.85
      vertex -38.5335 -14.7916 31.15
    endloop
  endfacet
  facet normal -0.688377 -0.725353 0
    outer loop
      vertex -29.1858 -29.1858 25.85
      vertex -27.6184 -30.6733 31.15
      vertex -29.1858 -29.1858 31.15
    endloop
  endfacet
  facet normal -0.688377 -0.725353 -0
    outer loop
      vertex -27.6184 -30.6733 31.15
      vertex -29.1858 -29.1858 25.85
      vertex -27.6184 -30.6733 25.85
    endloop
  endfacet
  facet normal 0.942628 0.333846 0
    outer loop
      vertex 39.2549 12.7547 31.15
      vertex 38.5335 14.7916 25.85
      vertex 38.5335 14.7916 31.15
    endloop
  endfacet
  facet normal 0.942628 0.333846 0
    outer loop
      vertex 38.5335 14.7916 25.85
      vertex 39.2549 12.7547 31.15
      vertex 39.2549 12.7547 25.85
    endloop
  endfacet
  facet normal 0.923892 0.382653 0
    outer loop
      vertex 38.5335 14.7916 31.15
      vertex 37.7066 16.7881 25.85
      vertex 37.7066 16.7881 31.15
    endloop
  endfacet
  facet normal 0.923892 0.382653 0
    outer loop
      vertex 37.7066 16.7881 25.85
      vertex 38.5335 14.7916 31.15
      vertex 38.5335 14.7916 25.85
    endloop
  endfacet
  facet normal 0.902584 -0.430514 0
    outer loop
      vertex 36.7763 -18.7385 31.15
      vertex 37.7066 -16.7881 25.85
      vertex 37.7066 -16.7881 31.15
    endloop
  endfacet
  facet normal 0.902584 -0.430514 0
    outer loop
      vertex 37.7066 -16.7881 25.85
      vertex 36.7763 -18.7385 31.15
      vertex 36.7763 -18.7385 25.85
    endloop
  endfacet
  facet normal -0.942628 0.333846 0
    outer loop
      vertex -39.2549 12.7547 25.85
      vertex -38.5335 14.7916 31.15
      vertex -38.5335 14.7916 25.85
    endloop
  endfacet
  facet normal -0.942628 0.333846 0
    outer loop
      vertex -38.5335 14.7916 31.15
      vertex -39.2549 12.7547 25.85
      vertex -39.2549 12.7547 31.15
    endloop
  endfacet
  facet normal -0.878812 -0.477168 0
    outer loop
      vertex -35.7452 -20.6375 25.85
      vertex -36.7763 -18.7385 31.15
      vertex -36.7763 -18.7385 25.85
    endloop
  endfacet
  facet normal -0.878812 -0.477168 0
    outer loop
      vertex -36.7763 -18.7385 31.15
      vertex -35.7452 -20.6375 25.85
      vertex -35.7452 -20.6375 31.15
    endloop
  endfacet
  facet normal 0.983254 -0.182238 0
    outer loop
      vertex 40.373 -8.58155 31.15
      vertex 40.7668 -6.45683 25.85
      vertex 40.7668 -6.45683 31.15
    endloop
  endfacet
  facet normal 0.983254 -0.182238 0
    outer loop
      vertex 40.7668 -6.45683 25.85
      vertex 40.373 -8.58155 31.15
      vertex 40.373 -8.58155 25.85
    endloop
  endfacet
  facet normal -0.793355 0.60876 0
    outer loop
      vertex -33.3922 24.2608 25.85
      vertex -32.0767 25.9752 31.15
      vertex -32.0767 25.9752 25.85
    endloop
  endfacet
  facet normal -0.793355 0.60876 0
    outer loop
      vertex -32.0767 25.9752 31.15
      vertex -33.3922 24.2608 25.85
      vertex -33.3922 24.2608 31.15
    endloop
  endfacet
  facet normal 0.688377 0.725353 -0
    outer loop
      vertex 29.1858 29.1858 25.85
      vertex 27.6184 30.6733 31.15
      vertex 29.1858 29.1858 31.15
    endloop
  endfacet
  facet normal 0.688377 0.725353 0
    outer loop
      vertex 27.6184 30.6733 31.15
      vertex 29.1858 29.1858 25.85
      vertex 27.6184 30.6733 25.85
    endloop
  endfacet
  facet normal 0.182238 0.983254 -0
    outer loop
      vertex 8.58155 40.373 25.85
      vertex 6.45683 40.7668 31.15
      vertex 8.58155 40.373 31.15
    endloop
  endfacet
  facet normal 0.182238 0.983254 0
    outer loop
      vertex 6.45683 40.7668 31.15
      vertex 8.58155 40.373 25.85
      vertex 6.45683 40.7668 25.85
    endloop
  endfacet
  facet normal -0.996919 0.0784396 0
    outer loop
      vertex -41.2184 2.16017 25.85
      vertex -41.0489 4.31441 31.15
      vertex -41.0489 4.31441 25.85
    endloop
  endfacet
  facet normal -0.996919 0.0784396 0
    outer loop
      vertex -41.0489 4.31441 31.15
      vertex -41.2184 2.16017 25.85
      vertex -41.2184 2.16017 31.15
    endloop
  endfacet
  facet normal -0.182238 -0.983254 0
    outer loop
      vertex -8.58155 -40.373 25.85
      vertex -6.45683 -40.7668 31.15
      vertex -8.58155 -40.373 31.15
    endloop
  endfacet
  facet normal -0.182238 -0.983254 -0
    outer loop
      vertex -6.45683 -40.7668 31.15
      vertex -8.58155 -40.373 25.85
      vertex -6.45683 -40.7668 25.85
    endloop
  endfacet
  facet normal 0.60876 -0.793355 0
    outer loop
      vertex 24.2608 -33.3922 25.85
      vertex 25.9752 -32.0767 31.15
      vertex 24.2608 -33.3922 31.15
    endloop
  endfacet
  facet normal 0.60876 -0.793355 0
    outer loop
      vertex 25.9752 -32.0767 31.15
      vertex 24.2608 -33.3922 25.85
      vertex 25.9752 -32.0767 25.85
    endloop
  endfacet
  facet normal -0.284005 0.958823 0
    outer loop
      vertex -10.6828 39.8686 25.85
      vertex -12.7547 39.2549 31.15
      vertex -10.6828 39.8686 31.15
    endloop
  endfacet
  facet normal -0.284005 0.958823 0
    outer loop
      vertex -12.7547 39.2549 31.15
      vertex -10.6828 39.8686 25.85
      vertex -12.7547 39.2549 25.85
    endloop
  endfacet
  facet normal -0.878812 0.477168 0
    outer loop
      vertex -36.7763 18.7385 25.85
      vertex -35.7452 20.6375 31.15
      vertex -35.7452 20.6375 25.85
    endloop
  endfacet
  facet normal -0.878812 0.477168 0
    outer loop
      vertex -35.7452 20.6375 31.15
      vertex -36.7763 18.7385 25.85
      vertex -36.7763 18.7385 31.15
    endloop
  endfacet
  facet normal -0.0784396 -0.996919 0
    outer loop
      vertex -4.31441 -41.0489 25.85
      vertex -2.16017 -41.2184 31.15
      vertex -4.31441 -41.0489 31.15
    endloop
  endfacet
  facet normal -0.0784396 -0.996919 -0
    outer loop
      vertex -2.16017 -41.2184 31.15
      vertex -4.31441 -41.0489 25.85
      vertex -2.16017 -41.2184 25.85
    endloop
  endfacet
  facet normal -0.0261927 -0.999657 0
    outer loop
      vertex -2.16017 -41.2184 25.85
      vertex 0 -41.275 31.15
      vertex -2.16017 -41.2184 31.15
    endloop
  endfacet
  facet normal -0.0261927 -0.999657 -0
    outer loop
      vertex 0 -41.275 31.15
      vertex -2.16017 -41.2184 25.85
      vertex 0 -41.275 25.85
    endloop
  endfacet
  facet normal -0.852637 0.522503 0
    outer loop
      vertex -35.7452 20.6375 25.85
      vertex -34.6161 22.48 31.15
      vertex -34.6161 22.48 25.85
    endloop
  endfacet
  facet normal -0.852637 0.522503 0
    outer loop
      vertex -34.6161 22.48 31.15
      vertex -35.7452 20.6375 25.85
      vertex -35.7452 20.6375 31.15
    endloop
  endfacet
  facet normal -0.333846 -0.942628 0
    outer loop
      vertex -14.7916 -38.5335 25.85
      vertex -12.7547 -39.2549 31.15
      vertex -14.7916 -38.5335 31.15
    endloop
  endfacet
  facet normal -0.333846 -0.942628 -0
    outer loop
      vertex -12.7547 -39.2549 31.15
      vertex -14.7916 -38.5335 25.85
      vertex -12.7547 -39.2549 25.85
    endloop
  endfacet
  facet normal 0.923892 -0.382653 0
    outer loop
      vertex 37.7066 -16.7881 31.15
      vertex 38.5335 -14.7916 25.85
      vertex 38.5335 -14.7916 31.15
    endloop
  endfacet
  facet normal 0.923892 -0.382653 0
    outer loop
      vertex 38.5335 -14.7916 25.85
      vertex 37.7066 -16.7881 31.15
      vertex 37.7066 -16.7881 25.85
    endloop
  endfacet
  facet normal 0 0 1
    outer loop
      vertex 17 0 31.15
      vertex 41.275 0 31.15
      vertex 41.2184 2.16017 31.15
    endloop
  endfacet
  facet normal 0 0 1
    outer loop
      vertex 17 0 31.15
      vertex 41.2184 2.16017 31.15
      vertex 41.0489 4.31441 31.15
    endloop
  endfacet
  facet normal 0 0 1
    outer loop
      vertex 41.275 0 31.15
      vertex 17 0 31.15
      vertex 41.2184 -2.16017 31.15
    endloop
  endfacet
  facet normal 0 0 1
    outer loop
      vertex 17 0 31.15
      vertex 41.0489 4.31441 31.15
      vertex 40.7668 6.45683 31.15
    endloop
  endfacet
  facet normal 0 0 1
    outer loop
      vertex 41.2184 -2.16017 31.15
      vertex 17 0 31.15
      vertex 41.0489 -4.31441 31.15
    endloop
  endfacet
  facet normal 0 0 1
    outer loop
      vertex 17 0 31.15
      vertex 40.7668 6.45683 31.15
      vertex 40.373 8.58155 31.15
    endloop
  endfacet
  facet normal 0 0 1
    outer loop
      vertex 41.0489 -4.31441 31.15
      vertex 17 0 31.15
      vertex 40.7668 -6.45683 31.15
    endloop
  endfacet
  facet normal 0 0 1
    outer loop
      vertex 17 0 31.15
      vertex 40.373 8.58155 31.15
      vertex 39.8686 10.6828 31.15
    endloop
  endfacet
  facet normal 0 0 1
    outer loop
      vertex 40.7668 -6.45683 31.15
      vertex 17 0 31.15
      vertex 40.373 -8.58155 31.15
    endloop
  endfacet
  facet normal 0 0 1
    outer loop
      vertex 14.7224 8.5 31.15
      vertex 39.8686 10.6828 31.15
      vertex 39.2549 12.7547 31.15
    endloop
  endfacet
  facet normal 0 0 1
    outer loop
      vertex 40.373 -8.58155 31.15
      vertex 17 0 31.15
      vertex 39.8686 -10.6828 31.15
    endloop
  endfacet
  facet normal 0 0 1
    outer loop
      vertex 14.7224 8.5 31.15
      vertex 39.2549 12.7547 31.15
      vertex 38.5335 14.7916 31.15
    endloop
  endfacet
  facet normal -0 0 1
    outer loop
      vertex 14.7224 -8.5 31.15
      vertex 39.8686 -10.6828 31.15
      vertex 17 0 31.15
    endloop
  endfacet
  facet normal 0 0 1
    outer loop
      vertex 14.7224 8.5 31.15
      vertex 38.5335 14.7916 31.15
      vertex 37.7066 16.7881 31.15
    endloop
  endfacet
  facet normal 0 0 1
    outer loop
      vertex 39.8686 -10.6828 31.15
      vertex 14.7224 -8.5 31.15
      vertex 39.2549 -12.7547 31.15
    endloop
  endfacet
  facet normal 0 0 1
    outer loop
      vertex 14.7224 8.5 31.15
      vertex 37.7066 16.7881 31.15
      vertex 36.7763 18.7385 31.15
    endloop
  endfacet
  facet normal 0 0 1
    outer loop
      vertex 39.2549 -12.7547 31.15
      vertex 14.7224 -8.5 31.15
      vertex 38.5335 -14.7916 31.15
    endloop
  endfacet
  facet normal 0 0 1
    outer loop
      vertex 14.7224 8.5 31.15
      vertex 36.7763 18.7385 31.15
      vertex 35.7452 20.6375 31.15
    endloop
  endfacet
  facet normal 0 0 1
    outer loop
      vertex 38.5335 -14.7916 31.15
      vertex 14.7224 -8.5 31.15
      vertex 37.7066 -16.7881 31.15
    endloop
  endfacet
  facet normal 0 0 1
    outer loop
      vertex 14.7224 8.5 31.15
      vertex 35.7452 20.6375 31.15
      vertex 34.6161 22.48 31.15
    endloop
  endfacet
  facet normal 0 0 1
    outer loop
      vertex 37.7066 -16.7881 31.15
      vertex 14.7224 -8.5 31.15
      vertex 36.7763 -18.7385 31.15
    endloop
  endfacet
  facet normal 0 0 1
    outer loop
      vertex 14.7224 8.5 31.15
      vertex 34.6161 22.48 31.15
      vertex 33.3922 24.2608 31.15
    endloop
  endfacet
  facet normal 0 0 1
    outer loop
      vertex 36.7763 -18.7385 31.15
      vertex 14.7224 -8.5 31.15
      vertex 35.7452 -20.6375 31.15
    endloop
  endfacet
  facet normal 0 0 1
    outer loop
      vertex 14.7224 8.5 31.15
      vertex 33.3922 24.2608 31.15
      vertex 32.0767 25.9752 31.15
    endloop
  endfacet
  facet normal 0 0 1
    outer loop
      vertex 35.7452 -20.6375 31.15
      vertex 14.7224 -8.5 31.15
      vertex 34.6161 -22.48 31.15
    endloop
  endfacet
  facet normal 0 0 1
    outer loop
      vertex 14.7224 8.5 31.15
      vertex 32.0767 25.9752 31.15
      vertex 30.6733 27.6184 31.15
    endloop
  endfacet
  facet normal 0 0 1
    outer loop
      vertex 34.6161 -22.48 31.15
      vertex 14.7224 -8.5 31.15
      vertex 33.3922 -24.2608 31.15
    endloop
  endfacet
  facet normal 0 0 1
    outer loop
      vertex 14.7224 8.5 31.15
      vertex 30.6733 27.6184 31.15
      vertex 29.1858 29.1858 31.15
    endloop
  endfacet
  facet normal 0 0 1
    outer loop
      vertex 33.3922 -24.2608 31.15
      vertex 14.7224 -8.5 31.15
      vertex 32.0767 -25.9752 31.15
    endloop
  endfacet
  facet normal 0 0 1
    outer loop
      vertex 8.5 14.7224 31.15
      vertex 29.1858 29.1858 31.15
      vertex 27.6184 30.6733 31.15
    endloop
  endfacet
  facet normal 0 0 1
    outer loop
      vertex 32.0767 -25.9752 31.15
      vertex 14.7224 -8.5 31.15
      vertex 30.6733 -27.6184 31.15
    endloop
  endfacet
  facet normal 0 0 1
    outer loop
      vertex 8.5 14.7224 31.15
      vertex 27.6184 30.6733 31.15
      vertex 25.9752 32.0767 31.15
    endloop
  endfacet
  facet normal 0 0 1
    outer loop
      vertex 30.6733 -27.6184 31.15
      vertex 14.7224 -8.5 31.15
      vertex 29.1858 -29.1858 31.15
    endloop
  endfacet
  facet normal 0 0 1
    outer loop
      vertex 8.5 14.7224 31.15
      vertex 25.9752 32.0767 31.15
      vertex 24.2608 33.3922 31.15
    endloop
  endfacet
  facet normal -0 0 1
    outer loop
      vertex 8.5 -14.7224 31.15
      vertex 29.1858 -29.1858 31.15
      vertex 14.7224 -8.5 31.15
    endloop
  endfacet
  facet normal 0 0 1
    outer loop
      vertex 8.5 14.7224 31.15
      vertex 24.2608 33.3922 31.15
      vertex 22.48 34.6161 31.15
    endloop
  endfacet
  facet normal 0 0 1
    outer loop
      vertex 29.1858 -29.1858 31.15
      vertex 8.5 -14.7224 31.15
      vertex 27.6184 -30.6733 31.15
    endloop
  endfacet
  facet normal 0 0 1
    outer loop
      vertex 8.5 14.7224 31.15
      vertex 22.48 34.6161 31.15
      vertex 20.6375 35.7452 31.15
    endloop
  endfacet
  facet normal 0 0 1
    outer loop
      vertex 27.6184 -30.6733 31.15
      vertex 8.5 -14.7224 31.15
      vertex 25.9752 -32.0767 31.15
    endloop
  endfacet
  facet normal 0 0 1
    outer loop
      vertex 8.5 14.7224 31.15
      vertex 20.6375 35.7452 31.15
      vertex 18.7385 36.7763 31.15
    endloop
  endfacet
  facet normal 0 0 1
    outer loop
      vertex 25.9752 -32.0767 31.15
      vertex 8.5 -14.7224 31.15
      vertex 24.2608 -33.3922 31.15
    endloop
  endfacet
  facet normal 0 0 1
    outer loop
      vertex 24.2608 -33.3922 31.15
      vertex 8.5 -14.7224 31.15
      vertex 22.48 -34.6161 31.15
    endloop
  endfacet
  facet normal 0 0 1
    outer loop
      vertex 8.5 14.7224 31.15
      vertex 18.7385 36.7763 31.15
      vertex 16.7881 37.7066 31.15
    endloop
  endfacet
  facet normal 0 0 1
    outer loop
      vertex 8.5 14.7224 31.15
      vertex 16.7881 37.7066 31.15
      vertex 14.7916 38.5335 31.15
    endloop
  endfacet
  facet normal 0 0 1
    outer loop
      vertex 39.8686 10.6828 31.15
      vertex 14.7224 8.5 31.15
      vertex 17 0 31.15
    endloop
  endfacet
  facet normal 0 0 1
    outer loop
      vertex 8.5 14.7224 31.15
      vertex 14.7916 38.5335 31.15
      vertex 12.7547 39.2549 31.15
    endloop
  endfacet
  facet normal 0 0 1
    outer loop
      vertex 8.5 14.7224 31.15
      vertex 12.7547 39.2549 31.15
      vertex 10.6828 39.8686 31.15
    endloop
  endfacet
  facet normal 0 0 1
    outer loop
      vertex 0 17 31.15
      vertex 10.6828 39.8686 31.15
      vertex 8.58155 40.373 31.15
    endloop
  endfacet
  facet normal 0 0 1
    outer loop
      vertex 29.1858 29.1858 31.15
      vertex 8.5 14.7224 31.15
      vertex 14.7224 8.5 31.15
    endloop
  endfacet
  facet normal 0 0 1
    outer loop
      vertex 0 17 31.15
      vertex 8.58155 40.373 31.15
      vertex 6.45683 40.7668 31.15
    endloop
  endfacet
  facet normal 0 0 1
    outer loop
      vertex 0 17 31.15
      vertex 6.45683 40.7668 31.15
      vertex 4.31441 41.0489 31.15
    endloop
  endfacet
  facet normal 0 0 1
    outer loop
      vertex 0 17 31.15
      vertex 4.31441 41.0489 31.15
      vertex 2.16017 41.2184 31.15
    endloop
  endfacet
  facet normal 0 0 1
    outer loop
      vertex 0 17 31.15
      vertex 2.16017 41.2184 31.15
      vertex 0 41.275 31.15
    endloop
  endfacet
  facet normal 0 0 1
    outer loop
      vertex 10.6828 39.8686 31.15
      vertex 0 17 31.15
      vertex 8.5 14.7224 31.15
    endloop
  endfacet
  facet normal -0 0 1
    outer loop
      vertex -2.16017 41.2184 31.15
      vertex 0 17 31.15
      vertex 0 41.275 31.15
    endloop
  endfacet
  facet normal -0 0 1
    outer loop
      vertex -4.31441 41.0489 31.15
      vertex 0 17 31.15
      vertex -2.16017 41.2184 31.15
    endloop
  endfacet
  facet normal -0 0 1
    outer loop
      vertex -6.45683 40.7668 31.15
      vertex 0 17 31.15
      vertex -4.31441 41.0489 31.15
    endloop
  endfacet
  facet normal -0 0 1
    outer loop
      vertex -8.58155 40.373 31.15
      vertex 0 17 31.15
      vertex -6.45683 40.7668 31.15
    endloop
  endfacet
  facet normal -0 0 1
    outer loop
      vertex -10.6828 39.8686 31.15
      vertex 0 17 31.15
      vertex -8.58155 40.373 31.15
    endloop
  endfacet
  facet normal 0 0 1
    outer loop
      vertex 0 17 31.15
      vertex -10.6828 39.8686 31.15
      vertex -8.5 14.7224 31.15
    endloop
  endfacet
  facet normal -0 0 1
    outer loop
      vertex -12.7547 39.2549 31.15
      vertex -8.5 14.7224 31.15
      vertex -10.6828 39.8686 31.15
    endloop
  endfacet
  facet normal -0 0 1
    outer loop
      vertex -14.7916 38.5335 31.15
      vertex -8.5 14.7224 31.15
      vertex -12.7547 39.2549 31.15
    endloop
  endfacet
  facet normal -0 0 1
    outer loop
      vertex -16.7881 37.7066 31.15
      vertex -8.5 14.7224 31.15
      vertex -14.7916 38.5335 31.15
    endloop
  endfacet
  facet normal -0 0 1
    outer loop
      vertex -18.7385 36.7763 31.15
      vertex -8.5 14.7224 31.15
      vertex -16.7881 37.7066 31.15
    endloop
  endfacet
  facet normal -0 0 1
    outer loop
      vertex -20.6375 35.7452 31.15
      vertex -8.5 14.7224 31.15
      vertex -18.7385 36.7763 31.15
    endloop
  endfacet
  facet normal -0 0 1
    outer loop
      vertex -22.48 34.6161 31.15
      vertex -8.5 14.7224 31.15
      vertex -20.6375 35.7452 31.15
    endloop
  endfacet
  facet normal 0 0 1
    outer loop
      vertex 22.48 -34.6161 31.15
      vertex 8.5 -14.7224 31.15
      vertex 20.6375 -35.7452 31.15
    endloop
  endfacet
  facet normal 0 0 1
    outer loop
      vertex 20.6375 -35.7452 31.15
      vertex 8.5 -14.7224 31.15
      vertex 18.7385 -36.7763 31.15
    endloop
  endfacet
  facet normal 0 0 1
    outer loop
      vertex 18.7385 -36.7763 31.15
      vertex 8.5 -14.7224 31.15
      vertex 16.7881 -37.7066 31.15
    endloop
  endfacet
  facet normal 0 0 1
    outer loop
      vertex 16.7881 -37.7066 31.15
      vertex 8.5 -14.7224 31.15
      vertex 14.7916 -38.5335 31.15
    endloop
  endfacet
  facet normal 0 0 1
    outer loop
      vertex 14.7916 -38.5335 31.15
      vertex 8.5 -14.7224 31.15
      vertex 12.7547 -39.2549 31.15
    endloop
  endfacet
  facet normal 0 0 1
    outer loop
      vertex 12.7547 -39.2549 31.15
      vertex 8.5 -14.7224 31.15
      vertex 10.6828 -39.8686 31.15
    endloop
  endfacet
  facet normal -0 0 1
    outer loop
      vertex 0 -17 31.15
      vertex 10.6828 -39.8686 31.15
      vertex 8.5 -14.7224 31.15
    endloop
  endfacet
  facet normal 0 0 1
    outer loop
      vertex 10.6828 -39.8686 31.15
      vertex 0 -17 31.15
      vertex 8.58155 -40.373 31.15
    endloop
  endfacet
  facet normal 0 0 1
    outer loop
      vertex 8.58155 -40.373 31.15
      vertex 0 -17 31.15
      vertex 6.45683 -40.7668 31.15
    endloop
  endfacet
  facet normal 0 0 1
    outer loop
      vertex 6.45683 -40.7668 31.15
      vertex 0 -17 31.15
      vertex 4.31441 -41.0489 31.15
    endloop
  endfacet
  facet normal 0 0 1
    outer loop
      vertex 4.31441 -41.0489 31.15
      vertex 0 -17 31.15
      vertex 2.16017 -41.2184 31.15
    endloop
  endfacet
  facet normal 0 0 1
    outer loop
      vertex 0 -17 31.15
      vertex 0 -41.275 31.15
      vertex 2.16017 -41.2184 31.15
    endloop
  endfacet
  facet normal 0 0 1
    outer loop
      vertex 0 -17 31.15
      vertex -2.16017 -41.2184 31.15
      vertex 0 -41.275 31.15
    endloop
  endfacet
  facet normal 0 0 1
    outer loop
      vertex 0 -17 31.15
      vertex -4.31441 -41.0489 31.15
      vertex -2.16017 -41.2184 31.15
    endloop
  endfacet
  facet normal 0 0 1
    outer loop
      vertex 0 -17 31.15
      vertex -6.45683 -40.7668 31.15
      vertex -4.31441 -41.0489 31.15
    endloop
  endfacet
  facet normal 0 0 1
    outer loop
      vertex -10.6828 -39.8686 31.15
      vertex 0 -17 31.15
      vertex -8.5 -14.7224 31.15
    endloop
  endfacet
  facet normal 0 0 1
    outer loop
      vertex 0 -17 31.15
      vertex -8.58155 -40.373 31.15
      vertex -6.45683 -40.7668 31.15
    endloop
  endfacet
  facet normal 0 0 1
    outer loop
      vertex 0 -17 31.15
      vertex -10.6828 -39.8686 31.15
      vertex -8.58155 -40.373 31.15
    endloop
  endfacet
  facet normal 0 0 1
    outer loop
      vertex -8.5 -14.7224 31.15
      vertex -12.7547 -39.2549 31.15
      vertex -10.6828 -39.8686 31.15
    endloop
  endfacet
  facet normal 0 0 1
    outer loop
      vertex -29.1858 -29.1858 31.15
      vertex -8.5 -14.7224 31.15
      vertex -14.7224 -8.5 31.15
    endloop
  endfacet
  facet normal 0 0 1
    outer loop
      vertex -8.5 -14.7224 31.15
      vertex -14.7916 -38.5335 31.15
      vertex -12.7547 -39.2549 31.15
    endloop
  endfacet
  facet normal 0 0 1
    outer loop
      vertex -8.5 -14.7224 31.15
      vertex -16.7881 -37.7066 31.15
      vertex -14.7916 -38.5335 31.15
    endloop
  endfacet
  facet normal 0 0 1
    outer loop
      vertex -39.8686 -10.6828 31.15
      vertex -14.7224 -8.5 31.15
      vertex -17 0 31.15
    endloop
  endfacet
  facet normal -0 0 1
    outer loop
      vertex -24.2608 33.3922 31.15
      vertex -8.5 14.7224 31.15
      vertex -22.48 34.6161 31.15
    endloop
  endfacet
  facet normal 0 0 1
    outer loop
      vertex -8.5 -14.7224 31.15
      vertex -18.7385 -36.7763 31.15
      vertex -16.7881 -37.7066 31.15
    endloop
  endfacet
  facet normal -0 0 1
    outer loop
      vertex -25.9752 32.0767 31.15
      vertex -8.5 14.7224 31.15
      vertex -24.2608 33.3922 31.15
    endloop
  endfacet
  facet normal 0 0 1
    outer loop
      vertex -8.5 -14.7224 31.15
      vertex -20.6375 -35.7452 31.15
      vertex -18.7385 -36.7763 31.15
    endloop
  endfacet
  facet normal -0 0 1
    outer loop
      vertex -27.6184 30.6733 31.15
      vertex -8.5 14.7224 31.15
      vertex -25.9752 32.0767 31.15
    endloop
  endfacet
  facet normal 0 0 1
    outer loop
      vertex -8.5 -14.7224 31.15
      vertex -22.48 -34.6161 31.15
      vertex -20.6375 -35.7452 31.15
    endloop
  endfacet
  facet normal -0 0 1
    outer loop
      vertex -29.1858 29.1858 31.15
      vertex -8.5 14.7224 31.15
      vertex -27.6184 30.6733 31.15
    endloop
  endfacet
  facet normal 0 0 1
    outer loop
      vertex -8.5 -14.7224 31.15
      vertex -24.2608 -33.3922 31.15
      vertex -22.48 -34.6161 31.15
    endloop
  endfacet
  facet normal 0 0 1
    outer loop
      vertex -8.5 14.7224 31.15
      vertex -29.1858 29.1858 31.15
      vertex -14.7224 8.5 31.15
    endloop
  endfacet
  facet normal 0 0 1
    outer loop
      vertex -8.5 -14.7224 31.15
      vertex -25.9752 -32.0767 31.15
      vertex -24.2608 -33.3922 31.15
    endloop
  endfacet
  facet normal -0 0 1
    outer loop
      vertex -30.6733 27.6184 31.15
      vertex -14.7224 8.5 31.15
      vertex -29.1858 29.1858 31.15
    endloop
  endfacet
  facet normal 0 0 1
    outer loop
      vertex -8.5 -14.7224 31.15
      vertex -27.6184 -30.6733 31.15
      vertex -25.9752 -32.0767 31.15
    endloop
  endfacet
  facet normal -0 0 1
    outer loop
      vertex -32.0767 25.9752 31.15
      vertex -14.7224 8.5 31.15
      vertex -30.6733 27.6184 31.15
    endloop
  endfacet
  facet normal 0 0 1
    outer loop
      vertex -8.5 -14.7224 31.15
      vertex -29.1858 -29.1858 31.15
      vertex -27.6184 -30.6733 31.15
    endloop
  endfacet
  facet normal -0 0 1
    outer loop
      vertex -33.3922 24.2608 31.15
      vertex -14.7224 8.5 31.15
      vertex -32.0767 25.9752 31.15
    endloop
  endfacet
  facet normal 0 0 1
    outer loop
      vertex -14.7224 -8.5 31.15
      vertex -30.6733 -27.6184 31.15
      vertex -29.1858 -29.1858 31.15
    endloop
  endfacet
  facet normal -0 0 1
    outer loop
      vertex -34.6161 22.48 31.15
      vertex -14.7224 8.5 31.15
      vertex -33.3922 24.2608 31.15
    endloop
  endfacet
  facet normal 0 0 1
    outer loop
      vertex -14.7224 -8.5 31.15
      vertex -32.0767 -25.9752 31.15
      vertex -30.6733 -27.6184 31.15
    endloop
  endfacet
  facet normal -0 0 1
    outer loop
      vertex -35.7452 20.6375 31.15
      vertex -14.7224 8.5 31.15
      vertex -34.6161 22.48 31.15
    endloop
  endfacet
  facet normal 0 0 1
    outer loop
      vertex -14.7224 -8.5 31.15
      vertex -33.3922 -24.2608 31.15
      vertex -32.0767 -25.9752 31.15
    endloop
  endfacet
  facet normal -0 0 1
    outer loop
      vertex -36.7763 18.7385 31.15
      vertex -14.7224 8.5 31.15
      vertex -35.7452 20.6375 31.15
    endloop
  endfacet
  facet normal 0 0 1
    outer loop
      vertex -14.7224 -8.5 31.15
      vertex -34.6161 -22.48 31.15
      vertex -33.3922 -24.2608 31.15
    endloop
  endfacet
  facet normal -0 0 1
    outer loop
      vertex -37.7066 16.7881 31.15
      vertex -14.7224 8.5 31.15
      vertex -36.7763 18.7385 31.15
    endloop
  endfacet
  facet normal 0 0 1
    outer loop
      vertex -14.7224 -8.5 31.15
      vertex -35.7452 -20.6375 31.15
      vertex -34.6161 -22.48 31.15
    endloop
  endfacet
  facet normal -0 0 1
    outer loop
      vertex -38.5335 14.7916 31.15
      vertex -14.7224 8.5 31.15
      vertex -37.7066 16.7881 31.15
    endloop
  endfacet
  facet normal 0 0 1
    outer loop
      vertex -14.7224 -8.5 31.15
      vertex -36.7763 -18.7385 31.15
      vertex -35.7452 -20.6375 31.15
    endloop
  endfacet
  facet normal -0 0 1
    outer loop
      vertex -39.2549 12.7547 31.15
      vertex -14.7224 8.5 31.15
      vertex -38.5335 14.7916 31.15
    endloop
  endfacet
  facet normal 0 0 1
    outer loop
      vertex -14.7224 -8.5 31.15
      vertex -37.7066 -16.7881 31.15
      vertex -36.7763 -18.7385 31.15
    endloop
  endfacet
  facet normal -0 0 1
    outer loop
      vertex -39.8686 10.6828 31.15
      vertex -14.7224 8.5 31.15
      vertex -39.2549 12.7547 31.15
    endloop
  endfacet
  facet normal 0 0 1
    outer loop
      vertex -14.7224 -8.5 31.15
      vertex -38.5335 -14.7916 31.15
      vertex -37.7066 -16.7881 31.15
    endloop
  endfacet
  facet normal 0 0 1
    outer loop
      vertex -14.7224 8.5 31.15
      vertex -39.8686 10.6828 31.15
      vertex -17 0 31.15
    endloop
  endfacet
  facet normal 0 0 1
    outer loop
      vertex -14.7224 -8.5 31.15
      vertex -39.2549 -12.7547 31.15
      vertex -38.5335 -14.7916 31.15
    endloop
  endfacet
  facet normal -0 0 1
    outer loop
      vertex -40.373 8.58155 31.15
      vertex -17 0 31.15
      vertex -39.8686 10.6828 31.15
    endloop
  endfacet
  facet normal 0 0 1
    outer loop
      vertex -14.7224 -8.5 31.15
      vertex -39.8686 -10.6828 31.15
      vertex -39.2549 -12.7547 31.15
    endloop
  endfacet
  facet normal -0 0 1
    outer loop
      vertex -40.7668 6.45683 31.15
      vertex -17 0 31.15
      vertex -40.373 8.58155 31.15
    endloop
  endfacet
  facet normal 0 0 1
    outer loop
      vertex -17 0 31.15
      vertex -40.373 -8.58155 31.15
      vertex -39.8686 -10.6828 31.15
    endloop
  endfacet
  facet normal -0 0 1
    outer loop
      vertex -41.0489 4.31441 31.15
      vertex -17 0 31.15
      vertex -40.7668 6.45683 31.15
    endloop
  endfacet
  facet normal 0 0 1
    outer loop
      vertex -17 0 31.15
      vertex -40.7668 -6.45683 31.15
      vertex -40.373 -8.58155 31.15
    endloop
  endfacet
  facet normal -0 0 1
    outer loop
      vertex -41.2184 2.16017 31.15
      vertex -17 0 31.15
      vertex -41.0489 4.31441 31.15
    endloop
  endfacet
  facet normal 0 0 1
    outer loop
      vertex -17 0 31.15
      vertex -41.0489 -4.31441 31.15
      vertex -40.7668 -6.45683 31.15
    endloop
  endfacet
  facet normal 0 0 1
    outer loop
      vertex -41.275 0 31.15
      vertex -17 0 31.15
      vertex -41.2184 2.16017 31.15
    endloop
  endfacet
  facet normal 0 0 1
    outer loop
      vertex -17 0 31.15
      vertex -41.2184 -2.16017 31.15
      vertex -41.0489 -4.31441 31.15
    endloop
  endfacet
  facet normal 0 0 1
    outer loop
      vertex -17 0 31.15
      vertex -41.275 0 31.15
      vertex -41.2184 -2.16017 31.15
    endloop
  endfacet
  facet normal -0.760412 0.649441 0
    outer loop
      vertex -32.0767 25.9752 25.85
      vertex -30.6733 27.6184 31.15
      vertex -30.6733 27.6184 25.85
    endloop
  endfacet
  facet normal -0.760412 0.649441 0
    outer loop
      vertex -30.6733 27.6184 31.15
      vertex -32.0767 25.9752 25.85
      vertex -32.0767 25.9752 31.15
    endloop
  endfacet
  facet normal -0.430514 -0.902584 0
    outer loop
      vertex -18.7385 -36.7763 25.85
      vertex -16.7881 -37.7066 31.15
      vertex -18.7385 -36.7763 31.15
    endloop
  endfacet
  facet normal -0.430514 -0.902584 -0
    outer loop
      vertex -16.7881 -37.7066 31.15
      vertex -18.7385 -36.7763 25.85
      vertex -16.7881 -37.7066 25.85
    endloop
  endfacet
  facet normal 0 0 -1
    outer loop
      vertex 28.1 0 25.85
      vertex 41.275 0 25.85
      vertex 41.2184 -2.16017 25.85
    endloop
  endfacet
  facet normal 0 0 -1
    outer loop
      vertex 28.0615 -1.47064 25.85
      vertex 41.2184 -2.16017 25.85
      vertex 41.0489 -4.31441 25.85
    endloop
  endfacet
  facet normal 0 0 -1
    outer loop
      vertex 41.275 0 25.85
      vertex 28.1 0 25.85
      vertex 41.2184 2.16017 25.85
    endloop
  endfacet
  facet normal 0 0 -1
    outer loop
      vertex 27.9461 -2.93725 25.85
      vertex 41.0489 -4.31441 25.85
      vertex 40.7668 -6.45683 25.85
    endloop
  endfacet
  facet normal 0 0 -1
    outer loop
      vertex 28.0615 1.47064 25.85
      vertex 41.2184 2.16017 25.85
      vertex 28.1 0 25.85
    endloop
  endfacet
  facet normal 0 0 -1
    outer loop
      vertex 27.754 -4.39581 25.85
      vertex 40.7668 -6.45683 25.85
      vertex 40.373 -8.58155 25.85
    endloop
  endfacet
  facet normal -0 0 -1
    outer loop
      vertex 41.2184 2.16017 25.85
      vertex 28.0615 1.47064 25.85
      vertex 41.0489 4.31441 25.85
    endloop
  endfacet
  facet normal 0 0 -1
    outer loop
      vertex 27.4859 -5.84232 25.85
      vertex 40.373 -8.58155 25.85
      vertex 39.8686 -10.6828 25.85
    endloop
  endfacet
  facet normal 0 0 -1
    outer loop
      vertex 27.9461 2.93725 25.85
      vertex 41.0489 4.31441 25.85
      vertex 28.0615 1.47064 25.85
    endloop
  endfacet
  facet normal 0 0 -1
    outer loop
      vertex 27.1425 -7.27281 25.85
      vertex 39.8686 -10.6828 25.85
      vertex 39.2549 -12.7547 25.85
    endloop
  endfacet
  facet normal -0 0 -1
    outer loop
      vertex 41.0489 4.31441 25.85
      vertex 27.9461 2.93725 25.85
      vertex 40.7668 6.45683 25.85
    endloop
  endfacet
  facet normal 0 0 -1
    outer loop
      vertex 26.7247 -8.68338 25.85
      vertex 39.2549 -12.7547 25.85
      vertex 38.5335 -14.7916 25.85
    endloop
  endfacet
  facet normal 0 0 -1
    outer loop
      vertex 27.754 4.39581 25.85
      vertex 40.7668 6.45683 25.85
      vertex 27.9461 2.93725 25.85
    endloop
  endfacet
  facet normal 0 0 -1
    outer loop
      vertex 26.2336 -10.0701 25.85
      vertex 38.5335 -14.7916 25.85
      vertex 37.7066 -16.7881 25.85
    endloop
  endfacet
  facet normal -0 0 -1
    outer loop
      vertex 40.7668 6.45683 25.85
      vertex 27.754 4.39581 25.85
      vertex 40.373 8.58155 25.85
    endloop
  endfacet
  facet normal 0 0 -1
    outer loop
      vertex 25.6706 -11.4293 25.85
      vertex 37.7066 -16.7881 25.85
      vertex 36.7763 -18.7385 25.85
    endloop
  endfacet
  facet normal 0 0 -1
    outer loop
      vertex 27.4859 5.84232 25.85
      vertex 40.373 8.58155 25.85
      vertex 27.754 4.39581 25.85
    endloop
  endfacet
  facet normal 0 0 -1
    outer loop
      vertex 25.0373 -12.7571 25.85
      vertex 36.7763 -18.7385 25.85
      vertex 35.7452 -20.6375 25.85
    endloop
  endfacet
  facet normal -0 0 -1
    outer loop
      vertex 40.373 8.58155 25.85
      vertex 27.4859 5.84232 25.85
      vertex 39.8686 10.6828 25.85
    endloop
  endfacet
  facet normal 0 0 -1
    outer loop
      vertex 24.3353 -14.05 25.85
      vertex 35.7452 -20.6375 25.85
      vertex 34.6161 -22.48 25.85
    endloop
  endfacet
  facet normal 0 0 -1
    outer loop
      vertex 27.1425 7.27281 25.85
      vertex 39.8686 10.6828 25.85
      vertex 27.4859 5.84232 25.85
    endloop
  endfacet
  facet normal 0 0 -1
    outer loop
      vertex 23.5666 -15.3044 25.85
      vertex 34.6161 -22.48 25.85
      vertex 33.3922 -24.2608 25.85
    endloop
  endfacet
  facet normal -0 0 -1
    outer loop
      vertex 39.8686 10.6828 25.85
      vertex 27.1425 7.27281 25.85
      vertex 39.2549 12.7547 25.85
    endloop
  endfacet
  facet normal 0 0 -1
    outer loop
      vertex 22.7334 -16.5168 25.85
      vertex 33.3922 -24.2608 25.85
      vertex 32.0767 -25.9752 25.85
    endloop
  endfacet
  facet normal 0 0 -1
    outer loop
      vertex 26.7247 8.68338 25.85
      vertex 39.2549 12.7547 25.85
      vertex 27.1425 7.27281 25.85
    endloop
  endfacet
  facet normal 0 0 -1
    outer loop
      vertex 21.8378 -17.6839 25.85
      vertex 32.0767 -25.9752 25.85
      vertex 30.6733 -27.6184 25.85
    endloop
  endfacet
  facet normal -0 0 -1
    outer loop
      vertex 39.2549 12.7547 25.85
      vertex 26.7247 8.68338 25.85
      vertex 38.5335 14.7916 25.85
    endloop
  endfacet
  facet normal 0 0 -1
    outer loop
      vertex 20.8824 -18.8026 25.85
      vertex 30.6733 -27.6184 25.85
      vertex 29.1858 -29.1858 25.85
    endloop
  endfacet
  facet normal 0 0 -1
    outer loop
      vertex 26.2336 10.0701 25.85
      vertex 38.5335 14.7916 25.85
      vertex 26.7247 8.68338 25.85
    endloop
  endfacet
  facet normal -0 0 -1
    outer loop
      vertex 38.5335 14.7916 25.85
      vertex 26.2336 10.0701 25.85
      vertex 37.7066 16.7881 25.85
    endloop
  endfacet
  facet normal 0 0 -1
    outer loop
      vertex 41.2184 -2.16017 25.85
      vertex 28.0615 -1.47064 25.85
      vertex 28.1 0 25.85
    endloop
  endfacet
  facet normal 0 0 -1
    outer loop
      vertex 41.0489 -4.31441 25.85
      vertex 27.9461 -2.93725 25.85
      vertex 28.0615 -1.47064 25.85
    endloop
  endfacet
  facet normal 0 0 -1
    outer loop
      vertex 40.7668 -6.45683 25.85
      vertex 27.754 -4.39581 25.85
      vertex 27.9461 -2.93725 25.85
    endloop
  endfacet
  facet normal 0 0 -1
    outer loop
      vertex 19.8697 -19.8697 25.85
      vertex 29.1858 -29.1858 25.85
      vertex 27.6184 -30.6733 25.85
    endloop
  endfacet
  facet normal 0 0 -1
    outer loop
      vertex 40.373 -8.58155 25.85
      vertex 27.4859 -5.84232 25.85
      vertex 27.754 -4.39581 25.85
    endloop
  endfacet
  facet normal 0 0 -1
    outer loop
      vertex 39.8686 -10.6828 25.85
      vertex 27.1425 -7.27281 25.85
      vertex 27.4859 -5.84232 25.85
    endloop
  endfacet
  facet normal 0 0 -1
    outer loop
      vertex 39.2549 -12.7547 25.85
      vertex 26.7247 -8.68338 25.85
      vertex 27.1425 -7.27281 25.85
    endloop
  endfacet
  facet normal 0 0 -1
    outer loop
      vertex 38.5335 -14.7916 25.85
      vertex 26.2336 -10.0701 25.85
      vertex 26.7247 -8.68338 25.85
    endloop
  endfacet
  facet normal 0 0 -1
    outer loop
      vertex 18.8026 -20.8824 25.85
      vertex 27.6184 -30.6733 25.85
      vertex 25.9752 -32.0767 25.85
    endloop
  endfacet
  facet normal 0 0 -1
    outer loop
      vertex 37.7066 -16.7881 25.85
      vertex 25.6706 -11.4293 25.85
      vertex 26.2336 -10.0701 25.85
    endloop
  endfacet
  facet normal 0 0 -1
    outer loop
      vertex 36.7763 -18.7385 25.85
      vertex 25.0373 -12.7571 25.85
      vertex 25.6706 -11.4293 25.85
    endloop
  endfacet
  facet normal 0 0 -1
    outer loop
      vertex 35.7452 -20.6375 25.85
      vertex 24.3353 -14.05 25.85
      vertex 25.0373 -12.7571 25.85
    endloop
  endfacet
  facet normal 0 0 -1
    outer loop
      vertex 17.6839 -21.8378 25.85
      vertex 25.9752 -32.0767 25.85
      vertex 24.2608 -33.3922 25.85
    endloop
  endfacet
  facet normal 0 0 -1
    outer loop
      vertex 34.6161 -22.48 25.85
      vertex 23.5666 -15.3044 25.85
      vertex 24.3353 -14.05 25.85
    endloop
  endfacet
  facet normal 0 0 -1
    outer loop
      vertex 33.3922 -24.2608 25.85
      vertex 22.7334 -16.5168 25.85
      vertex 23.5666 -15.3044 25.85
    endloop
  endfacet
  facet normal 0 0 -1
    outer loop
      vertex 16.5168 -22.7334 25.85
      vertex 24.2608 -33.3922 25.85
      vertex 22.48 -34.6161 25.85
    endloop
  endfacet
  facet normal 0 0 -1
    outer loop
      vertex 32.0767 -25.9752 25.85
      vertex 21.8378 -17.6839 25.85
      vertex 22.7334 -16.5168 25.85
    endloop
  endfacet
  facet normal 0 0 -1
    outer loop
      vertex 30.6733 -27.6184 25.85
      vertex 20.8824 -18.8026 25.85
      vertex 21.8378 -17.6839 25.85
    endloop
  endfacet
  facet normal 0 0 -1
    outer loop
      vertex 15.3044 -23.5666 25.85
      vertex 22.48 -34.6161 25.85
      vertex 20.6375 -35.7452 25.85
    endloop
  endfacet
  facet normal 0 0 -1
    outer loop
      vertex 29.1858 -29.1858 25.85
      vertex 19.8697 -19.8697 25.85
      vertex 20.8824 -18.8026 25.85
    endloop
  endfacet
  facet normal 0 0 -1
    outer loop
      vertex 27.6184 -30.6733 25.85
      vertex 18.8026 -20.8824 25.85
      vertex 19.8697 -19.8697 25.85
    endloop
  endfacet
  facet normal 0 0 -1
    outer loop
      vertex 14.05 -24.3353 25.85
      vertex 20.6375 -35.7452 25.85
      vertex 18.7385 -36.7763 25.85
    endloop
  endfacet
  facet normal 0 0 -1
    outer loop
      vertex 25.9752 -32.0767 25.85
      vertex 17.6839 -21.8378 25.85
      vertex 18.8026 -20.8824 25.85
    endloop
  endfacet
  facet normal 0 0 -1
    outer loop
      vertex 12.7571 -25.0373 25.85
      vertex 18.7385 -36.7763 25.85
      vertex 16.7881 -37.7066 25.85
    endloop
  endfacet
  facet normal 0 0 -1
    outer loop
      vertex 24.2608 -33.3922 25.85
      vertex 16.5168 -22.7334 25.85
      vertex 17.6839 -21.8378 25.85
    endloop
  endfacet
  facet normal 0 0 -1
    outer loop
      vertex 22.48 -34.6161 25.85
      vertex 15.3044 -23.5666 25.85
      vertex 16.5168 -22.7334 25.85
    endloop
  endfacet
  facet normal 0 0 -1
    outer loop
      vertex 11.4293 -25.6706 25.85
      vertex 16.7881 -37.7066 25.85
      vertex 14.7916 -38.5335 25.85
    endloop
  endfacet
  facet normal 0 0 -1
    outer loop
      vertex 20.6375 -35.7452 25.85
      vertex 14.05 -24.3353 25.85
      vertex 15.3044 -23.5666 25.85
    endloop
  endfacet
  facet normal 0 0 -1
    outer loop
      vertex 18.7385 -36.7763 25.85
      vertex 12.7571 -25.0373 25.85
      vertex 14.05 -24.3353 25.85
    endloop
  endfacet
  facet normal 0 0 -1
    outer loop
      vertex 10.0701 -26.2336 25.85
      vertex 14.7916 -38.5335 25.85
      vertex 12.7547 -39.2549 25.85
    endloop
  endfacet
  facet normal 0 0 -1
    outer loop
      vertex 16.7881 -37.7066 25.85
      vertex 11.4293 -25.6706 25.85
      vertex 12.7571 -25.0373 25.85
    endloop
  endfacet
  facet normal 0 0 -1
    outer loop
      vertex 8.68338 -26.7247 25.85
      vertex 12.7547 -39.2549 25.85
      vertex 10.6828 -39.8686 25.85
    endloop
  endfacet
  facet normal 0 0 -1
    outer loop
      vertex 14.7916 -38.5335 25.85
      vertex 10.0701 -26.2336 25.85
      vertex 11.4293 -25.6706 25.85
    endloop
  endfacet
  facet normal 0 0 -1
    outer loop
      vertex 12.7547 -39.2549 25.85
      vertex 8.68338 -26.7247 25.85
      vertex 10.0701 -26.2336 25.85
    endloop
  endfacet
  facet normal 0 0 -1
    outer loop
      vertex 7.27281 -27.1425 25.85
      vertex 10.6828 -39.8686 25.85
      vertex 8.58155 -40.373 25.85
    endloop
  endfacet
  facet normal 0 0 -1
    outer loop
      vertex 10.6828 -39.8686 25.85
      vertex 7.27281 -27.1425 25.85
      vertex 8.68338 -26.7247 25.85
    endloop
  endfacet
  facet normal 0 0 -1
    outer loop
      vertex 5.84232 -27.4859 25.85
      vertex 8.58155 -40.373 25.85
      vertex 6.45683 -40.7668 25.85
    endloop
  endfacet
  facet normal 0 0 -1
    outer loop
      vertex 8.58155 -40.373 25.85
      vertex 5.84232 -27.4859 25.85
      vertex 7.27281 -27.1425 25.85
    endloop
  endfacet
  facet normal 0 0 -1
    outer loop
      vertex 6.45683 -40.7668 25.85
      vertex 4.39581 -27.754 25.85
      vertex 5.84232 -27.4859 25.85
    endloop
  endfacet
  facet normal 0 0 -1
    outer loop
      vertex 4.31441 -41.0489 25.85
      vertex 4.39581 -27.754 25.85
      vertex 6.45683 -40.7668 25.85
    endloop
  endfacet
  facet normal 0 0 -1
    outer loop
      vertex 4.31441 -41.0489 25.85
      vertex 2.93725 -27.9461 25.85
      vertex 4.39581 -27.754 25.85
    endloop
  endfacet
  facet normal 0 0 -1
    outer loop
      vertex 2.16017 -41.2184 25.85
      vertex 2.93725 -27.9461 25.85
      vertex 4.31441 -41.0489 25.85
    endloop
  endfacet
  facet normal 0 0 -1
    outer loop
      vertex 2.16017 -41.2184 25.85
      vertex 1.47064 -28.0615 25.85
      vertex 2.93725 -27.9461 25.85
    endloop
  endfacet
  facet normal 0 0 -1
    outer loop
      vertex 0 -41.275 25.85
      vertex 1.47064 -28.0615 25.85
      vertex 2.16017 -41.2184 25.85
    endloop
  endfacet
  facet normal 0 0 -1
    outer loop
      vertex 0 -41.275 25.85
      vertex 0 -28.1 25.85
      vertex 1.47064 -28.0615 25.85
    endloop
  endfacet
  facet normal 0 0 -1
    outer loop
      vertex 0 -41.275 25.85
      vertex -1.47064 -28.0615 25.85
      vertex 0 -28.1 25.85
    endloop
  endfacet
  facet normal 0 0 -1
    outer loop
      vertex -2.16017 -41.2184 25.85
      vertex -1.47064 -28.0615 25.85
      vertex 0 -41.275 25.85
    endloop
  endfacet
  facet normal 0 0 -1
    outer loop
      vertex -2.16017 -41.2184 25.85
      vertex -2.93725 -27.9461 25.85
      vertex -1.47064 -28.0615 25.85
    endloop
  endfacet
  facet normal 0 0 -1
    outer loop
      vertex -4.31441 -41.0489 25.85
      vertex -2.93725 -27.9461 25.85
      vertex -2.16017 -41.2184 25.85
    endloop
  endfacet
  facet normal 0 0 -1
    outer loop
      vertex -4.31441 -41.0489 25.85
      vertex -4.39581 -27.754 25.85
      vertex -2.93725 -27.9461 25.85
    endloop
  endfacet
  facet normal 0 0 -1
    outer loop
      vertex -6.45683 -40.7668 25.85
      vertex -4.39581 -27.754 25.85
      vertex -4.31441 -41.0489 25.85
    endloop
  endfacet
  facet normal -0 0 -1
    outer loop
      vertex -4.39581 -27.754 25.85
      vertex -6.45683 -40.7668 25.85
      vertex -5.84232 -27.4859 25.85
    endloop
  endfacet
  facet normal 0 0 -1
    outer loop
      vertex -8.58155 -40.373 25.85
      vertex -5.84232 -27.4859 25.85
      vertex -6.45683 -40.7668 25.85
    endloop
  endfacet
  facet normal -0 0 -1
    outer loop
      vertex -5.84232 -27.4859 25.85
      vertex -8.58155 -40.373 25.85
      vertex -7.27281 -27.1425 25.85
    endloop
  endfacet
  facet normal 0 0 -1
    outer loop
      vertex -10.6828 -39.8686 25.85
      vertex -7.27281 -27.1425 25.85
      vertex -8.58155 -40.373 25.85
    endloop
  endfacet
  facet normal -0 0 -1
    outer loop
      vertex -7.27281 -27.1425 25.85
      vertex -10.6828 -39.8686 25.85
      vertex -8.68338 -26.7247 25.85
    endloop
  endfacet
  facet normal 0 0 -1
    outer loop
      vertex -12.7547 -39.2549 25.85
      vertex -8.68338 -26.7247 25.85
      vertex -10.6828 -39.8686 25.85
    endloop
  endfacet
  facet normal -0 0 -1
    outer loop
      vertex -8.68338 -26.7247 25.85
      vertex -12.7547 -39.2549 25.85
      vertex -10.0701 -26.2336 25.85
    endloop
  endfacet
  facet normal 0 0 -1
    outer loop
      vertex -14.7916 -38.5335 25.85
      vertex -10.0701 -26.2336 25.85
      vertex -12.7547 -39.2549 25.85
    endloop
  endfacet
  facet normal -0 0 -1
    outer loop
      vertex -10.0701 -26.2336 25.85
      vertex -14.7916 -38.5335 25.85
      vertex -11.4293 -25.6706 25.85
    endloop
  endfacet
  facet normal 0 0 -1
    outer loop
      vertex -16.7881 -37.7066 25.85
      vertex -11.4293 -25.6706 25.85
      vertex -14.7916 -38.5335 25.85
    endloop
  endfacet
  facet normal -0 0 -1
    outer loop
      vertex -11.4293 -25.6706 25.85
      vertex -16.7881 -37.7066 25.85
      vertex -12.7571 -25.0373 25.85
    endloop
  endfacet
  facet normal 0 0 -1
    outer loop
      vertex -18.7385 -36.7763 25.85
      vertex -12.7571 -25.0373 25.85
      vertex -16.7881 -37.7066 25.85
    endloop
  endfacet
  facet normal -0 0 -1
    outer loop
      vertex -12.7571 -25.0373 25.85
      vertex -18.7385 -36.7763 25.85
      vertex -14.05 -24.3353 25.85
    endloop
  endfacet
  facet normal 0 0 -1
    outer loop
      vertex -20.6375 -35.7452 25.85
      vertex -14.05 -24.3353 25.85
      vertex -18.7385 -36.7763 25.85
    endloop
  endfacet
  facet normal -0 0 -1
    outer loop
      vertex -14.05 -24.3353 25.85
      vertex -20.6375 -35.7452 25.85
      vertex -15.3044 -23.5666 25.85
    endloop
  endfacet
  facet normal 0 0 -1
    outer loop
      vertex -22.48 -34.6161 25.85
      vertex -15.3044 -23.5666 25.85
      vertex -20.6375 -35.7452 25.85
    endloop
  endfacet
  facet normal -0 0 -1
    outer loop
      vertex -15.3044 -23.5666 25.85
      vertex -22.48 -34.6161 25.85
      vertex -16.5168 -22.7334 25.85
    endloop
  endfacet
  facet normal 0 0 -1
    outer loop
      vertex -24.2608 -33.3922 25.85
      vertex -16.5168 -22.7334 25.85
      vertex -22.48 -34.6161 25.85
    endloop
  endfacet
  facet normal -0 0 -1
    outer loop
      vertex -16.5168 -22.7334 25.85
      vertex -24.2608 -33.3922 25.85
      vertex -17.6839 -21.8378 25.85
    endloop
  endfacet
  facet normal 0 0 -1
    outer loop
      vertex -25.9752 -32.0767 25.85
      vertex -17.6839 -21.8378 25.85
      vertex -24.2608 -33.3922 25.85
    endloop
  endfacet
  facet normal -0 0 -1
    outer loop
      vertex -17.6839 -21.8378 25.85
      vertex -25.9752 -32.0767 25.85
      vertex -18.8026 -20.8824 25.85
    endloop
  endfacet
  facet normal 0 0 -1
    outer loop
      vertex -27.6184 -30.6733 25.85
      vertex -18.8026 -20.8824 25.85
      vertex -25.9752 -32.0767 25.85
    endloop
  endfacet
  facet normal -0 0 -1
    outer loop
      vertex -18.8026 -20.8824 25.85
      vertex -27.6184 -30.6733 25.85
      vertex -19.8697 -19.8697 25.85
    endloop
  endfacet
  facet normal 0 0 -1
    outer loop
      vertex -29.1858 -29.1858 25.85
      vertex -19.8697 -19.8697 25.85
      vertex -27.6184 -30.6733 25.85
    endloop
  endfacet
  facet normal -0 0 -1
    outer loop
      vertex -19.8697 -19.8697 25.85
      vertex -29.1858 -29.1858 25.85
      vertex -20.8824 -18.8026 25.85
    endloop
  endfacet
  facet normal 0 0 -1
    outer loop
      vertex -30.6733 -27.6184 25.85
      vertex -20.8824 -18.8026 25.85
      vertex -29.1858 -29.1858 25.85
    endloop
  endfacet
  facet normal -0 0 -1
    outer loop
      vertex -20.8824 -18.8026 25.85
      vertex -30.6733 -27.6184 25.85
      vertex -21.8378 -17.6839 25.85
    endloop
  endfacet
  facet normal 0 0 -1
    outer loop
      vertex -32.0767 -25.9752 25.85
      vertex -21.8378 -17.6839 25.85
      vertex -30.6733 -27.6184 25.85
    endloop
  endfacet
  facet normal -0 0 -1
    outer loop
      vertex -21.8378 -17.6839 25.85
      vertex -32.0767 -25.9752 25.85
      vertex -22.7334 -16.5168 25.85
    endloop
  endfacet
  facet normal 0 0 -1
    outer loop
      vertex -33.3922 -24.2608 25.85
      vertex -22.7334 -16.5168 25.85
      vertex -32.0767 -25.9752 25.85
    endloop
  endfacet
  facet normal -0 0 -1
    outer loop
      vertex -22.7334 -16.5168 25.85
      vertex -33.3922 -24.2608 25.85
      vertex -23.5666 -15.3044 25.85
    endloop
  endfacet
  facet normal 0 0 -1
    outer loop
      vertex -34.6161 -22.48 25.85
      vertex -23.5666 -15.3044 25.85
      vertex -33.3922 -24.2608 25.85
    endloop
  endfacet
  facet normal -0 0 -1
    outer loop
      vertex -23.5666 -15.3044 25.85
      vertex -34.6161 -22.48 25.85
      vertex -24.3353 -14.05 25.85
    endloop
  endfacet
  facet normal 0 0 -1
    outer loop
      vertex -35.7452 -20.6375 25.85
      vertex -24.3353 -14.05 25.85
      vertex -34.6161 -22.48 25.85
    endloop
  endfacet
  facet normal -0 0 -1
    outer loop
      vertex -24.3353 -14.05 25.85
      vertex -35.7452 -20.6375 25.85
      vertex -25.0373 -12.7571 25.85
    endloop
  endfacet
  facet normal 0 0 -1
    outer loop
      vertex -36.7763 -18.7385 25.85
      vertex -25.0373 -12.7571 25.85
      vertex -35.7452 -20.6375 25.85
    endloop
  endfacet
  facet normal -0 0 -1
    outer loop
      vertex -25.0373 -12.7571 25.85
      vertex -36.7763 -18.7385 25.85
      vertex -25.6706 -11.4293 25.85
    endloop
  endfacet
  facet normal 0 0 -1
    outer loop
      vertex -37.7066 -16.7881 25.85
      vertex -25.6706 -11.4293 25.85
      vertex -36.7763 -18.7385 25.85
    endloop
  endfacet
  facet normal -0 0 -1
    outer loop
      vertex -25.6706 -11.4293 25.85
      vertex -37.7066 -16.7881 25.85
      vertex -26.2336 -10.0701 25.85
    endloop
  endfacet
  facet normal 0 0 -1
    outer loop
      vertex 25.6706 11.4293 25.85
      vertex 37.7066 16.7881 25.85
      vertex 26.2336 10.0701 25.85
    endloop
  endfacet
  facet normal -0 0 -1
    outer loop
      vertex 37.7066 16.7881 25.85
      vertex 25.6706 11.4293 25.85
      vertex 36.7763 18.7385 25.85
    endloop
  endfacet
  facet normal 0 0 -1
    outer loop
      vertex 25.0373 12.7571 25.85
      vertex 36.7763 18.7385 25.85
      vertex 25.6706 11.4293 25.85
    endloop
  endfacet
  facet normal -0 0 -1
    outer loop
      vertex 36.7763 18.7385 25.85
      vertex 25.0373 12.7571 25.85
      vertex 35.7452 20.6375 25.85
    endloop
  endfacet
  facet normal 0 0 -1
    outer loop
      vertex 24.3353 14.05 25.85
      vertex 35.7452 20.6375 25.85
      vertex 25.0373 12.7571 25.85
    endloop
  endfacet
  facet normal -0 0 -1
    outer loop
      vertex 35.7452 20.6375 25.85
      vertex 24.3353 14.05 25.85
      vertex 34.6161 22.48 25.85
    endloop
  endfacet
  facet normal 0 0 -1
    outer loop
      vertex 23.5666 15.3044 25.85
      vertex 34.6161 22.48 25.85
      vertex 24.3353 14.05 25.85
    endloop
  endfacet
  facet normal -0 0 -1
    outer loop
      vertex 34.6161 22.48 25.85
      vertex 23.5666 15.3044 25.85
      vertex 33.3922 24.2608 25.85
    endloop
  endfacet
  facet normal 0 0 -1
    outer loop
      vertex 22.7334 16.5168 25.85
      vertex 33.3922 24.2608 25.85
      vertex 23.5666 15.3044 25.85
    endloop
  endfacet
  facet normal -0 0 -1
    outer loop
      vertex 33.3922 24.2608 25.85
      vertex 22.7334 16.5168 25.85
      vertex 32.0767 25.9752 25.85
    endloop
  endfacet
  facet normal 0 0 -1
    outer loop
      vertex 21.8378 17.6839 25.85
      vertex 32.0767 25.9752 25.85
      vertex 22.7334 16.5168 25.85
    endloop
  endfacet
  facet normal -0 0 -1
    outer loop
      vertex 32.0767 25.9752 25.85
      vertex 21.8378 17.6839 25.85
      vertex 30.6733 27.6184 25.85
    endloop
  endfacet
  facet normal 0 0 -1
    outer loop
      vertex 20.8824 18.8026 25.85
      vertex 30.6733 27.6184 25.85
      vertex 21.8378 17.6839 25.85
    endloop
  endfacet
  facet normal -0 0 -1
    outer loop
      vertex 30.6733 27.6184 25.85
      vertex 20.8824 18.8026 25.85
      vertex 29.1858 29.1858 25.85
    endloop
  endfacet
  facet normal 0 0 -1
    outer loop
      vertex 19.8697 19.8697 25.85
      vertex 29.1858 29.1858 25.85
      vertex 20.8824 18.8026 25.85
    endloop
  endfacet
  facet normal -0 0 -1
    outer loop
      vertex 29.1858 29.1858 25.85
      vertex 19.8697 19.8697 25.85
      vertex 27.6184 30.6733 25.85
    endloop
  endfacet
  facet normal 0 0 -1
    outer loop
      vertex 18.8026 20.8824 25.85
      vertex 27.6184 30.6733 25.85
      vertex 19.8697 19.8697 25.85
    endloop
  endfacet
  facet normal -0 0 -1
    outer loop
      vertex 27.6184 30.6733 25.85
      vertex 18.8026 20.8824 25.85
      vertex 25.9752 32.0767 25.85
    endloop
  endfacet
  facet normal 0 0 -1
    outer loop
      vertex 17.6839 21.8378 25.85
      vertex 25.9752 32.0767 25.85
      vertex 18.8026 20.8824 25.85
    endloop
  endfacet
  facet normal -0 0 -1
    outer loop
      vertex 25.9752 32.0767 25.85
      vertex 17.6839 21.8378 25.85
      vertex 24.2608 33.3922 25.85
    endloop
  endfacet
  facet normal 0 0 -1
    outer loop
      vertex 16.5168 22.7334 25.85
      vertex 24.2608 33.3922 25.85
      vertex 17.6839 21.8378 25.85
    endloop
  endfacet
  facet normal -0 0 -1
    outer loop
      vertex 24.2608 33.3922 25.85
      vertex 16.5168 22.7334 25.85
      vertex 22.48 34.6161 25.85
    endloop
  endfacet
  facet normal 0 0 -1
    outer loop
      vertex 15.3044 23.5666 25.85
      vertex 22.48 34.6161 25.85
      vertex 16.5168 22.7334 25.85
    endloop
  endfacet
  facet normal -0 0 -1
    outer loop
      vertex 22.48 34.6161 25.85
      vertex 15.3044 23.5666 25.85
      vertex 20.6375 35.7452 25.85
    endloop
  endfacet
  facet normal 0 0 -1
    outer loop
      vertex 14.05 24.3353 25.85
      vertex 20.6375 35.7452 25.85
      vertex 15.3044 23.5666 25.85
    endloop
  endfacet
  facet normal -0 0 -1
    outer loop
      vertex 20.6375 35.7452 25.85
      vertex 14.05 24.3353 25.85
      vertex 18.7385 36.7763 25.85
    endloop
  endfacet
  facet normal 0 0 -1
    outer loop
      vertex 12.7571 25.0373 25.85
      vertex 18.7385 36.7763 25.85
      vertex 14.05 24.3353 25.85
    endloop
  endfacet
  facet normal -0 0 -1
    outer loop
      vertex 18.7385 36.7763 25.85
      vertex 12.7571 25.0373 25.85
      vertex 16.7881 37.7066 25.85
    endloop
  endfacet
  facet normal 0 0 -1
    outer loop
      vertex 11.4293 25.6706 25.85
      vertex 16.7881 37.7066 25.85
      vertex 12.7571 25.0373 25.85
    endloop
  endfacet
  facet normal -0 0 -1
    outer loop
      vertex 16.7881 37.7066 25.85
      vertex 11.4293 25.6706 25.85
      vertex 14.7916 38.5335 25.85
    endloop
  endfacet
  facet normal 0 0 -1
    outer loop
      vertex 10.0701 26.2336 25.85
      vertex 14.7916 38.5335 25.85
      vertex 11.4293 25.6706 25.85
    endloop
  endfacet
  facet normal -0 0 -1
    outer loop
      vertex 14.7916 38.5335 25.85
      vertex 10.0701 26.2336 25.85
      vertex 12.7547 39.2549 25.85
    endloop
  endfacet
  facet normal 0 0 -1
    outer loop
      vertex 8.68338 26.7247 25.85
      vertex 12.7547 39.2549 25.85
      vertex 10.0701 26.2336 25.85
    endloop
  endfacet
  facet normal -0 0 -1
    outer loop
      vertex 12.7547 39.2549 25.85
      vertex 8.68338 26.7247 25.85
      vertex 10.6828 39.8686 25.85
    endloop
  endfacet
  facet normal 0 0 -1
    outer loop
      vertex 7.27281 27.1425 25.85
      vertex 10.6828 39.8686 25.85
      vertex 8.68338 26.7247 25.85
    endloop
  endfacet
  facet normal -0 0 -1
    outer loop
      vertex 10.6828 39.8686 25.85
      vertex 7.27281 27.1425 25.85
      vertex 8.58155 40.373 25.85
    endloop
  endfacet
  facet normal 0 0 -1
    outer loop
      vertex 5.84232 27.4859 25.85
      vertex 8.58155 40.373 25.85
      vertex 7.27281 27.1425 25.85
    endloop
  endfacet
  facet normal -0 0 -1
    outer loop
      vertex 8.58155 40.373 25.85
      vertex 5.84232 27.4859 25.85
      vertex 6.45683 40.7668 25.85
    endloop
  endfacet
  facet normal 0 0 -1
    outer loop
      vertex 4.39581 27.754 25.85
      vertex 6.45683 40.7668 25.85
      vertex 5.84232 27.4859 25.85
    endloop
  endfacet
  facet normal 0 0 -1
    outer loop
      vertex 4.39581 27.754 25.85
      vertex 4.31441 41.0489 25.85
      vertex 6.45683 40.7668 25.85
    endloop
  endfacet
  facet normal 0 0 -1
    outer loop
      vertex 2.93725 27.9461 25.85
      vertex 4.31441 41.0489 25.85
      vertex 4.39581 27.754 25.85
    endloop
  endfacet
  facet normal 0 0 -1
    outer loop
      vertex 2.93725 27.9461 25.85
      vertex 2.16017 41.2184 25.85
      vertex 4.31441 41.0489 25.85
    endloop
  endfacet
  facet normal 0 0 -1
    outer loop
      vertex 1.47064 28.0615 25.85
      vertex 2.16017 41.2184 25.85
      vertex 2.93725 27.9461 25.85
    endloop
  endfacet
  facet normal 0 0 -1
    outer loop
      vertex 0 28.1 25.85
      vertex 2.16017 41.2184 25.85
      vertex 1.47064 28.0615 25.85
    endloop
  endfacet
  facet normal 0 0 -1
    outer loop
      vertex 0 28.1 25.85
      vertex 0 41.275 25.85
      vertex 2.16017 41.2184 25.85
    endloop
  endfacet
  facet normal 0 0 -1
    outer loop
      vertex -1.47064 28.0615 25.85
      vertex 0 41.275 25.85
      vertex 0 28.1 25.85
    endloop
  endfacet
  facet normal 0 0 -1
    outer loop
      vertex -1.47064 28.0615 25.85
      vertex -2.16017 41.2184 25.85
      vertex 0 41.275 25.85
    endloop
  endfacet
  facet normal 0 0 -1
    outer loop
      vertex -2.93725 27.9461 25.85
      vertex -2.16017 41.2184 25.85
      vertex -1.47064 28.0615 25.85
    endloop
  endfacet
  facet normal 0 0 -1
    outer loop
      vertex -2.93725 27.9461 25.85
      vertex -4.31441 41.0489 25.85
      vertex -2.16017 41.2184 25.85
    endloop
  endfacet
  facet normal 0 0 -1
    outer loop
      vertex -4.39581 27.754 25.85
      vertex -4.31441 41.0489 25.85
      vertex -2.93725 27.9461 25.85
    endloop
  endfacet
  facet normal 0 0 -1
    outer loop
      vertex -6.45683 40.7668 25.85
      vertex -4.39581 27.754 25.85
      vertex -5.84232 27.4859 25.85
    endloop
  endfacet
  facet normal 0 0 -1
    outer loop
      vertex -4.39581 27.754 25.85
      vertex -6.45683 40.7668 25.85
      vertex -4.31441 41.0489 25.85
    endloop
  endfacet
  facet normal 0 0 -1
    outer loop
      vertex -8.58155 40.373 25.85
      vertex -5.84232 27.4859 25.85
      vertex -7.27281 27.1425 25.85
    endloop
  endfacet
  facet normal 0 0 -1
    outer loop
      vertex -5.84232 27.4859 25.85
      vertex -8.58155 40.373 25.85
      vertex -6.45683 40.7668 25.85
    endloop
  endfacet
  facet normal 0 0 -1
    outer loop
      vertex -10.6828 39.8686 25.85
      vertex -7.27281 27.1425 25.85
      vertex -8.68338 26.7247 25.85
    endloop
  endfacet
  facet normal 0 0 -1
    outer loop
      vertex -12.7547 39.2549 25.85
      vertex -8.68338 26.7247 25.85
      vertex -10.0701 26.2336 25.85
    endloop
  endfacet
  facet normal 0 0 -1
    outer loop
      vertex -7.27281 27.1425 25.85
      vertex -10.6828 39.8686 25.85
      vertex -8.58155 40.373 25.85
    endloop
  endfacet
  facet normal 0 0 -1
    outer loop
      vertex -14.7916 38.5335 25.85
      vertex -10.0701 26.2336 25.85
      vertex -11.4293 25.6706 25.85
    endloop
  endfacet
  facet normal 0 0 -1
    outer loop
      vertex -8.68338 26.7247 25.85
      vertex -12.7547 39.2549 25.85
      vertex -10.6828 39.8686 25.85
    endloop
  endfacet
  facet normal 0 0 -1
    outer loop
      vertex -16.7881 37.7066 25.85
      vertex -11.4293 25.6706 25.85
      vertex -12.7571 25.0373 25.85
    endloop
  endfacet
  facet normal 0 0 -1
    outer loop
      vertex -18.7385 36.7763 25.85
      vertex -12.7571 25.0373 25.85
      vertex -14.05 24.3353 25.85
    endloop
  endfacet
  facet normal 0 0 -1
    outer loop
      vertex -10.0701 26.2336 25.85
      vertex -14.7916 38.5335 25.85
      vertex -12.7547 39.2549 25.85
    endloop
  endfacet
  facet normal 0 0 -1
    outer loop
      vertex -20.6375 35.7452 25.85
      vertex -14.05 24.3353 25.85
      vertex -15.3044 23.5666 25.85
    endloop
  endfacet
  facet normal 0 0 -1
    outer loop
      vertex -22.48 34.6161 25.85
      vertex -15.3044 23.5666 25.85
      vertex -16.5168 22.7334 25.85
    endloop
  endfacet
  facet normal 0 0 -1
    outer loop
      vertex -11.4293 25.6706 25.85
      vertex -16.7881 37.7066 25.85
      vertex -14.7916 38.5335 25.85
    endloop
  endfacet
  facet normal 0 0 -1
    outer loop
      vertex -24.2608 33.3922 25.85
      vertex -16.5168 22.7334 25.85
      vertex -17.6839 21.8378 25.85
    endloop
  endfacet
  facet normal 0 0 -1
    outer loop
      vertex -12.7571 25.0373 25.85
      vertex -18.7385 36.7763 25.85
      vertex -16.7881 37.7066 25.85
    endloop
  endfacet
  facet normal 0 0 -1
    outer loop
      vertex -25.9752 32.0767 25.85
      vertex -17.6839 21.8378 25.85
      vertex -18.8026 20.8824 25.85
    endloop
  endfacet
  facet normal 0 0 -1
    outer loop
      vertex -27.6184 30.6733 25.85
      vertex -18.8026 20.8824 25.85
      vertex -19.8697 19.8697 25.85
    endloop
  endfacet
  facet normal 0 0 -1
    outer loop
      vertex -14.05 24.3353 25.85
      vertex -20.6375 35.7452 25.85
      vertex -18.7385 36.7763 25.85
    endloop
  endfacet
  facet normal 0 0 -1
    outer loop
      vertex -29.1858 29.1858 25.85
      vertex -19.8697 19.8697 25.85
      vertex -20.8824 18.8026 25.85
    endloop
  endfacet
  facet normal 0 0 -1
    outer loop
      vertex -30.6733 27.6184 25.85
      vertex -20.8824 18.8026 25.85
      vertex -21.8378 17.6839 25.85
    endloop
  endfacet
  facet normal 0 0 -1
    outer loop
      vertex -15.3044 23.5666 25.85
      vertex -22.48 34.6161 25.85
      vertex -20.6375 35.7452 25.85
    endloop
  endfacet
  facet normal 0 0 -1
    outer loop
      vertex -32.0767 25.9752 25.85
      vertex -21.8378 17.6839 25.85
      vertex -22.7334 16.5168 25.85
    endloop
  endfacet
  facet normal 0 0 -1
    outer loop
      vertex -33.3922 24.2608 25.85
      vertex -22.7334 16.5168 25.85
      vertex -23.5666 15.3044 25.85
    endloop
  endfacet
  facet normal 0 0 -1
    outer loop
      vertex -16.5168 22.7334 25.85
      vertex -24.2608 33.3922 25.85
      vertex -22.48 34.6161 25.85
    endloop
  endfacet
  facet normal 0 0 -1
    outer loop
      vertex -34.6161 22.48 25.85
      vertex -23.5666 15.3044 25.85
      vertex -24.3353 14.05 25.85
    endloop
  endfacet
  facet normal 0 0 -1
    outer loop
      vertex -35.7452 20.6375 25.85
      vertex -24.3353 14.05 25.85
      vertex -25.0373 12.7571 25.85
    endloop
  endfacet
  facet normal 0 0 -1
    outer loop
      vertex -36.7763 18.7385 25.85
      vertex -25.0373 12.7571 25.85
      vertex -25.6706 11.4293 25.85
    endloop
  endfacet
  facet normal 0 0 -1
    outer loop
      vertex -17.6839 21.8378 25.85
      vertex -25.9752 32.0767 25.85
      vertex -24.2608 33.3922 25.85
    endloop
  endfacet
  facet normal 0 0 -1
    outer loop
      vertex -37.7066 16.7881 25.85
      vertex -25.6706 11.4293 25.85
      vertex -26.2336 10.0701 25.85
    endloop
  endfacet
  facet normal 0 0 -1
    outer loop
      vertex -38.5335 14.7916 25.85
      vertex -26.2336 10.0701 25.85
      vertex -26.7247 8.68338 25.85
    endloop
  endfacet
  facet normal 0 0 -1
    outer loop
      vertex -39.2549 12.7547 25.85
      vertex -26.7247 8.68338 25.85
      vertex -27.1425 7.27281 25.85
    endloop
  endfacet
  facet normal 0 0 -1
    outer loop
      vertex -39.8686 10.6828 25.85
      vertex -27.1425 7.27281 25.85
      vertex -27.4859 5.84232 25.85
    endloop
  endfacet
  facet normal 0 0 -1
    outer loop
      vertex -18.8026 20.8824 25.85
      vertex -27.6184 30.6733 25.85
      vertex -25.9752 32.0767 25.85
    endloop
  endfacet
  facet normal 0 0 -1
    outer loop
      vertex -40.373 8.58155 25.85
      vertex -27.4859 5.84232 25.85
      vertex -27.754 4.39581 25.85
    endloop
  endfacet
  facet normal 0 0 -1
    outer loop
      vertex -40.7668 6.45683 25.85
      vertex -27.754 4.39581 25.85
      vertex -27.9461 2.93725 25.85
    endloop
  endfacet
  facet normal 0 0 -1
    outer loop
      vertex -41.0489 4.31441 25.85
      vertex -27.9461 2.93725 25.85
      vertex -28.0615 1.47064 25.85
    endloop
  endfacet
  facet normal 0 0 -1
    outer loop
      vertex -41.2184 2.16017 25.85
      vertex -28.0615 1.47064 25.85
      vertex -28.1 0 25.85
    endloop
  endfacet
  facet normal 0 0 -1
    outer loop
      vertex -38.5335 -14.7916 25.85
      vertex -26.2336 -10.0701 25.85
      vertex -37.7066 -16.7881 25.85
    endloop
  endfacet
  facet normal 0 0 -1
    outer loop
      vertex -19.8697 19.8697 25.85
      vertex -29.1858 29.1858 25.85
      vertex -27.6184 30.6733 25.85
    endloop
  endfacet
  facet normal -0 0 -1
    outer loop
      vertex -26.2336 -10.0701 25.85
      vertex -38.5335 -14.7916 25.85
      vertex -26.7247 -8.68338 25.85
    endloop
  endfacet
  facet normal 0 0 -1
    outer loop
      vertex -20.8824 18.8026 25.85
      vertex -30.6733 27.6184 25.85
      vertex -29.1858 29.1858 25.85
    endloop
  endfacet
  facet normal 0 0 -1
    outer loop
      vertex -39.2549 -12.7547 25.85
      vertex -26.7247 -8.68338 25.85
      vertex -38.5335 -14.7916 25.85
    endloop
  endfacet
  facet normal 0 0 -1
    outer loop
      vertex -21.8378 17.6839 25.85
      vertex -32.0767 25.9752 25.85
      vertex -30.6733 27.6184 25.85
    endloop
  endfacet
  facet normal -0 0 -1
    outer loop
      vertex -26.7247 -8.68338 25.85
      vertex -39.2549 -12.7547 25.85
      vertex -27.1425 -7.27281 25.85
    endloop
  endfacet
  facet normal 0 0 -1
    outer loop
      vertex -22.7334 16.5168 25.85
      vertex -33.3922 24.2608 25.85
      vertex -32.0767 25.9752 25.85
    endloop
  endfacet
  facet normal 0 0 -1
    outer loop
      vertex -39.8686 -10.6828 25.85
      vertex -27.1425 -7.27281 25.85
      vertex -39.2549 -12.7547 25.85
    endloop
  endfacet
  facet normal 0 0 -1
    outer loop
      vertex -23.5666 15.3044 25.85
      vertex -34.6161 22.48 25.85
      vertex -33.3922 24.2608 25.85
    endloop
  endfacet
  facet normal -0 0 -1
    outer loop
      vertex -27.1425 -7.27281 25.85
      vertex -39.8686 -10.6828 25.85
      vertex -27.4859 -5.84232 25.85
    endloop
  endfacet
  facet normal 0 0 -1
    outer loop
      vertex -24.3353 14.05 25.85
      vertex -35.7452 20.6375 25.85
      vertex -34.6161 22.48 25.85
    endloop
  endfacet
  facet normal 0 0 -1
    outer loop
      vertex -40.373 -8.58155 25.85
      vertex -27.4859 -5.84232 25.85
      vertex -39.8686 -10.6828 25.85
    endloop
  endfacet
  facet normal 0 0 -1
    outer loop
      vertex -25.0373 12.7571 25.85
      vertex -36.7763 18.7385 25.85
      vertex -35.7452 20.6375 25.85
    endloop
  endfacet
  facet normal -0 0 -1
    outer loop
      vertex -27.4859 -5.84232 25.85
      vertex -40.373 -8.58155 25.85
      vertex -27.754 -4.39581 25.85
    endloop
  endfacet
  facet normal 0 0 -1
    outer loop
      vertex -25.6706 11.4293 25.85
      vertex -37.7066 16.7881 25.85
      vertex -36.7763 18.7385 25.85
    endloop
  endfacet
  facet normal 0 0 -1
    outer loop
      vertex -40.7668 -6.45683 25.85
      vertex -27.754 -4.39581 25.85
      vertex -40.373 -8.58155 25.85
    endloop
  endfacet
  facet normal 0 0 -1
    outer loop
      vertex -26.2336 10.0701 25.85
      vertex -38.5335 14.7916 25.85
      vertex -37.7066 16.7881 25.85
    endloop
  endfacet
  facet normal -0 0 -1
    outer loop
      vertex -27.754 -4.39581 25.85
      vertex -40.7668 -6.45683 25.85
      vertex -27.9461 -2.93725 25.85
    endloop
  endfacet
  facet normal 0 0 -1
    outer loop
      vertex -26.7247 8.68338 25.85
      vertex -39.2549 12.7547 25.85
      vertex -38.5335 14.7916 25.85
    endloop
  endfacet
  facet normal 0 0 -1
    outer loop
      vertex -41.0489 -4.31441 25.85
      vertex -27.9461 -2.93725 25.85
      vertex -40.7668 -6.45683 25.85
    endloop
  endfacet
  facet normal 0 0 -1
    outer loop
      vertex -27.1425 7.27281 25.85
      vertex -39.8686 10.6828 25.85
      vertex -39.2549 12.7547 25.85
    endloop
  endfacet
  facet normal -0 0 -1
    outer loop
      vertex -27.9461 -2.93725 25.85
      vertex -41.0489 -4.31441 25.85
      vertex -28.0615 -1.47064 25.85
    endloop
  endfacet
  facet normal 0 0 -1
    outer loop
      vertex -27.4859 5.84232 25.85
      vertex -40.373 8.58155 25.85
      vertex -39.8686 10.6828 25.85
    endloop
  endfacet
  facet normal 0 0 -1
    outer loop
      vertex -41.2184 -2.16017 25.85
      vertex -28.0615 -1.47064 25.85
      vertex -41.0489 -4.31441 25.85
    endloop
  endfacet
  facet normal 0 0 -1
    outer loop
      vertex -27.754 4.39581 25.85
      vertex -40.7668 6.45683 25.85
      vertex -40.373 8.58155 25.85
    endloop
  endfacet
  facet normal -0 0 -1
    outer loop
      vertex -28.0615 -1.47064 25.85
      vertex -41.2184 -2.16017 25.85
      vertex -28.1 0 25.85
    endloop
  endfacet
  facet normal 0 0 -1
    outer loop
      vertex -27.9461 2.93725 25.85
      vertex -41.0489 4.31441 25.85
      vertex -40.7668 6.45683 25.85
    endloop
  endfacet
  facet normal 0 0 -1
    outer loop
      vertex -41.275 0 25.85
      vertex -28.1 0 25.85
      vertex -41.2184 -2.16017 25.85
    endloop
  endfacet
  facet normal 0 0 -1
    outer loop
      vertex -28.0615 1.47064 25.85
      vertex -41.2184 2.16017 25.85
      vertex -41.0489 4.31441 25.85
    endloop
  endfacet
  facet normal 0 0 -1
    outer loop
      vertex -28.1 0 25.85
      vertex -41.275 0 25.85
      vertex -41.2184 2.16017 25.85
    endloop
  endfacet
  facet normal -0.902584 -0.430514 0
    outer loop
      vertex -36.7763 -18.7385 25.85
      vertex -37.7066 -16.7881 31.15
      vertex -37.7066 -16.7881 25.85
    endloop
  endfacet
  facet normal -0.902584 -0.430514 0
    outer loop
      vertex -37.7066 -16.7881 31.15
      vertex -36.7763 -18.7385 25.85
      vertex -36.7763 -18.7385 31.15
    endloop
  endfacet
  facet normal 0.707107 0.707107 0
    outer loop
      vertex 14.7224 8.5 45
      vertex 8.5 14.7224 31.15
      vertex 8.5 14.7224 45
    endloop
  endfacet
  facet normal 0.707107 0.707107 0
    outer loop
      vertex 8.5 14.7224 31.15
      vertex 14.7224 8.5 45
      vertex 14.7224 8.5 31.15
    endloop
  endfacet
  facet normal 0.965925 0.258822 0
    outer loop
      vertex 17 0 45
      vertex 14.7224 8.5 31.15
      vertex 14.7224 8.5 45
    endloop
  endfacet
  facet normal 0.965925 0.258822 0
    outer loop
      vertex 14.7224 8.5 31.15
      vertex 17 0 45
      vertex 17 0 31.15
    endloop
  endfacet
  facet normal 0.258822 0.965925 -0
    outer loop
      vertex 8.5 14.7224 31.15
      vertex 0 17 45
      vertex 8.5 14.7224 45
    endloop
  endfacet
  facet normal 0.258822 0.965925 0
    outer loop
      vertex 0 17 45
      vertex 8.5 14.7224 31.15
      vertex 0 17 31.15
    endloop
  endfacet
  facet normal -0.965925 -0.258822 0
    outer loop
      vertex -14.7224 -8.5 31.15
      vertex -17 0 45
      vertex -17 0 31.15
    endloop
  endfacet
  facet normal -0.965925 -0.258822 0
    outer loop
      vertex -17 0 45
      vertex -14.7224 -8.5 31.15
      vertex -14.7224 -8.5 45
    endloop
  endfacet
  facet normal 0.965925 -0.258822 0
    outer loop
      vertex 14.7224 -8.5 45
      vertex 17 0 31.15
      vertex 17 0 45
    endloop
  endfacet
  facet normal 0.965925 -0.258822 0
    outer loop
      vertex 17 0 31.15
      vertex 14.7224 -8.5 45
      vertex 14.7224 -8.5 31.15
    endloop
  endfacet
  facet normal -0.258822 0.965925 0
    outer loop
      vertex 0 17 31.15
      vertex -8.5 14.7224 45
      vertex 0 17 45
    endloop
  endfacet
  facet normal -0.258822 0.965925 0
    outer loop
      vertex -8.5 14.7224 45
      vertex 0 17 31.15
      vertex -8.5 14.7224 31.15
    endloop
  endfacet
  facet normal 0.258822 -0.965925 0
    outer loop
      vertex 0 -17 31.15
      vertex 8.5 -14.7224 45
      vertex 0 -17 45
    endloop
  endfacet
  facet normal 0.258822 -0.965925 0
    outer loop
      vertex 8.5 -14.7224 45
      vertex 0 -17 31.15
      vertex 8.5 -14.7224 31.15
    endloop
  endfacet
  facet normal -0.707107 0.707107 0
    outer loop
      vertex -14.7224 8.5 31.15
      vertex -8.5 14.7224 45
      vertex -8.5 14.7224 31.15
    endloop
  endfacet
  facet normal -0.707107 0.707107 0
    outer loop
      vertex -8.5 14.7224 45
      vertex -14.7224 8.5 31.15
      vertex -14.7224 8.5 45
    endloop
  endfacet
  facet normal 0.707107 -0.707107 0
    outer loop
      vertex 8.5 -14.7224 45
      vertex 14.7224 -8.5 31.15
      vertex 14.7224 -8.5 45
    endloop
  endfacet
  facet normal 0.707107 -0.707107 0
    outer loop
      vertex 14.7224 -8.5 31.15
      vertex 8.5 -14.7224 45
      vertex 8.5 -14.7224 31.15
    endloop
  endfacet
  facet normal -0.258822 -0.965925 0
    outer loop
      vertex -8.5 -14.7224 31.15
      vertex 0 -17 45
      vertex -8.5 -14.7224 45
    endloop
  endfacet
  facet normal -0.258822 -0.965925 -0
    outer loop
      vertex 0 -17 45
      vertex -8.5 -14.7224 31.15
      vertex 0 -17 31.15
    endloop
  endfacet
  facet normal -0.707107 -0.707107 0
    outer loop
      vertex -8.5 -14.7224 31.15
      vertex -14.7224 -8.5 45
      vertex -14.7224 -8.5 31.15
    endloop
  endfacet
  facet normal -0.707107 -0.707107 0
    outer loop
      vertex -14.7224 -8.5 45
      vertex -8.5 -14.7224 31.15
      vertex -8.5 -14.7224 45
    endloop
  endfacet
  facet normal -0.965925 0.258822 0
    outer loop
      vertex -17 0 31.15
      vertex -14.7224 8.5 45
      vertex -14.7224 8.5 31.15
    endloop
  endfacet
  facet normal -0.965925 0.258822 0
    outer loop
      vertex -14.7224 8.5 45
      vertex -17 0 31.15
      vertex -17 0 45
    endloop
  endfacet
  facet normal 0 0 1
    outer loop
      vertex 14.7224 8.5 45
      vertex 14.7224 -8.5 45
      vertex 17 0 45
    endloop
  endfacet
  facet normal 0 0 1
    outer loop
      vertex 8.5 14.7224 45
      vertex 14.7224 -8.5 45
      vertex 14.7224 8.5 45
    endloop
  endfacet
  facet normal 0 0 1
    outer loop
      vertex 8.5 14.7224 45
      vertex 8.5 -14.7224 45
      vertex 14.7224 -8.5 45
    endloop
  endfacet
  facet normal 0 0 1
    outer loop
      vertex 0 17 45
      vertex 8.5 -14.7224 45
      vertex 8.5 14.7224 45
    endloop
  endfacet
  facet normal 0 0 1
    outer loop
      vertex 0 17 45
      vertex 0 -17 45
      vertex 8.5 -14.7224 45
    endloop
  endfacet
  facet normal -0 0 1
    outer loop
      vertex -8.5 14.7224 45
      vertex 0 -17 45
      vertex 0 17 45
    endloop
  endfacet
  facet normal 0 0 1
    outer loop
      vertex -8.5 14.7224 45
      vertex -8.5 -14.7224 45
      vertex 0 -17 45
    endloop
  endfacet
  facet normal -0 0 1
    outer loop
      vertex -14.7224 8.5 45
      vertex -8.5 -14.7224 45
      vertex -8.5 14.7224 45
    endloop
  endfacet
  facet normal 0 0 1
    outer loop
      vertex -14.7224 8.5 45
      vertex -14.7224 -8.5 45
      vertex -8.5 -14.7224 45
    endloop
  endfacet
  facet normal 0 -0 1
    outer loop
      vertex -14.7224 -8.5 45
      vertex -14.7224 8.5 45
      vertex -17 0 45
    endloop
  endfacet
  facet normal 0 0 -1
    outer loop
      vertex 23.7 0 12.05
      vertex 28.1 0 12.05
      vertex 28.0615 -1.47064 12.05
    endloop
  endfacet
  facet normal 0 0 -1
    outer loop
      vertex 23.7 -3.3 12.05
      vertex 28.0615 -1.47064 12.05
      vertex 27.9461 -2.93725 12.05
    endloop
  endfacet
  facet normal 0 0 -1
    outer loop
      vertex 28.1 0 12.05
      vertex 23.7 0 12.05
      vertex 28.0615 1.47064 12.05
    endloop
  endfacet
  facet normal 0 0 -1
    outer loop
      vertex 23.7 -3.3 12.05
      vertex 27.9461 -2.93725 12.05
      vertex 27.8983 -3.3 12.05
    endloop
  endfacet
  facet normal 0 0 -1
    outer loop
      vertex 23.6655 1.27791 12.05
      vertex 28.0615 1.47064 12.05
      vertex 23.7 0 12.05
    endloop
  endfacet
  facet normal -0 0 -1
    outer loop
      vertex 28.0615 1.47064 12.05
      vertex 23.6655 1.27791 12.05
      vertex 27.9461 2.93725 12.05
    endloop
  endfacet
  facet normal -0 0 -1
    outer loop
      vertex 27.9461 2.93725 12.05
      vertex 23.5622 2.55211 12.05
      vertex 27.754 4.39581 12.05
    endloop
  endfacet
  facet normal 0 0 -1
    outer loop
      vertex 23.3903 3.81888 12.05
      vertex 27.754 4.39581 12.05
      vertex 23.5622 2.55211 12.05
    endloop
  endfacet
  facet normal 0 0 -1
    outer loop
      vertex 23.1504 5.07454 12.05
      vertex 27.4859 5.84232 12.05
      vertex 23.3903 3.81888 12.05
    endloop
  endfacet
  facet normal -0 0 -1
    outer loop
      vertex 27.4859 5.84232 12.05
      vertex 23.1504 5.07454 12.05
      vertex 27.1425 7.27281 12.05
    endloop
  endfacet
  facet normal -0 0 -1
    outer loop
      vertex 27.1425 7.27281 12.05
      vertex 22.8431 6.31543 12.05
      vertex 26.7247 8.68338 12.05
    endloop
  endfacet
  facet normal 0 0 -1
    outer loop
      vertex 22.4693 7.53795 12.05
      vertex 26.7247 8.68338 12.05
      vertex 22.8431 6.31543 12.05
    endloop
  endfacet
  facet normal -0 0 -1
    outer loop
      vertex 28.0615 -1.47064 12.05
      vertex 23.7 -3.3 12.05
      vertex 23.7 0 12.05
    endloop
  endfacet
  facet normal 0 0 -1
    outer loop
      vertex 23.5622 2.55211 12.05
      vertex 27.9461 2.93725 12.05
      vertex 23.6655 1.27791 12.05
    endloop
  endfacet
  facet normal -0 0 -1
    outer loop
      vertex 27.754 4.39581 12.05
      vertex 23.3903 3.81888 12.05
      vertex 27.4859 5.84232 12.05
    endloop
  endfacet
  facet normal 0 0 -1
    outer loop
      vertex 22.8431 6.31543 12.05
      vertex 27.1425 7.27281 12.05
      vertex 23.1504 5.07454 12.05
    endloop
  endfacet
  facet normal -0 0 -1
    outer loop
      vertex 26.7247 8.68338 12.05
      vertex 22.4693 7.53795 12.05
      vertex 26.2336 10.0701 12.05
    endloop
  endfacet
  facet normal 0 0 -1
    outer loop
      vertex 22.0302 8.73853 12.05
      vertex 26.2336 10.0701 12.05
      vertex 22.4693 7.53795 12.05
    endloop
  endfacet
  facet normal -0 0 -1
    outer loop
      vertex 26.2336 10.0701 12.05
      vertex 22.0302 8.73853 12.05
      vertex 25.6706 11.4293 12.05
    endloop
  endfacet
  facet normal 0 0 -1
    outer loop
      vertex 21.5269 9.9137 12.05
      vertex 25.6706 11.4293 12.05
      vertex 22.0302 8.73853 12.05
    endloop
  endfacet
  facet normal -0 0 -1
    outer loop
      vertex 25.6706 11.4293 12.05
      vertex 21.5269 9.9137 12.05
      vertex 25.0373 12.7571 12.05
    endloop
  endfacet
  facet normal 0 0 -1
    outer loop
      vertex 20.9611 11.06 12.05
      vertex 25.0373 12.7571 12.05
      vertex 21.5269 9.9137 12.05
    endloop
  endfacet
  facet normal -0 0 -1
    outer loop
      vertex 25.0373 12.7571 12.05
      vertex 20.9611 11.06 12.05
      vertex 24.3353 14.05 12.05
    endloop
  endfacet
  facet normal 0 0 -1
    outer loop
      vertex 20.3342 12.1742 12.05
      vertex 24.3353 14.05 12.05
      vertex 20.9611 11.06 12.05
    endloop
  endfacet
  facet normal -0 0 -1
    outer loop
      vertex 24.3353 14.05 12.05
      vertex 20.3342 12.1742 12.05
      vertex 23.5666 15.3044 12.05
    endloop
  endfacet
  facet normal 0 0 -1
    outer loop
      vertex 19.6482 13.2529 12.05
      vertex 23.5666 15.3044 12.05
      vertex 20.3342 12.1742 12.05
    endloop
  endfacet
  facet normal -0 0 -1
    outer loop
      vertex 23.5666 15.3044 12.05
      vertex 19.6482 13.2529 12.05
      vertex 23.2889 15.7085 12.05
    endloop
  endfacet
  facet normal 1 0 0
    outer loop
      vertex 23.7 0 12.05
      vertex 23.7 -3.3 12.05
      vertex 23.7 0 5.45
    endloop
  endfacet
  facet normal 1 -0 0
    outer loop
      vertex 23.7 0 5.45
      vertex 23.7 3.3 0
      vertex 23.7 3.3 5.45
    endloop
  endfacet
  facet normal 1 0 0
    outer loop
      vertex 23.7 0 5.45
      vertex 23.7 -3.3 0
      vertex 23.7 3.3 0
    endloop
  endfacet
  facet normal 1 0 0
    outer loop
      vertex 23.7 -3.3 0
      vertex 23.7 0 5.45
      vertex 23.7 -3.3 12.05
    endloop
  endfacet
  facet normal 0 -1 0
    outer loop
      vertex 23.7 3.3 0
      vertex 27.8983 3.3 5.45
      vertex 23.7 3.3 5.45
    endloop
  endfacet
  facet normal 0 -1 -0
    outer loop
      vertex 27.8983 3.3 5.45
      vertex 23.7 3.3 0
      vertex 27.8983 3.3 0
    endloop
  endfacet
  facet normal 0 1 -0
    outer loop
      vertex 27.8983 -3.3 0
      vertex 23.7 -3.3 12.05
      vertex 27.8983 -3.3 12.05
    endloop
  endfacet
  facet normal 0 1 0
    outer loop
      vertex 23.7 -3.3 12.05
      vertex 27.8983 -3.3 0
      vertex 23.7 -3.3 0
    endloop
  endfacet
  facet normal 0.55918 -0.829046 0
    outer loop
      vertex 19.6482 13.2529 5.45
      vertex 23.2889 15.7085 12.05
      vertex 19.6482 13.2529 12.05
    endloop
  endfacet
  facet normal 0.55918 -0.829046 0
    outer loop
      vertex 23.2889 15.7085 12.05
      vertex 19.6482 13.2529 5.45
      vertex 23.2889 15.7085 5.45
    endloop
  endfacet
  facet normal 0.999636 0.0269874 0
    outer loop
      vertex 23.7 0 12.05
      vertex 23.6655 1.27791 5.45
      vertex 23.6655 1.27791 12.05
    endloop
  endfacet
  facet normal 0.999636 0.0269874 0
    outer loop
      vertex 23.6655 1.27791 5.45
      vertex 23.7 0 12.05
      vertex 23.7 0 5.45
    endloop
  endfacet
  facet normal 0.99673 0.0808054 0
    outer loop
      vertex 23.6655 1.27791 12.05
      vertex 23.5622 2.55211 5.45
      vertex 23.5622 2.55211 12.05
    endloop
  endfacet
  facet normal 0.99673 0.0808054 0
    outer loop
      vertex 23.5622 2.55211 5.45
      vertex 23.6655 1.27791 12.05
      vertex 23.6655 1.27791 5.45
    endloop
  endfacet
  facet normal 0.990918 0.134467 0
    outer loop
      vertex 23.5622 2.55211 12.05
      vertex 23.3903 3.81888 5.45
      vertex 23.3903 3.81888 12.05
    endloop
  endfacet
  facet normal 0.990918 0.134467 0
    outer loop
      vertex 23.3903 3.81888 5.45
      vertex 23.5622 2.55211 12.05
      vertex 23.5622 2.55211 5.45
    endloop
  endfacet
  facet normal 0.982234 0.187661 0
    outer loop
      vertex 23.3903 3.81888 12.05
      vertex 23.1504 5.07454 5.45
      vertex 23.1504 5.07454 12.05
    endloop
  endfacet
  facet normal 0.982234 0.187661 0
    outer loop
      vertex 23.1504 5.07454 5.45
      vertex 23.3903 3.81888 12.05
      vertex 23.3903 3.81888 5.45
    endloop
  endfacet
  facet normal 0.970678 0.240383 0
    outer loop
      vertex 23.1504 5.07454 12.05
      vertex 22.8431 6.31543 5.45
      vertex 22.8431 6.31543 12.05
    endloop
  endfacet
  facet normal 0.970678 0.240383 0
    outer loop
      vertex 22.8431 6.31543 5.45
      vertex 23.1504 5.07454 12.05
      vertex 23.1504 5.07454 5.45
    endloop
  endfacet
  facet normal 0.956296 0.292399 0
    outer loop
      vertex 22.8431 6.31543 12.05
      vertex 22.4693 7.53795 5.45
      vertex 22.4693 7.53795 12.05
    endloop
  endfacet
  facet normal 0.956296 0.292399 0
    outer loop
      vertex 22.4693 7.53795 5.45
      vertex 22.8431 6.31543 12.05
      vertex 22.8431 6.31543 5.45
    endloop
  endfacet
  facet normal 0.939157 0.343487 0
    outer loop
      vertex 22.4693 7.53795 12.05
      vertex 22.0302 8.73853 5.45
      vertex 22.0302 8.73853 12.05
    endloop
  endfacet
  facet normal 0.939157 0.343487 0
    outer loop
      vertex 22.0302 8.73853 5.45
      vertex 22.4693 7.53795 12.05
      vertex 22.4693 7.53795 5.45
    endloop
  endfacet
  facet normal 0.919243 0.393692 0
    outer loop
      vertex 22.0302 8.73853 12.05
      vertex 21.5269 9.9137 5.45
      vertex 21.5269 9.9137 12.05
    endloop
  endfacet
  facet normal 0.919243 0.393692 0
    outer loop
      vertex 21.5269 9.9137 5.45
      vertex 22.0302 8.73853 12.05
      vertex 22.0302 8.73853 5.45
    endloop
  endfacet
  facet normal 0.896715 0.442608 0
    outer loop
      vertex 21.5269 9.9137 12.05
      vertex 20.9611 11.06 5.45
      vertex 20.9611 11.06 12.05
    endloop
  endfacet
  facet normal 0.896715 0.442608 0
    outer loop
      vertex 20.9611 11.06 5.45
      vertex 21.5269 9.9137 12.05
      vertex 21.5269 9.9137 5.45
    endloop
  endfacet
  facet normal 0.871521 0.490358 0
    outer loop
      vertex 20.9611 11.06 12.05
      vertex 20.3342 12.1742 5.45
      vertex 20.3342 12.1742 12.05
    endloop
  endfacet
  facet normal 0.871521 0.490358 0
    outer loop
      vertex 20.3342 12.1742 5.45
      vertex 20.9611 11.06 12.05
      vertex 20.9611 11.06 5.45
    endloop
  endfacet
  facet normal 0 0 1
    outer loop
      vertex 23.7 3.3 5.45
      vertex 27.754 4.39581 5.45
      vertex 27.4859 5.84232 5.45
    endloop
  endfacet
  facet normal 0 0 1
    outer loop
      vertex 23.1504 5.07454 5.45
      vertex 27.4859 5.84232 5.45
      vertex 27.1425 7.27281 5.45
    endloop
  endfacet
  facet normal 0 0 1
    outer loop
      vertex 22.8431 6.31543 5.45
      vertex 27.1425 7.27281 5.45
      vertex 26.7247 8.68338 5.45
    endloop
  endfacet
  facet normal 0 0 1
    outer loop
      vertex 22.4693 7.53795 5.45
      vertex 26.7247 8.68338 5.45
      vertex 26.2336 10.0701 5.45
    endloop
  endfacet
  facet normal 0 0 1
    outer loop
      vertex 22.0302 8.73853 5.45
      vertex 26.2336 10.0701 5.45
      vertex 25.6706 11.4293 5.45
    endloop
  endfacet
  facet normal 0 0 1
    outer loop
      vertex 21.5269 9.9137 5.45
      vertex 25.6706 11.4293 5.45
      vertex 25.0373 12.7571 5.45
    endloop
  endfacet
  facet normal 0 0 1
    outer loop
      vertex 20.9611 11.06 5.45
      vertex 25.0373 12.7571 5.45
      vertex 24.3353 14.05 5.45
    endloop
  endfacet
  facet normal 0 0 1
    outer loop
      vertex 26.7247 8.68338 5.45
      vertex 22.4693 7.53795 5.45
      vertex 22.8431 6.31543 5.45
    endloop
  endfacet
  facet normal 0 0 1
    outer loop
      vertex 23.7 3.3 5.45
      vertex 23.6655 1.27791 5.45
      vertex 23.7 0 5.45
    endloop
  endfacet
  facet normal 0 0 1
    outer loop
      vertex 20.3342 12.1742 5.45
      vertex 24.3353 14.05 5.45
      vertex 23.5666 15.3044 5.45
    endloop
  endfacet
  facet normal 0 0 1
    outer loop
      vertex 27.754 4.39581 5.45
      vertex 23.7 3.3 5.45
      vertex 27.8983 3.3 5.45
    endloop
  endfacet
  facet normal 0 0 1
    outer loop
      vertex 23.7 3.3 5.45
      vertex 23.5622 2.55211 5.45
      vertex 23.6655 1.27791 5.45
    endloop
  endfacet
  facet normal 0 0 1
    outer loop
      vertex 23.7 3.3 5.45
      vertex 23.3903 3.81888 5.45
      vertex 23.5622 2.55211 5.45
    endloop
  endfacet
  facet normal 0 0 1
    outer loop
      vertex 19.6482 13.2529 5.45
      vertex 23.5666 15.3044 5.45
      vertex 23.2889 15.7085 5.45
    endloop
  endfacet
  facet normal 0 0 1
    outer loop
      vertex 27.4859 5.84232 5.45
      vertex 23.3903 3.81888 5.45
      vertex 23.7 3.3 5.45
    endloop
  endfacet
  facet normal 0 -0 1
    outer loop
      vertex 23.3903 3.81888 5.45
      vertex 27.4859 5.84232 5.45
      vertex 23.1504 5.07454 5.45
    endloop
  endfacet
  facet normal 0 0 1
    outer loop
      vertex 27.1425 7.27281 5.45
      vertex 22.8431 6.31543 5.45
      vertex 23.1504 5.07454 5.45
    endloop
  endfacet
  facet normal 0 0 1
    outer loop
      vertex 26.2336 10.0701 5.45
      vertex 22.0302 8.73853 5.45
      vertex 22.4693 7.53795 5.45
    endloop
  endfacet
  facet normal 0 0 1
    outer loop
      vertex 25.6706 11.4293 5.45
      vertex 21.5269 9.9137 5.45
      vertex 22.0302 8.73853 5.45
    endloop
  endfacet
  facet normal 0 0 1
    outer loop
      vertex 25.0373 12.7571 5.45
      vertex 20.9611 11.06 5.45
      vertex 21.5269 9.9137 5.45
    endloop
  endfacet
  facet normal 0 0 1
    outer loop
      vertex 24.3353 14.05 5.45
      vertex 20.3342 12.1742 5.45
      vertex 20.9611 11.06 5.45
    endloop
  endfacet
  facet normal 0 0 1
    outer loop
      vertex 23.5666 15.3044 5.45
      vertex 19.6482 13.2529 5.45
      vertex 20.3342 12.1742 5.45
    endloop
  endfacet
  facet normal 0.843819 0.536627 0
    outer loop
      vertex 20.3342 12.1742 12.05
      vertex 19.6482 13.2529 5.45
      vertex 19.6482 13.2529 12.05
    endloop
  endfacet
  facet normal 0.843819 0.536627 0
    outer loop
      vertex 19.6482 13.2529 5.45
      vertex 20.3342 12.1742 12.05
      vertex 20.3342 12.1742 5.45
    endloop
  endfacet
  facet normal 0 0 -1
    outer loop
      vertex -23.5666 -15.3044 12.05
      vertex -19.6482 -13.2529 12.05
      vertex -23.2889 -15.7085 12.05
    endloop
  endfacet
  facet normal -0 0 -1
    outer loop
      vertex -19.6482 -13.2529 12.05
      vertex -23.5666 -15.3044 12.05
      vertex -20.3342 -12.1742 12.05
    endloop
  endfacet
  facet normal 0 0 -1
    outer loop
      vertex -24.3353 -14.05 12.05
      vertex -20.3342 -12.1742 12.05
      vertex -23.5666 -15.3044 12.05
    endloop
  endfacet
  facet normal -0 0 -1
    outer loop
      vertex -20.3342 -12.1742 12.05
      vertex -24.3353 -14.05 12.05
      vertex -20.9611 -11.06 12.05
    endloop
  endfacet
  facet normal 0 0 -1
    outer loop
      vertex -25.0373 -12.7571 12.05
      vertex -20.9611 -11.06 12.05
      vertex -24.3353 -14.05 12.05
    endloop
  endfacet
  facet normal -0 0 -1
    outer loop
      vertex -20.9611 -11.06 12.05
      vertex -25.0373 -12.7571 12.05
      vertex -21.5269 -9.9137 12.05
    endloop
  endfacet
  facet normal 0 0 -1
    outer loop
      vertex -25.6706 -11.4293 12.05
      vertex -21.5269 -9.9137 12.05
      vertex -25.0373 -12.7571 12.05
    endloop
  endfacet
  facet normal -0 0 -1
    outer loop
      vertex -21.5269 -9.9137 12.05
      vertex -25.6706 -11.4293 12.05
      vertex -22.0302 -8.73853 12.05
    endloop
  endfacet
  facet normal 0 0 -1
    outer loop
      vertex -26.2336 -10.0701 12.05
      vertex -22.0302 -8.73853 12.05
      vertex -25.6706 -11.4293 12.05
    endloop
  endfacet
  facet normal -0 0 -1
    outer loop
      vertex -22.0302 -8.73853 12.05
      vertex -26.2336 -10.0701 12.05
      vertex -22.4693 -7.53795 12.05
    endloop
  endfacet
  facet normal 0 0 -1
    outer loop
      vertex -26.7247 -8.68338 12.05
      vertex -22.4693 -7.53795 12.05
      vertex -26.2336 -10.0701 12.05
    endloop
  endfacet
  facet normal -0 0 -1
    outer loop
      vertex -22.4693 -7.53795 12.05
      vertex -26.7247 -8.68338 12.05
      vertex -22.8431 -6.31543 12.05
    endloop
  endfacet
  facet normal 0 0 -1
    outer loop
      vertex -27.1425 -7.27281 12.05
      vertex -22.8431 -6.31543 12.05
      vertex -26.7247 -8.68338 12.05
    endloop
  endfacet
  facet normal -0 0 -1
    outer loop
      vertex -22.8431 -6.31543 12.05
      vertex -27.1425 -7.27281 12.05
      vertex -23.1504 -5.07454 12.05
    endloop
  endfacet
  facet normal 0 0 -1
    outer loop
      vertex -27.4859 -5.84232 12.05
      vertex -23.1504 -5.07454 12.05
      vertex -27.1425 -7.27281 12.05
    endloop
  endfacet
  facet normal -0 0 -1
    outer loop
      vertex -23.1504 -5.07454 12.05
      vertex -27.4859 -5.84232 12.05
      vertex -23.3903 -3.81888 12.05
    endloop
  endfacet
  facet normal 0 0 -1
    outer loop
      vertex -27.754 -4.39581 12.05
      vertex -23.3903 -3.81888 12.05
      vertex -27.4859 -5.84232 12.05
    endloop
  endfacet
  facet normal -0 0 -1
    outer loop
      vertex -23.3903 -3.81888 12.05
      vertex -27.754 -4.39581 12.05
      vertex -23.5622 -2.55211 12.05
    endloop
  endfacet
  facet normal 0 0 -1
    outer loop
      vertex -27.9461 -2.93725 12.05
      vertex -23.5622 -2.55211 12.05
      vertex -27.754 -4.39581 12.05
    endloop
  endfacet
  facet normal -0 0 -1
    outer loop
      vertex -23.5622 -2.55211 12.05
      vertex -27.9461 -2.93725 12.05
      vertex -23.6655 -1.27791 12.05
    endloop
  endfacet
  facet normal 0 0 -1
    outer loop
      vertex -28.0615 -1.47064 12.05
      vertex -23.6655 -1.27791 12.05
      vertex -27.9461 -2.93725 12.05
    endloop
  endfacet
  facet normal -0 0 -1
    outer loop
      vertex -23.6655 -1.27791 12.05
      vertex -28.0615 -1.47064 12.05
      vertex -23.7 0 12.05
    endloop
  endfacet
  facet normal 0 0 -1
    outer loop
      vertex -28.1 0 12.05
      vertex -23.7 0 12.05
      vertex -28.0615 -1.47064 12.05
    endloop
  endfacet
  facet normal 0 -0 -1
    outer loop
      vertex -28.0615 1.47064 12.05
      vertex -23.7 0 12.05
      vertex -28.1 0 12.05
    endloop
  endfacet
  facet normal 0 -0 -1
    outer loop
      vertex -27.9461 2.93725 12.05
      vertex -23.7 3.3 12.05
      vertex -28.0615 1.47064 12.05
    endloop
  endfacet
  facet normal -0 0 -1
    outer loop
      vertex -23.7 3.3 12.05
      vertex -27.9461 2.93725 12.05
      vertex -27.8983 3.3 12.05
    endloop
  endfacet
  facet normal 0 0 -1
    outer loop
      vertex -23.7 0 12.05
      vertex -28.0615 1.47064 12.05
      vertex -23.7 3.3 12.05
    endloop
  endfacet
  facet normal -1 0 0
    outer loop
      vertex -23.7 3.3 0
      vertex -23.7 0 5.45
      vertex -23.7 3.3 12.05
    endloop
  endfacet
  facet normal -1 0 0
    outer loop
      vertex -23.7 -3.3 0
      vertex -23.7 0 5.45
      vertex -23.7 3.3 0
    endloop
  endfacet
  facet normal -1 -0 0
    outer loop
      vertex -23.7 0 5.45
      vertex -23.7 -3.3 0
      vertex -23.7 -3.3 5.45
    endloop
  endfacet
  facet normal -1 -0 0
    outer loop
      vertex -23.7 3.3 12.05
      vertex -23.7 0 5.45
      vertex -23.7 0 12.05
    endloop
  endfacet
  facet normal 0 1 -0
    outer loop
      vertex -23.7 -3.3 0
      vertex -27.8983 -3.3 5.45
      vertex -23.7 -3.3 5.45
    endloop
  endfacet
  facet normal 0 1 0
    outer loop
      vertex -27.8983 -3.3 5.45
      vertex -23.7 -3.3 0
      vertex -27.8983 -3.3 0
    endloop
  endfacet
  facet normal 0 -1 0
    outer loop
      vertex -27.8983 3.3 0
      vertex -23.7 3.3 12.05
      vertex -27.8983 3.3 12.05
    endloop
  endfacet
  facet normal 0 -1 -0
    outer loop
      vertex -23.7 3.3 12.05
      vertex -27.8983 3.3 0
      vertex -23.7 3.3 0
    endloop
  endfacet
  facet normal -0.55918 0.829046 0
    outer loop
      vertex -19.6482 -13.2529 5.45
      vertex -23.2889 -15.7085 12.05
      vertex -19.6482 -13.2529 12.05
    endloop
  endfacet
  facet normal -0.55918 0.829046 0
    outer loop
      vertex -23.2889 -15.7085 12.05
      vertex -19.6482 -13.2529 5.45
      vertex -23.2889 -15.7085 5.45
    endloop
  endfacet
  facet normal -0.999636 -0.0269874 0
    outer loop
      vertex -23.6655 -1.27791 5.45
      vertex -23.7 0 12.05
      vertex -23.7 0 5.45
    endloop
  endfacet
  facet normal -0.999636 -0.0269874 0
    outer loop
      vertex -23.7 0 12.05
      vertex -23.6655 -1.27791 5.45
      vertex -23.6655 -1.27791 12.05
    endloop
  endfacet
  facet normal -0.99673 -0.0808054 0
    outer loop
      vertex -23.5622 -2.55211 5.45
      vertex -23.6655 -1.27791 12.05
      vertex -23.6655 -1.27791 5.45
    endloop
  endfacet
  facet normal -0.99673 -0.0808054 0
    outer loop
      vertex -23.6655 -1.27791 12.05
      vertex -23.5622 -2.55211 5.45
      vertex -23.5622 -2.55211 12.05
    endloop
  endfacet
  facet normal -0.990918 -0.134467 0
    outer loop
      vertex -23.3903 -3.81888 5.45
      vertex -23.5622 -2.55211 12.05
      vertex -23.5622 -2.55211 5.45
    endloop
  endfacet
  facet normal -0.990918 -0.134467 0
    outer loop
      vertex -23.5622 -2.55211 12.05
      vertex -23.3903 -3.81888 5.45
      vertex -23.3903 -3.81888 12.05
    endloop
  endfacet
  facet normal -0.982234 -0.187661 0
    outer loop
      vertex -23.1504 -5.07454 5.45
      vertex -23.3903 -3.81888 12.05
      vertex -23.3903 -3.81888 5.45
    endloop
  endfacet
  facet normal -0.982234 -0.187661 0
    outer loop
      vertex -23.3903 -3.81888 12.05
      vertex -23.1504 -5.07454 5.45
      vertex -23.1504 -5.07454 12.05
    endloop
  endfacet
  facet normal -0.970678 -0.240383 0
    outer loop
      vertex -22.8431 -6.31543 5.45
      vertex -23.1504 -5.07454 12.05
      vertex -23.1504 -5.07454 5.45
    endloop
  endfacet
  facet normal -0.970678 -0.240383 0
    outer loop
      vertex -23.1504 -5.07454 12.05
      vertex -22.8431 -6.31543 5.45
      vertex -22.8431 -6.31543 12.05
    endloop
  endfacet
  facet normal -0.956296 -0.292399 0
    outer loop
      vertex -22.4693 -7.53795 5.45
      vertex -22.8431 -6.31543 12.05
      vertex -22.8431 -6.31543 5.45
    endloop
  endfacet
  facet normal -0.956296 -0.292399 0
    outer loop
      vertex -22.8431 -6.31543 12.05
      vertex -22.4693 -7.53795 5.45
      vertex -22.4693 -7.53795 12.05
    endloop
  endfacet
  facet normal -0.939157 -0.343487 0
    outer loop
      vertex -22.0302 -8.73853 5.45
      vertex -22.4693 -7.53795 12.05
      vertex -22.4693 -7.53795 5.45
    endloop
  endfacet
  facet normal -0.939157 -0.343487 0
    outer loop
      vertex -22.4693 -7.53795 12.05
      vertex -22.0302 -8.73853 5.45
      vertex -22.0302 -8.73853 12.05
    endloop
  endfacet
  facet normal -0.919243 -0.393692 0
    outer loop
      vertex -21.5269 -9.9137 5.45
      vertex -22.0302 -8.73853 12.05
      vertex -22.0302 -8.73853 5.45
    endloop
  endfacet
  facet normal -0.919243 -0.393692 0
    outer loop
      vertex -22.0302 -8.73853 12.05
      vertex -21.5269 -9.9137 5.45
      vertex -21.5269 -9.9137 12.05
    endloop
  endfacet
  facet normal -0.896715 -0.442608 0
    outer loop
      vertex -20.9611 -11.06 5.45
      vertex -21.5269 -9.9137 12.05
      vertex -21.5269 -9.9137 5.45
    endloop
  endfacet
  facet normal -0.896715 -0.442608 0
    outer loop
      vertex -21.5269 -9.9137 12.05
      vertex -20.9611 -11.06 5.45
      vertex -20.9611 -11.06 12.05
    endloop
  endfacet
  facet normal -0.871521 -0.490358 0
    outer loop
      vertex -20.3342 -12.1742 5.45
      vertex -20.9611 -11.06 12.05
      vertex -20.9611 -11.06 5.45
    endloop
  endfacet
  facet normal -0.871521 -0.490358 0
    outer loop
      vertex -20.9611 -11.06 12.05
      vertex -20.3342 -12.1742 5.45
      vertex -20.3342 -12.1742 12.05
    endloop
  endfacet
  facet normal 0 0 1
    outer loop
      vertex -23.5666 -15.3044 5.45
      vertex -19.6482 -13.2529 5.45
      vertex -20.3342 -12.1742 5.45
    endloop
  endfacet
  facet normal 0 0 1
    outer loop
      vertex -24.3353 -14.05 5.45
      vertex -20.3342 -12.1742 5.45
      vertex -20.9611 -11.06 5.45
    endloop
  endfacet
  facet normal 0 0 1
    outer loop
      vertex -25.0373 -12.7571 5.45
      vertex -20.9611 -11.06 5.45
      vertex -21.5269 -9.9137 5.45
    endloop
  endfacet
  facet normal 0 0 1
    outer loop
      vertex -25.6706 -11.4293 5.45
      vertex -21.5269 -9.9137 5.45
      vertex -22.0302 -8.73853 5.45
    endloop
  endfacet
  facet normal 0 0 1
    outer loop
      vertex -26.2336 -10.0701 5.45
      vertex -22.0302 -8.73853 5.45
      vertex -22.4693 -7.53795 5.45
    endloop
  endfacet
  facet normal 0 0 1
    outer loop
      vertex -26.7247 -8.68338 5.45
      vertex -22.4693 -7.53795 5.45
      vertex -22.8431 -6.31543 5.45
    endloop
  endfacet
  facet normal 0 0 1
    outer loop
      vertex -27.1425 -7.27281 5.45
      vertex -22.8431 -6.31543 5.45
      vertex -23.1504 -5.07454 5.45
    endloop
  endfacet
  facet normal 0 0 1
    outer loop
      vertex -27.4859 -5.84232 5.45
      vertex -23.1504 -5.07454 5.45
      vertex -23.3903 -3.81888 5.45
    endloop
  endfacet
  facet normal -0 0 1
    outer loop
      vertex -23.7 -3.3 5.45
      vertex -23.3903 -3.81888 5.45
      vertex -23.5622 -2.55211 5.45
    endloop
  endfacet
  facet normal 0 0 1
    outer loop
      vertex -27.4859 -5.84232 5.45
      vertex -23.3903 -3.81888 5.45
      vertex -23.7 -3.3 5.45
    endloop
  endfacet
  facet normal 0 0 1
    outer loop
      vertex -23.7 -3.3 5.45
      vertex -23.5622 -2.55211 5.45
      vertex -23.6655 -1.27791 5.45
    endloop
  endfacet
  facet normal 0 0 1
    outer loop
      vertex -23.7 -3.3 5.45
      vertex -23.6655 -1.27791 5.45
      vertex -23.7 0 5.45
    endloop
  endfacet
  facet normal 0 0 1
    outer loop
      vertex -19.6482 -13.2529 5.45
      vertex -23.5666 -15.3044 5.45
      vertex -23.2889 -15.7085 5.45
    endloop
  endfacet
  facet normal 0 0 1
    outer loop
      vertex -20.3342 -12.1742 5.45
      vertex -24.3353 -14.05 5.45
      vertex -23.5666 -15.3044 5.45
    endloop
  endfacet
  facet normal 0 0 1
    outer loop
      vertex -20.9611 -11.06 5.45
      vertex -25.0373 -12.7571 5.45
      vertex -24.3353 -14.05 5.45
    endloop
  endfacet
  facet normal 0 0 1
    outer loop
      vertex -21.5269 -9.9137 5.45
      vertex -25.6706 -11.4293 5.45
      vertex -25.0373 -12.7571 5.45
    endloop
  endfacet
  facet normal 0 0 1
    outer loop
      vertex -22.0302 -8.73853 5.45
      vertex -26.2336 -10.0701 5.45
      vertex -25.6706 -11.4293 5.45
    endloop
  endfacet
  facet normal 0 0 1
    outer loop
      vertex -22.4693 -7.53795 5.45
      vertex -26.7247 -8.68338 5.45
      vertex -26.2336 -10.0701 5.45
    endloop
  endfacet
  facet normal 0 0 1
    outer loop
      vertex -22.8431 -6.31543 5.45
      vertex -27.1425 -7.27281 5.45
      vertex -26.7247 -8.68338 5.45
    endloop
  endfacet
  facet normal 0 0 1
    outer loop
      vertex -23.1504 -5.07454 5.45
      vertex -27.4859 -5.84232 5.45
      vertex -27.1425 -7.27281 5.45
    endloop
  endfacet
  facet normal 0 0 1
    outer loop
      vertex -23.7 -3.3 5.45
      vertex -27.754 -4.39581 5.45
      vertex -27.4859 -5.84232 5.45
    endloop
  endfacet
  facet normal 0 -0 1
    outer loop
      vertex -27.754 -4.39581 5.45
      vertex -23.7 -3.3 5.45
      vertex -27.8983 -3.3 5.45
    endloop
  endfacet
  facet normal -0.843819 -0.536627 0
    outer loop
      vertex -19.6482 -13.2529 5.45
      vertex -20.3342 -12.1742 12.05
      vertex -20.3342 -12.1742 5.45
    endloop
  endfacet
  facet normal -0.843819 -0.536627 0
    outer loop
      vertex -20.3342 -12.1742 12.05
      vertex -19.6482 -13.2529 5.45
      vertex -19.6482 -13.2529 12.05
    endloop
  endfacet
endsolid OpenSCAD_Model
