solid OpenSCAD_Model
  facet normal 0.857191 0.514999 0
    outer loop
      vertex 35.507 20.5 3
      vertex 34.77 21.7267 0
      vertex 34.77 21.7267 3
    endloop
  endfacet
  facet normal 0.857191 0.514999 0
    outer loop
      vertex 34.77 21.7267 0
      vertex 35.507 20.5 3
      vertex 35.507 20.5 0
    endloop
  endfacet
  facet normal -0.573551 -0.81917 0
    outer loop
      vertex -24.0992 -33.1697 0
      vertex -22.9269 -33.9905 3
      vertex -24.0992 -33.1697 3
    endloop
  endfacet
  facet normal -0.573551 -0.81917 -0
    outer loop
      vertex -22.9269 -33.9905 3
      vertex -24.0992 -33.1697 0
      vertex -22.9269 -33.9905 0
    endloop
  endfacet
  facet normal 0.998629 0.0523377 0
    outer loop
      vertex 40.975 1.43088 3
      vertex 40.9001 2.86001 0
      vertex 40.9001 2.86001 3
    endloop
  endfacet
  facet normal 0.998629 0.0523377 0
    outer loop
      vertex 40.9001 2.86001 0
      vertex 40.975 1.43088 3
      vertex 40.975 1.43088 0
    endloop
  endfacet
  facet normal 0.999847 0.0174691 0
    outer loop
      vertex 41 0 3
      vertex 40.975 1.43088 0
      vertex 40.975 1.43088 3
    endloop
  endfacet
  facet normal 0.999847 0.0174691 0
    outer loop
      vertex 40.975 1.43088 0
      vertex 41 0 3
      vertex 41 0 0
    endloop
  endfacet
  facet normal 0.996196 0.0871356 0
    outer loop
      vertex 40.9001 2.86001 3
      vertex 40.7754 4.28567 0
      vertex 40.7754 4.28567 3
    endloop
  endfacet
  facet normal 0.996196 0.0871356 0
    outer loop
      vertex 40.7754 4.28567 0
      vertex 40.9001 2.86001 3
      vertex 40.9001 2.86001 0
    endloop
  endfacet
  facet normal 0.874599 -0.484848 0
    outer loop
      vertex 35.507 -20.5 3
      vertex 36.2009 -19.2483 0
      vertex 36.2009 -19.2483 3
    endloop
  endfacet
  facet normal 0.874599 -0.484848 0
    outer loop
      vertex 36.2009 -19.2483 0
      vertex 35.507 -20.5 3
      vertex 35.507 -20.5 0
    endloop
  endfacet
  facet normal 0.0871356 -0.996196 0
    outer loop
      vertex 2.86001 -40.9001 0
      vertex 4.28567 -40.7754 3
      vertex 2.86001 -40.9001 3
    endloop
  endfacet
  facet normal 0.0871356 -0.996196 0
    outer loop
      vertex 4.28567 -40.7754 3
      vertex 2.86001 -40.9001 0
      vertex 4.28567 -40.7754 0
    endloop
  endfacet
  facet normal -0.731343 0.682009 0
    outer loop
      vertex -30.4689 27.4344 0
      vertex -29.4929 28.481 3
      vertex -29.4929 28.481 0
    endloop
  endfacet
  facet normal -0.731343 0.682009 0
    outer loop
      vertex -29.4929 28.481 3
      vertex -30.4689 27.4344 0
      vertex -30.4689 27.4344 3
    endloop
  endfacet
  facet normal -0.974374 0.224933 0
    outer loop
      vertex -40.104 8.52438 0
      vertex -39.7821 9.9188 3
      vertex -39.7821 9.9188 0
    endloop
  endfacet
  facet normal -0.974374 0.224933 0
    outer loop
      vertex -39.7821 9.9188 3
      vertex -40.104 8.52438 0
      vertex -40.104 8.52438 3
    endloop
  endfacet
  facet normal 0.0871356 0.996196 -0
    outer loop
      vertex 4.28567 40.7754 0
      vertex 2.86001 40.9001 3
      vertex 4.28567 40.7754 3
    endloop
  endfacet
  facet normal 0.0871356 0.996196 0
    outer loop
      vertex 2.86001 40.9001 3
      vertex 4.28567 40.7754 0
      vertex 2.86001 40.9001 0
    endloop
  endfacet
  facet normal 0.422618 0.906308 -0
    outer loop
      vertex 17.9732 36.8506 0
      vertex 16.6762 37.4554 3
      vertex 17.9732 36.8506 3
    endloop
  endfacet
  facet normal 0.422618 0.906308 0
    outer loop
      vertex 16.6762 37.4554 3
      vertex 17.9732 36.8506 0
      vertex 16.6762 37.4554 0
    endloop
  endfacet
  facet normal -0.0174691 -0.999847 0
    outer loop
      vertex -1.43088 -40.975 0
      vertex 0 -41 3
      vertex -1.43088 -40.975 3
    endloop
  endfacet
  facet normal -0.0174691 -0.999847 -0
    outer loop
      vertex 0 -41 3
      vertex -1.43088 -40.975 0
      vertex 0 -41 0
    endloop
  endfacet
  facet normal -0.258828 0.965923 0
    outer loop
      vertex -9.9188 39.7821 0
      vertex -11.3011 39.4117 3
      vertex -9.9188 39.7821 3
    endloop
  endfacet
  facet normal -0.258828 0.965923 0
    outer loop
      vertex -11.3011 39.4117 3
      vertex -9.9188 39.7821 0
      vertex -11.3011 39.4117 0
    endloop
  endfacet
  facet normal 0.514999 0.857191 -0
    outer loop
      vertex 21.7267 34.77 0
      vertex 20.5 35.507 3
      vertex 21.7267 34.77 3
    endloop
  endfacet
  facet normal 0.514999 0.857191 0
    outer loop
      vertex 20.5 35.507 3
      vertex 21.7267 34.77 0
      vertex 20.5 35.507 0
    endloop
  endfacet
  facet normal -0.996196 0.0871356 0
    outer loop
      vertex -40.9001 2.86001 0
      vertex -40.7754 4.28567 3
      vertex -40.7754 4.28567 0
    endloop
  endfacet
  facet normal -0.996196 0.0871356 0
    outer loop
      vertex -40.7754 4.28567 3
      vertex -40.9001 2.86001 0
      vertex -40.9001 2.86001 3
    endloop
  endfacet
  facet normal 0.857191 -0.514999 0
    outer loop
      vertex 34.77 -21.7267 3
      vertex 35.507 -20.5 0
      vertex 35.507 -20.5 3
    endloop
  endfacet
  facet normal 0.857191 -0.514999 0
    outer loop
      vertex 35.507 -20.5 0
      vertex 34.77 -21.7267 3
      vertex 34.77 -21.7267 0
    endloop
  endfacet
  facet normal -0.731343 -0.682009 0
    outer loop
      vertex -29.4929 -28.481 0
      vertex -30.4689 -27.4344 3
      vertex -30.4689 -27.4344 0
    endloop
  endfacet
  facet normal -0.731343 -0.682009 0
    outer loop
      vertex -30.4689 -27.4344 3
      vertex -29.4929 -28.481 0
      vertex -29.4929 -28.481 3
    endloop
  endfacet
  facet normal -0.629303 0.77716 0
    outer loop
      vertex -25.2421 32.3084 0
      vertex -26.3543 31.4078 3
      vertex -25.2421 32.3084 3
    endloop
  endfacet
  facet normal -0.629303 0.77716 0
    outer loop
      vertex -26.3543 31.4078 3
      vertex -25.2421 32.3084 0
      vertex -26.3543 31.4078 0
    endloop
  endfacet
  facet normal 0.35838 -0.933576 0
    outer loop
      vertex 14.0228 -38.5274 0
      vertex 15.3589 -38.0145 3
      vertex 14.0228 -38.5274 3
    endloop
  endfacet
  facet normal 0.35838 -0.933576 0
    outer loop
      vertex 15.3589 -38.0145 3
      vertex 14.0228 -38.5274 0
      vertex 15.3589 -38.0145 0
    endloop
  endfacet
  facet normal -0.945521 0.325562 0
    outer loop
      vertex -38.9933 12.6697 0
      vertex -38.5274 14.0228 3
      vertex -38.5274 14.0228 0
    endloop
  endfacet
  facet normal -0.945521 0.325562 0
    outer loop
      vertex -38.5274 14.0228 3
      vertex -38.9933 12.6697 0
      vertex -38.9933 12.6697 3
    endloop
  endfacet
  facet normal 0.956309 -0.292357 0
    outer loop
      vertex 38.9933 -12.6697 3
      vertex 39.4117 -11.3011 0
      vertex 39.4117 -11.3011 3
    endloop
  endfacet
  facet normal 0.956309 -0.292357 0
    outer loop
      vertex 39.4117 -11.3011 0
      vertex 38.9933 -12.6697 3
      vertex 38.9933 -12.6697 0
    endloop
  endfacet
  facet normal 0.514999 -0.857191 0
    outer loop
      vertex 20.5 -35.507 0
      vertex 21.7267 -34.77 3
      vertex 20.5 -35.507 3
    endloop
  endfacet
  facet normal 0.514999 -0.857191 0
    outer loop
      vertex 21.7267 -34.77 3
      vertex 20.5 -35.507 0
      vertex 21.7267 -34.77 0
    endloop
  endfacet
  facet normal -0.35838 0.933576 0
    outer loop
      vertex -14.0228 38.5274 0
      vertex -15.3589 38.0145 3
      vertex -14.0228 38.5274 3
    endloop
  endfacet
  facet normal -0.35838 0.933576 0
    outer loop
      vertex -15.3589 38.0145 3
      vertex -14.0228 38.5274 0
      vertex -15.3589 38.0145 0
    endloop
  endfacet
  facet normal 0.81917 0.573551 0
    outer loop
      vertex 33.9905 22.9269 3
      vertex 33.1697 24.0992 0
      vertex 33.1697 24.0992 3
    endloop
  endfacet
  facet normal 0.81917 0.573551 0
    outer loop
      vertex 33.1697 24.0992 0
      vertex 33.9905 22.9269 3
      vertex 33.9905 22.9269 0
    endloop
  endfacet
  facet normal -0.996196 -0.0871356 0
    outer loop
      vertex -40.7754 -4.28567 0
      vertex -40.9001 -2.86001 3
      vertex -40.9001 -2.86001 0
    endloop
  endfacet
  facet normal -0.996196 -0.0871356 0
    outer loop
      vertex -40.9001 -2.86001 3
      vertex -40.7754 -4.28567 0
      vertex -40.7754 -4.28567 3
    endloop
  endfacet
  facet normal 0.190831 0.981623 -0
    outer loop
      vertex 8.52438 40.104 0
      vertex 7.11957 40.3771 3
      vertex 8.52438 40.104 3
    endloop
  endfacet
  facet normal 0.190831 0.981623 0
    outer loop
      vertex 7.11957 40.3771 3
      vertex 8.52438 40.104 0
      vertex 7.11957 40.3771 0
    endloop
  endfacet
  facet normal 0.933576 -0.35838 0
    outer loop
      vertex 38.0145 -15.3589 3
      vertex 38.5274 -14.0228 0
      vertex 38.5274 -14.0228 3
    endloop
  endfacet
  facet normal 0.933576 -0.35838 0
    outer loop
      vertex 38.5274 -14.0228 0
      vertex 38.0145 -15.3589 3
      vertex 38.0145 -15.3589 0
    endloop
  endfacet
  facet normal -0.81917 -0.573551 0
    outer loop
      vertex -33.1697 -24.0992 0
      vertex -33.9905 -22.9269 3
      vertex -33.9905 -22.9269 0
    endloop
  endfacet
  facet normal -0.81917 -0.573551 0
    outer loop
      vertex -33.9905 -22.9269 3
      vertex -33.1697 -24.0992 0
      vertex -33.1697 -24.0992 3
    endloop
  endfacet
  facet normal 0.573551 0.81917 -0
    outer loop
      vertex 24.0992 33.1697 0
      vertex 22.9269 33.9905 3
      vertex 24.0992 33.1697 3
    endloop
  endfacet
  facet normal 0.573551 0.81917 0
    outer loop
      vertex 22.9269 33.9905 3
      vertex 24.0992 33.1697 0
      vertex 22.9269 33.9905 0
    endloop
  endfacet
  facet normal -0.945521 -0.325562 0
    outer loop
      vertex -38.5274 -14.0228 0
      vertex -38.9933 -12.6697 3
      vertex -38.9933 -12.6697 0
    endloop
  endfacet
  facet normal -0.945521 -0.325562 0
    outer loop
      vertex -38.9933 -12.6697 3
      vertex -38.5274 -14.0228 0
      vertex -38.5274 -14.0228 3
    endloop
  endfacet
  facet normal -0.874599 0.484848 0
    outer loop
      vertex -36.2009 19.2483 0
      vertex -35.507 20.5 3
      vertex -35.507 20.5 0
    endloop
  endfacet
  facet normal -0.874599 0.484848 0
    outer loop
      vertex -35.507 20.5 3
      vertex -36.2009 19.2483 0
      vertex -36.2009 19.2483 3
    endloop
  endfacet
  facet normal 0.292357 -0.956309 0
    outer loop
      vertex 11.3011 -39.4117 0
      vertex 12.6697 -38.9933 3
      vertex 11.3011 -39.4117 3
    endloop
  endfacet
  facet normal 0.292357 -0.956309 0
    outer loop
      vertex 12.6697 -38.9933 3
      vertex 11.3011 -39.4117 0
      vertex 12.6697 -38.9933 0
    endloop
  endfacet
  facet normal -0.35838 -0.933576 0
    outer loop
      vertex -15.3589 -38.0145 0
      vertex -14.0228 -38.5274 3
      vertex -15.3589 -38.0145 3
    endloop
  endfacet
  facet normal -0.35838 -0.933576 -0
    outer loop
      vertex -14.0228 -38.5274 3
      vertex -15.3589 -38.0145 0
      vertex -14.0228 -38.5274 0
    endloop
  endfacet
  facet normal 0.484848 0.874599 -0
    outer loop
      vertex 20.5 35.507 0
      vertex 19.2483 36.2009 3
      vertex 20.5 35.507 3
    endloop
  endfacet
  facet normal 0.484848 0.874599 0
    outer loop
      vertex 19.2483 36.2009 3
      vertex 20.5 35.507 0
      vertex 19.2483 36.2009 0
    endloop
  endfacet
  facet normal 0.754715 0.656052 0
    outer loop
      vertex 31.4078 26.3543 3
      vertex 30.4689 27.4344 0
      vertex 30.4689 27.4344 3
    endloop
  endfacet
  facet normal 0.754715 0.656052 0
    outer loop
      vertex 30.4689 27.4344 0
      vertex 31.4078 26.3543 3
      vertex 31.4078 26.3543 0
    endloop
  endfacet
  facet normal -0.998629 -0.0523377 0
    outer loop
      vertex -40.9001 -2.86001 0
      vertex -40.975 -1.43088 3
      vertex -40.975 -1.43088 0
    endloop
  endfacet
  facet normal -0.998629 -0.0523377 0
    outer loop
      vertex -40.975 -1.43088 3
      vertex -40.9001 -2.86001 0
      vertex -40.9001 -2.86001 3
    endloop
  endfacet
  facet normal -0.81917 0.573551 0
    outer loop
      vertex -33.9905 22.9269 0
      vertex -33.1697 24.0992 3
      vertex -33.1697 24.0992 0
    endloop
  endfacet
  facet normal -0.81917 0.573551 0
    outer loop
      vertex -33.1697 24.0992 3
      vertex -33.9905 22.9269 0
      vertex -33.9905 22.9269 3
    endloop
  endfacet
  facet normal 0.965923 0.258828 0
    outer loop
      vertex 39.7821 9.9188 3
      vertex 39.4117 11.3011 0
      vertex 39.4117 11.3011 3
    endloop
  endfacet
  facet normal 0.965923 0.258828 0
    outer loop
      vertex 39.4117 11.3011 0
      vertex 39.7821 9.9188 3
      vertex 39.7821 9.9188 0
    endloop
  endfacet
  facet normal 0.945521 -0.325562 0
    outer loop
      vertex 38.5274 -14.0228 3
      vertex 38.9933 -12.6697 0
      vertex 38.9933 -12.6697 3
    endloop
  endfacet
  facet normal 0.945521 -0.325562 0
    outer loop
      vertex 38.9933 -12.6697 0
      vertex 38.5274 -14.0228 3
      vertex 38.5274 -14.0228 0
    endloop
  endfacet
  facet normal 0.838645 0.544679 0
    outer loop
      vertex 34.77 21.7267 3
      vertex 33.9905 22.9269 0
      vertex 33.9905 22.9269 3
    endloop
  endfacet
  facet normal 0.838645 0.544679 0
    outer loop
      vertex 33.9905 22.9269 0
      vertex 34.77 21.7267 3
      vertex 34.77 21.7267 0
    endloop
  endfacet
  facet normal 0.987685 -0.156454 0
    outer loop
      vertex 40.3771 -7.11957 3
      vertex 40.601 -5.7061 0
      vertex 40.601 -5.7061 3
    endloop
  endfacet
  facet normal 0.987685 -0.156454 0
    outer loop
      vertex 40.601 -5.7061 0
      vertex 40.3771 -7.11957 3
      vertex 40.3771 -7.11957 0
    endloop
  endfacet
  facet normal -0.0871356 -0.996196 0
    outer loop
      vertex -4.28567 -40.7754 0
      vertex -2.86001 -40.9001 3
      vertex -4.28567 -40.7754 3
    endloop
  endfacet
  facet normal -0.0871356 -0.996196 -0
    outer loop
      vertex -2.86001 -40.9001 3
      vertex -4.28567 -40.7754 0
      vertex -2.86001 -40.9001 0
    endloop
  endfacet
  facet normal -0.514999 -0.857191 0
    outer loop
      vertex -21.7267 -34.77 0
      vertex -20.5 -35.507 3
      vertex -21.7267 -34.77 3
    endloop
  endfacet
  facet normal -0.514999 -0.857191 -0
    outer loop
      vertex -20.5 -35.507 3
      vertex -21.7267 -34.77 0
      vertex -20.5 -35.507 0
    endloop
  endfacet
  facet normal 0.453993 -0.891005 0
    outer loop
      vertex 17.9732 -36.8506 0
      vertex 19.2483 -36.2009 3
      vertex 17.9732 -36.8506 3
    endloop
  endfacet
  facet normal 0.453993 -0.891005 0
    outer loop
      vertex 19.2483 -36.2009 3
      vertex 17.9732 -36.8506 0
      vertex 19.2483 -36.2009 0
    endloop
  endfacet
  facet normal -0.857191 0.514999 0
    outer loop
      vertex -35.507 20.5 0
      vertex -34.77 21.7267 3
      vertex -34.77 21.7267 0
    endloop
  endfacet
  facet normal -0.857191 0.514999 0
    outer loop
      vertex -34.77 21.7267 3
      vertex -35.507 20.5 0
      vertex -35.507 20.5 3
    endloop
  endfacet
  facet normal 0.956309 0.292357 0
    outer loop
      vertex 39.4117 11.3011 3
      vertex 38.9933 12.6697 0
      vertex 38.9933 12.6697 3
    endloop
  endfacet
  facet normal 0.956309 0.292357 0
    outer loop
      vertex 38.9933 12.6697 0
      vertex 39.4117 11.3011 3
      vertex 39.4117 11.3011 0
    endloop
  endfacet
  facet normal 0.656052 0.754715 -0
    outer loop
      vertex 27.4344 30.4689 0
      vertex 26.3543 31.4078 3
      vertex 27.4344 30.4689 3
    endloop
  endfacet
  facet normal 0.656052 0.754715 0
    outer loop
      vertex 26.3543 31.4078 3
      vertex 27.4344 30.4689 0
      vertex 26.3543 31.4078 0
    endloop
  endfacet
  facet normal 0.906308 0.422618 0
    outer loop
      vertex 37.4554 16.6762 3
      vertex 36.8506 17.9732 0
      vertex 36.8506 17.9732 3
    endloop
  endfacet
  facet normal 0.906308 0.422618 0
    outer loop
      vertex 36.8506 17.9732 0
      vertex 37.4554 16.6762 3
      vertex 37.4554 16.6762 0
    endloop
  endfacet
  facet normal 0.682009 0.731343 -0
    outer loop
      vertex 28.481 29.4929 0
      vertex 27.4344 30.4689 3
      vertex 28.481 29.4929 3
    endloop
  endfacet
  facet normal 0.682009 0.731343 0
    outer loop
      vertex 27.4344 30.4689 3
      vertex 28.481 29.4929 0
      vertex 27.4344 30.4689 0
    endloop
  endfacet
  facet normal -0.682009 -0.731343 0
    outer loop
      vertex -28.481 -29.4929 0
      vertex -27.4344 -30.4689 3
      vertex -28.481 -29.4929 3
    endloop
  endfacet
  facet normal -0.682009 -0.731343 -0
    outer loop
      vertex -27.4344 -30.4689 3
      vertex -28.481 -29.4929 0
      vertex -27.4344 -30.4689 0
    endloop
  endfacet
  facet normal -0.484848 -0.874599 0
    outer loop
      vertex -20.5 -35.507 0
      vertex -19.2483 -36.2009 3
      vertex -20.5 -35.507 3
    endloop
  endfacet
  facet normal -0.484848 -0.874599 -0
    outer loop
      vertex -19.2483 -36.2009 3
      vertex -20.5 -35.507 0
      vertex -19.2483 -36.2009 0
    endloop
  endfacet
  facet normal -0.974374 -0.224933 0
    outer loop
      vertex -39.7821 -9.9188 0
      vertex -40.104 -8.52438 3
      vertex -40.104 -8.52438 0
    endloop
  endfacet
  facet normal -0.974374 -0.224933 0
    outer loop
      vertex -40.104 -8.52438 3
      vertex -39.7821 -9.9188 0
      vertex -39.7821 -9.9188 3
    endloop
  endfacet
  facet normal -0.156454 0.987685 0
    outer loop
      vertex -5.7061 40.601 0
      vertex -7.11957 40.3771 3
      vertex -5.7061 40.601 3
    endloop
  endfacet
  facet normal -0.156454 0.987685 0
    outer loop
      vertex -7.11957 40.3771 3
      vertex -5.7061 40.601 0
      vertex -7.11957 40.3771 0
    endloop
  endfacet
  facet normal 0.0174691 -0.999847 0
    outer loop
      vertex 0 -41 0
      vertex 1.43088 -40.975 3
      vertex 0 -41 3
    endloop
  endfacet
  facet normal 0.0174691 -0.999847 0
    outer loop
      vertex 1.43088 -40.975 3
      vertex 0 -41 0
      vertex 1.43088 -40.975 0
    endloop
  endfacet
  facet normal -0.981623 -0.190831 0
    outer loop
      vertex -40.104 -8.52438 0
      vertex -40.3771 -7.11957 3
      vertex -40.3771 -7.11957 0
    endloop
  endfacet
  facet normal -0.981623 -0.190831 0
    outer loop
      vertex -40.3771 -7.11957 3
      vertex -40.104 -8.52438 0
      vertex -40.104 -8.52438 3
    endloop
  endfacet
  facet normal 0.981623 0.190831 0
    outer loop
      vertex 40.3771 7.11957 3
      vertex 40.104 8.52438 0
      vertex 40.104 8.52438 3
    endloop
  endfacet
  facet normal 0.981623 0.190831 0
    outer loop
      vertex 40.104 8.52438 0
      vertex 40.3771 7.11957 3
      vertex 40.3771 7.11957 0
    endloop
  endfacet
  facet normal -0.0523377 0.998629 0
    outer loop
      vertex -1.43088 40.975 0
      vertex -2.86001 40.9001 3
      vertex -1.43088 40.975 3
    endloop
  endfacet
  facet normal -0.0523377 0.998629 0
    outer loop
      vertex -2.86001 40.9001 3
      vertex -1.43088 40.975 0
      vertex -2.86001 40.9001 0
    endloop
  endfacet
  facet normal 0.891005 0.453993 0
    outer loop
      vertex 36.8506 17.9732 3
      vertex 36.2009 19.2483 0
      vertex 36.2009 19.2483 3
    endloop
  endfacet
  facet normal 0.891005 0.453993 0
    outer loop
      vertex 36.2009 19.2483 0
      vertex 36.8506 17.9732 3
      vertex 36.8506 17.9732 0
    endloop
  endfacet
  facet normal -0.891005 -0.453993 0
    outer loop
      vertex -36.2009 -19.2483 0
      vertex -36.8506 -17.9732 3
      vertex -36.8506 -17.9732 0
    endloop
  endfacet
  facet normal -0.891005 -0.453993 0
    outer loop
      vertex -36.8506 -17.9732 3
      vertex -36.2009 -19.2483 0
      vertex -36.2009 -19.2483 3
    endloop
  endfacet
  facet normal 0.754715 -0.656052 0
    outer loop
      vertex 30.4689 -27.4344 3
      vertex 31.4078 -26.3543 0
      vertex 31.4078 -26.3543 3
    endloop
  endfacet
  facet normal 0.754715 -0.656052 0
    outer loop
      vertex 31.4078 -26.3543 0
      vertex 30.4689 -27.4344 3
      vertex 30.4689 -27.4344 0
    endloop
  endfacet
  facet normal 0.798614 -0.601843 0
    outer loop
      vertex 32.3084 -25.2421 3
      vertex 33.1697 -24.0992 0
      vertex 33.1697 -24.0992 3
    endloop
  endfacet
  facet normal 0.798614 -0.601843 0
    outer loop
      vertex 33.1697 -24.0992 0
      vertex 32.3084 -25.2421 3
      vertex 32.3084 -25.2421 0
    endloop
  endfacet
  facet normal -0.682009 0.731343 0
    outer loop
      vertex -27.4344 30.4689 0
      vertex -28.481 29.4929 3
      vertex -27.4344 30.4689 3
    endloop
  endfacet
  facet normal -0.682009 0.731343 0
    outer loop
      vertex -28.481 29.4929 3
      vertex -27.4344 30.4689 0
      vertex -28.481 29.4929 0
    endloop
  endfacet
  facet normal -0.325562 -0.945521 0
    outer loop
      vertex -14.0228 -38.5274 0
      vertex -12.6697 -38.9933 3
      vertex -14.0228 -38.5274 3
    endloop
  endfacet
  facet normal -0.325562 -0.945521 -0
    outer loop
      vertex -12.6697 -38.9933 3
      vertex -14.0228 -38.5274 0
      vertex -12.6697 -38.9933 0
    endloop
  endfacet
  facet normal -0.629303 -0.77716 0
    outer loop
      vertex -26.3543 -31.4078 0
      vertex -25.2421 -32.3084 3
      vertex -26.3543 -31.4078 3
    endloop
  endfacet
  facet normal -0.629303 -0.77716 -0
    outer loop
      vertex -25.2421 -32.3084 3
      vertex -26.3543 -31.4078 0
      vertex -25.2421 -32.3084 0
    endloop
  endfacet
  facet normal -0.121865 -0.992547 0
    outer loop
      vertex -5.7061 -40.601 0
      vertex -4.28567 -40.7754 3
      vertex -5.7061 -40.601 3
    endloop
  endfacet
  facet normal -0.121865 -0.992547 -0
    outer loop
      vertex -4.28567 -40.7754 3
      vertex -5.7061 -40.601 0
      vertex -4.28567 -40.7754 0
    endloop
  endfacet
  facet normal 0.682009 -0.731343 0
    outer loop
      vertex 27.4344 -30.4689 0
      vertex 28.481 -29.4929 3
      vertex 27.4344 -30.4689 3
    endloop
  endfacet
  facet normal 0.682009 -0.731343 0
    outer loop
      vertex 28.481 -29.4929 3
      vertex 27.4344 -30.4689 0
      vertex 28.481 -29.4929 0
    endloop
  endfacet
  facet normal -0.906308 0.422618 0
    outer loop
      vertex -37.4554 16.6762 0
      vertex -36.8506 17.9732 3
      vertex -36.8506 17.9732 0
    endloop
  endfacet
  facet normal -0.906308 0.422618 0
    outer loop
      vertex -36.8506 17.9732 3
      vertex -37.4554 16.6762 0
      vertex -37.4554 16.6762 3
    endloop
  endfacet
  facet normal -0.965923 -0.258828 0
    outer loop
      vertex -39.4117 -11.3011 0
      vertex -39.7821 -9.9188 3
      vertex -39.7821 -9.9188 0
    endloop
  endfacet
  facet normal -0.965923 -0.258828 0
    outer loop
      vertex -39.7821 -9.9188 3
      vertex -39.4117 -11.3011 0
      vertex -39.4117 -11.3011 3
    endloop
  endfacet
  facet normal -0.965923 0.258828 0
    outer loop
      vertex -39.7821 9.9188 0
      vertex -39.4117 11.3011 3
      vertex -39.4117 11.3011 0
    endloop
  endfacet
  facet normal -0.965923 0.258828 0
    outer loop
      vertex -39.4117 11.3011 3
      vertex -39.7821 9.9188 0
      vertex -39.7821 9.9188 3
    endloop
  endfacet
  facet normal 0.0523377 -0.998629 0
    outer loop
      vertex 1.43088 -40.975 0
      vertex 2.86001 -40.9001 3
      vertex 1.43088 -40.975 3
    endloop
  endfacet
  facet normal 0.0523377 -0.998629 0
    outer loop
      vertex 2.86001 -40.9001 3
      vertex 1.43088 -40.975 0
      vertex 2.86001 -40.9001 0
    endloop
  endfacet
  facet normal -0.601843 0.798614 0
    outer loop
      vertex -24.0992 33.1697 0
      vertex -25.2421 32.3084 3
      vertex -24.0992 33.1697 3
    endloop
  endfacet
  facet normal -0.601843 0.798614 0
    outer loop
      vertex -25.2421 32.3084 3
      vertex -24.0992 33.1697 0
      vertex -25.2421 32.3084 0
    endloop
  endfacet
  facet normal -0.453993 0.891005 0
    outer loop
      vertex -17.9732 36.8506 0
      vertex -19.2483 36.2009 3
      vertex -17.9732 36.8506 3
    endloop
  endfacet
  facet normal -0.453993 0.891005 0
    outer loop
      vertex -19.2483 36.2009 3
      vertex -17.9732 36.8506 0
      vertex -19.2483 36.2009 0
    endloop
  endfacet
  facet normal 0.731343 -0.682009 0
    outer loop
      vertex 29.4929 -28.481 3
      vertex 30.4689 -27.4344 0
      vertex 30.4689 -27.4344 3
    endloop
  endfacet
  facet normal 0.731343 -0.682009 0
    outer loop
      vertex 30.4689 -27.4344 0
      vertex 29.4929 -28.481 3
      vertex 29.4929 -28.481 0
    endloop
  endfacet
  facet normal 0.390695 0.92052 -0
    outer loop
      vertex 16.6762 37.4554 0
      vertex 15.3589 38.0145 3
      vertex 16.6762 37.4554 3
    endloop
  endfacet
  facet normal 0.390695 0.92052 0
    outer loop
      vertex 15.3589 38.0145 3
      vertex 16.6762 37.4554 0
      vertex 15.3589 38.0145 0
    endloop
  endfacet
  facet normal 0.190831 -0.981623 0
    outer loop
      vertex 7.11957 -40.3771 0
      vertex 8.52438 -40.104 3
      vertex 7.11957 -40.3771 3
    endloop
  endfacet
  facet normal 0.190831 -0.981623 0
    outer loop
      vertex 8.52438 -40.104 3
      vertex 7.11957 -40.3771 0
      vertex 8.52438 -40.104 0
    endloop
  endfacet
  facet normal 0.838645 -0.544679 0
    outer loop
      vertex 33.9905 -22.9269 3
      vertex 34.77 -21.7267 0
      vertex 34.77 -21.7267 3
    endloop
  endfacet
  facet normal 0.838645 -0.544679 0
    outer loop
      vertex 34.77 -21.7267 0
      vertex 33.9905 -22.9269 3
      vertex 33.9905 -22.9269 0
    endloop
  endfacet
  facet normal 0.992547 0.121865 0
    outer loop
      vertex 40.7754 4.28567 3
      vertex 40.601 5.7061 0
      vertex 40.601 5.7061 3
    endloop
  endfacet
  facet normal 0.992547 0.121865 0
    outer loop
      vertex 40.601 5.7061 0
      vertex 40.7754 4.28567 3
      vertex 40.7754 4.28567 0
    endloop
  endfacet
  facet normal 0.965923 -0.258828 0
    outer loop
      vertex 39.4117 -11.3011 3
      vertex 39.7821 -9.9188 0
      vertex 39.7821 -9.9188 3
    endloop
  endfacet
  facet normal 0.965923 -0.258828 0
    outer loop
      vertex 39.7821 -9.9188 0
      vertex 39.4117 -11.3011 3
      vertex 39.4117 -11.3011 0
    endloop
  endfacet
  facet normal -0.121865 0.992547 0
    outer loop
      vertex -4.28567 40.7754 0
      vertex -5.7061 40.601 3
      vertex -4.28567 40.7754 3
    endloop
  endfacet
  facet normal -0.121865 0.992547 0
    outer loop
      vertex -5.7061 40.601 3
      vertex -4.28567 40.7754 0
      vertex -5.7061 40.601 0
    endloop
  endfacet
  facet normal 0.77716 -0.629303 0
    outer loop
      vertex 31.4078 -26.3543 3
      vertex 32.3084 -25.2421 0
      vertex 32.3084 -25.2421 3
    endloop
  endfacet
  facet normal 0.77716 -0.629303 0
    outer loop
      vertex 32.3084 -25.2421 0
      vertex 31.4078 -26.3543 3
      vertex 31.4078 -26.3543 0
    endloop
  endfacet
  facet normal 0.974374 -0.224933 0
    outer loop
      vertex 39.7821 -9.9188 3
      vertex 40.104 -8.52438 0
      vertex 40.104 -8.52438 3
    endloop
  endfacet
  facet normal 0.974374 -0.224933 0
    outer loop
      vertex 40.104 -8.52438 0
      vertex 39.7821 -9.9188 3
      vertex 39.7821 -9.9188 0
    endloop
  endfacet
  facet normal 0.798614 0.601843 0
    outer loop
      vertex 33.1697 24.0992 3
      vertex 32.3084 25.2421 0
      vertex 32.3084 25.2421 3
    endloop
  endfacet
  facet normal 0.798614 0.601843 0
    outer loop
      vertex 32.3084 25.2421 0
      vertex 33.1697 24.0992 3
      vertex 33.1697 24.0992 0
    endloop
  endfacet
  facet normal 0.629303 0.77716 -0
    outer loop
      vertex 26.3543 31.4078 0
      vertex 25.2421 32.3084 3
      vertex 26.3543 31.4078 3
    endloop
  endfacet
  facet normal 0.629303 0.77716 0
    outer loop
      vertex 25.2421 32.3084 3
      vertex 26.3543 31.4078 0
      vertex 25.2421 32.3084 0
    endloop
  endfacet
  facet normal -0.325562 0.945521 0
    outer loop
      vertex -12.6697 38.9933 0
      vertex -14.0228 38.5274 3
      vertex -12.6697 38.9933 3
    endloop
  endfacet
  facet normal -0.325562 0.945521 0
    outer loop
      vertex -14.0228 38.5274 3
      vertex -12.6697 38.9933 0
      vertex -14.0228 38.5274 0
    endloop
  endfacet
  facet normal 0.992547 -0.121865 0
    outer loop
      vertex 40.601 -5.7061 3
      vertex 40.7754 -4.28567 0
      vertex 40.7754 -4.28567 3
    endloop
  endfacet
  facet normal 0.992547 -0.121865 0
    outer loop
      vertex 40.7754 -4.28567 0
      vertex 40.601 -5.7061 3
      vertex 40.601 -5.7061 0
    endloop
  endfacet
  facet normal 0.656052 -0.754715 0
    outer loop
      vertex 26.3543 -31.4078 0
      vertex 27.4344 -30.4689 3
      vertex 26.3543 -31.4078 3
    endloop
  endfacet
  facet normal 0.656052 -0.754715 0
    outer loop
      vertex 27.4344 -30.4689 3
      vertex 26.3543 -31.4078 0
      vertex 27.4344 -30.4689 0
    endloop
  endfacet
  facet normal 0.874599 0.484848 0
    outer loop
      vertex 36.2009 19.2483 3
      vertex 35.507 20.5 0
      vertex 35.507 20.5 3
    endloop
  endfacet
  facet normal 0.874599 0.484848 0
    outer loop
      vertex 35.507 20.5 0
      vertex 36.2009 19.2483 3
      vertex 36.2009 19.2483 0
    endloop
  endfacet
  facet normal -0 0 1
    outer loop
      vertex -17.5927 30.3738 3
      vertex -0.741886 1.18727 3
      vertex -17.55 30.3975 3
    endloop
  endfacet
  facet normal 0 0 1
    outer loop
      vertex -1.4 0 3
      vertex -16.8509 -31.5611 3
      vertex -16.85 -31.6099 3
    endloop
  endfacet
  facet normal 0 0 1
    outer loop
      vertex -0.741886 1.18727 3
      vertex -17.5927 30.3738 3
      vertex -0.782869 1.16065 3
    endloop
  endfacet
  facet normal 0 0 1
    outer loop
      vertex -1.4 0 3
      vertex -16.8534 -31.5123 3
      vertex -16.8509 -31.5611 3
    endloop
  endfacet
  facet normal -0 0 1
    outer loop
      vertex -17.6363 30.3516 3
      vertex -0.782869 1.16065 3
      vertex -17.5927 30.3738 3
    endloop
  endfacet
  facet normal 0 0 1
    outer loop
      vertex -1.4 0 3
      vertex -16.8577 -31.4636 3
      vertex -16.8534 -31.5123 3
    endloop
  endfacet
  facet normal 0 0 1
    outer loop
      vertex -0.782869 1.16065 3
      vertex -17.6363 30.3516 3
      vertex -0.822899 1.13262 3
    endloop
  endfacet
  facet normal 0 0 1
    outer loop
      vertex -1.4 0 3
      vertex -16.8636 -31.4151 3
      vertex -16.8577 -31.4636 3
    endloop
  endfacet
  facet normal -0 0 1
    outer loop
      vertex -17.6806 30.331 3
      vertex -0.822899 1.13262 3
      vertex -17.6363 30.3516 3
    endloop
  endfacet
  facet normal 0 0 1
    outer loop
      vertex -1.4 0 3
      vertex -16.8713 -31.3668 3
      vertex -16.8636 -31.4151 3
    endloop
  endfacet
  facet normal 0 0 1
    outer loop
      vertex -0.822899 1.13262 3
      vertex -17.6806 30.331 3
      vertex -0.861925 1.10321 3
    endloop
  endfacet
  facet normal 0 0 1
    outer loop
      vertex -1.4 0 3
      vertex -16.8806 -31.3189 3
      vertex -16.8713 -31.3668 3
    endloop
  endfacet
  facet normal -0 0 1
    outer loop
      vertex -17.7256 30.3119 3
      vertex -0.861925 1.10321 3
      vertex -17.6806 30.331 3
    endloop
  endfacet
  facet normal 0 0 1
    outer loop
      vertex -1.4 0 3
      vertex -16.8916 -31.2712 3
      vertex -16.8806 -31.3189 3
    endloop
  endfacet
  facet normal 0 0 1
    outer loop
      vertex -0.861925 1.10321 3
      vertex -17.7256 30.3119 3
      vertex -0.899902 1.07246 3
    endloop
  endfacet
  facet normal 0 0 1
    outer loop
      vertex -1.4 0 3
      vertex -16.9042 -31.224 3
      vertex -16.8916 -31.2712 3
    endloop
  endfacet
  facet normal -0 0 1
    outer loop
      vertex -17.7712 30.2944 3
      vertex -0.899902 1.07246 3
      vertex -17.7256 30.3119 3
    endloop
  endfacet
  facet normal 0 0 1
    outer loop
      vertex -1.4 0 3
      vertex -16.9185 -31.1773 3
      vertex -16.9042 -31.224 3
    endloop
  endfacet
  facet normal 0 0 1
    outer loop
      vertex -0.899902 1.07246 3
      vertex -17.7712 30.2944 3
      vertex -0.936783 1.0404 3
    endloop
  endfacet
  facet normal 0 0 1
    outer loop
      vertex -1.4 0 3
      vertex -16.9344 -31.1311 3
      vertex -16.9185 -31.1773 3
    endloop
  endfacet
  facet normal -0 0 1
    outer loop
      vertex -17.8174 30.2784 3
      vertex -0.936783 1.0404 3
      vertex -17.7712 30.2944 3
    endloop
  endfacet
  facet normal 0 0 1
    outer loop
      vertex -1.4 0 3
      vertex -16.9519 -31.0855 3
      vertex -16.9344 -31.1311 3
    endloop
  endfacet
  facet normal 0 0 1
    outer loop
      vertex -0.936783 1.0404 3
      vertex -17.8174 30.2784 3
      vertex -0.972521 1.00708 3
    endloop
  endfacet
  facet normal 0 0 1
    outer loop
      vertex -1.4 0 3
      vertex -16.971 -31.0405 3
      vertex -16.9519 -31.0855 3
    endloop
  endfacet
  facet normal -0 0 1
    outer loop
      vertex -17.8641 30.2642 3
      vertex -0.972521 1.00708 3
      vertex -17.8174 30.2784 3
    endloop
  endfacet
  facet normal 0 0 1
    outer loop
      vertex -1.4 0 3
      vertex -16.9917 -30.9962 3
      vertex -16.971 -31.0405 3
    endloop
  endfacet
  facet normal 0 0 1
    outer loop
      vertex -0.972521 1.00708 3
      vertex -17.8641 30.2642 3
      vertex -1.00708 0.972521 3
    endloop
  endfacet
  facet normal 0 0 1
    outer loop
      vertex -1.4 0 3
      vertex -17.0139 -30.9527 3
      vertex -16.9917 -30.9962 3
    endloop
  endfacet
  facet normal -0 0 1
    outer loop
      vertex -17.9113 30.2515 3
      vertex -1.00708 0.972521 3
      vertex -17.8641 30.2642 3
    endloop
  endfacet
  facet normal 0 0 1
    outer loop
      vertex -1.4 0 3
      vertex -17.0376 -30.9099 3
      vertex -17.0139 -30.9527 3
    endloop
  endfacet
  facet normal 0 0 1
    outer loop
      vertex -1.00708 0.972521 3
      vertex -17.9113 30.2515 3
      vertex -1.0404 0.936783 3
    endloop
  endfacet
  facet normal 0 0 1
    outer loop
      vertex -1.4 0 3
      vertex -17.0627 -30.868 3
      vertex -17.0376 -30.9099 3
    endloop
  endfacet
  facet normal -0 0 1
    outer loop
      vertex -17.9589 30.2405 3
      vertex -1.0404 0.936783 3
      vertex -17.9113 30.2515 3
    endloop
  endfacet
  facet normal 0 0 1
    outer loop
      vertex -1.4 0 3
      vertex -17.0893 -30.8271 3
      vertex -17.0627 -30.868 3
    endloop
  endfacet
  facet normal 0 0 1
    outer loop
      vertex -1.0404 0.936783 3
      vertex -17.9589 30.2405 3
      vertex -1.07246 0.899902 3
    endloop
  endfacet
  facet normal 0 0 1
    outer loop
      vertex -1.4 0 3
      vertex -17.1174 -30.787 3
      vertex -17.0893 -30.8271 3
    endloop
  endfacet
  facet normal -0 0 1
    outer loop
      vertex -18.0069 30.2312 3
      vertex -1.07246 0.899902 3
      vertex -17.9589 30.2405 3
    endloop
  endfacet
  facet normal 0 0 1
    outer loop
      vertex -1.4 0 3
      vertex -17.1468 -30.748 3
      vertex -17.1174 -30.787 3
    endloop
  endfacet
  facet normal 0 0 1
    outer loop
      vertex -1.07246 0.899902 3
      vertex -18.0069 30.2312 3
      vertex -1.10321 0.861925 3
    endloop
  endfacet
  facet normal 0 0 1
    outer loop
      vertex -1.4 0 3
      vertex -17.1775 -30.71 3
      vertex -17.1468 -30.748 3
    endloop
  endfacet
  facet normal -0 0 1
    outer loop
      vertex -18.0552 30.2236 3
      vertex -1.10321 0.861925 3
      vertex -18.0069 30.2312 3
    endloop
  endfacet
  facet normal 0 0 1
    outer loop
      vertex -1.4 0 3
      vertex -17.2096 -30.6731 3
      vertex -17.1775 -30.71 3
    endloop
  endfacet
  facet normal 0 0 1
    outer loop
      vertex -1.10321 0.861925 3
      vertex -18.0552 30.2236 3
      vertex -1.13262 0.822899 3
    endloop
  endfacet
  facet normal 0 0 1
    outer loop
      vertex -1.4 0 3
      vertex -17.2429 -30.6374 3
      vertex -17.2096 -30.6731 3
    endloop
  endfacet
  facet normal -0 0 1
    outer loop
      vertex -18.1037 30.2176 3
      vertex -1.13262 0.822899 3
      vertex -18.0552 30.2236 3
    endloop
  endfacet
  facet normal 0 0 1
    outer loop
      vertex -1.4 0 3
      vertex -17.2775 -30.6029 3
      vertex -17.2429 -30.6374 3
    endloop
  endfacet
  facet normal 0 0 1
    outer loop
      vertex -1.13262 0.822899 3
      vertex -18.1037 30.2176 3
      vertex -1.16065 0.782869 3
    endloop
  endfacet
  facet normal 0 0 1
    outer loop
      vertex -1.4 0 3
      vertex -17.3132 -30.5695 3
      vertex -17.2775 -30.6029 3
    endloop
  endfacet
  facet normal -0 0 1
    outer loop
      vertex -18.1523 30.2133 3
      vertex -1.16065 0.782869 3
      vertex -18.1037 30.2176 3
    endloop
  endfacet
  facet normal 0 0 1
    outer loop
      vertex -1.4 0 3
      vertex -17.3501 -30.5375 3
      vertex -17.3132 -30.5695 3
    endloop
  endfacet
  facet normal 0 0 1
    outer loop
      vertex -1.16065 0.782869 3
      vertex -18.1523 30.2133 3
      vertex -1.18727 0.741886 3
    endloop
  endfacet
  facet normal 0 0 1
    outer loop
      vertex -1.4 0 3
      vertex -17.3881 -30.5067 3
      vertex -17.3501 -30.5375 3
    endloop
  endfacet
  facet normal -0 0 1
    outer loop
      vertex -18.2011 30.2108 3
      vertex -1.18727 0.741886 3
      vertex -18.1523 30.2133 3
    endloop
  endfacet
  facet normal 0 0 1
    outer loop
      vertex -1.4 0 3
      vertex -17.4271 -30.4773 3
      vertex -17.3881 -30.5067 3
    endloop
  endfacet
  facet normal 0 0 1
    outer loop
      vertex -1.18727 0.741886 3
      vertex -18.2011 30.2108 3
      vertex -1.21243 0.7 3
    endloop
  endfacet
  facet normal 0 0 1
    outer loop
      vertex -1.4 0 3
      vertex -17.4671 -30.4493 3
      vertex -17.4271 -30.4773 3
    endloop
  endfacet
  facet normal -0 0 1
    outer loop
      vertex -18.25 30.2099 3
      vertex -1.21243 0.7 3
      vertex -18.2011 30.2108 3
    endloop
  endfacet
  facet normal 0 0 1
    outer loop
      vertex -1.4 0 3
      vertex -17.5081 -30.4227 3
      vertex -17.4671 -30.4493 3
    endloop
  endfacet
  facet normal 0 0 1
    outer loop
      vertex -1.21243 0.7 3
      vertex -18.25 30.2099 3
      vertex -1.23613 0.65726 3
    endloop
  endfacet
  facet normal 0 0 1
    outer loop
      vertex -1.4 0 3
      vertex -17.55 -30.3975 3
      vertex -17.5081 -30.4227 3
    endloop
  endfacet
  facet normal -0 0 1
    outer loop
      vertex -36.2009 19.2483 3
      vertex -1.23613 0.65726 3
      vertex -18.25 30.2099 3
    endloop
  endfacet
  facet normal 0 0 1
    outer loop
      vertex -1.4 0 3
      vertex -17.5927 -30.3738 3
      vertex -17.55 -30.3975 3
    endloop
  endfacet
  facet normal 0 0 1
    outer loop
      vertex -1.23613 0.65726 3
      vertex -36.2009 19.2483 3
      vertex -1.25831 0.613719 3
    endloop
  endfacet
  facet normal 0 0 1
    outer loop
      vertex -1.4 0 3
      vertex -17.6363 -30.3516 3
      vertex -17.5927 -30.3738 3
    endloop
  endfacet
  facet normal -0 0 1
    outer loop
      vertex -36.8506 17.9732 3
      vertex -1.25831 0.613719 3
      vertex -36.2009 19.2483 3
    endloop
  endfacet
  facet normal 0 0 1
    outer loop
      vertex -1.4 0 3
      vertex -17.6806 -30.331 3
      vertex -17.6363 -30.3516 3
    endloop
  endfacet
  facet normal 0 0 1
    outer loop
      vertex -1.25831 0.613719 3
      vertex -36.8506 17.9732 3
      vertex -1.27896 0.56943 3
    endloop
  endfacet
  facet normal 0 0 1
    outer loop
      vertex -1.4 0 3
      vertex -17.7256 -30.3119 3
      vertex -17.6806 -30.331 3
    endloop
  endfacet
  facet normal -0 0 1
    outer loop
      vertex -37.4554 16.6762 3
      vertex -1.27896 0.56943 3
      vertex -36.8506 17.9732 3
    endloop
  endfacet
  facet normal 0 0 1
    outer loop
      vertex -1.4 0 3
      vertex -17.7712 -30.2944 3
      vertex -17.7256 -30.3119 3
    endloop
  endfacet
  facet normal 0 0 1
    outer loop
      vertex -1.27896 0.56943 3
      vertex -37.4554 16.6762 3
      vertex -1.29806 0.524448 3
    endloop
  endfacet
  facet normal 0 0 1
    outer loop
      vertex -1.4 0 3
      vertex -17.8174 -30.2784 3
      vertex -17.7712 -30.2944 3
    endloop
  endfacet
  facet normal -0 0 1
    outer loop
      vertex -38.0145 15.3589 3
      vertex -1.29806 0.524448 3
      vertex -37.4554 16.6762 3
    endloop
  endfacet
  facet normal 0 0 1
    outer loop
      vertex -1.4 0 3
      vertex -17.8641 -30.2642 3
      vertex -17.8174 -30.2784 3
    endloop
  endfacet
  facet normal 0 0 1
    outer loop
      vertex -1.29806 0.524448 3
      vertex -38.0145 15.3589 3
      vertex -1.31557 0.478827 3
    endloop
  endfacet
  facet normal 0 0 1
    outer loop
      vertex -1.4 0 3
      vertex -17.9113 -30.2515 3
      vertex -17.8641 -30.2642 3
    endloop
  endfacet
  facet normal -0 0 1
    outer loop
      vertex -38.5274 14.0228 3
      vertex -1.31557 0.478827 3
      vertex -38.0145 15.3589 3
    endloop
  endfacet
  facet normal 0 0 1
    outer loop
      vertex -41 0 3
      vertex -1.4 0 3
      vertex -40.975 1.43088 3
    endloop
  endfacet
  facet normal 0 0 1
    outer loop
      vertex -1.31557 0.478827 3
      vertex -38.5274 14.0228 3
      vertex -1.33148 0.432623 3
    endloop
  endfacet
  facet normal 0 -0 1
    outer loop
      vertex -40.975 -1.43088 3
      vertex -1.4 0 3
      vertex -41 0 3
    endloop
  endfacet
  facet normal -0 0 1
    outer loop
      vertex -38.9933 12.6697 3
      vertex -1.33148 0.432623 3
      vertex -38.5274 14.0228 3
    endloop
  endfacet
  facet normal 0 -0 1
    outer loop
      vertex -40.9001 -2.86001 3
      vertex -1.4 0 3
      vertex -40.975 -1.43088 3
    endloop
  endfacet
  facet normal 0 0 1
    outer loop
      vertex -1.33148 0.432623 3
      vertex -38.9933 12.6697 3
      vertex -1.34577 0.385892 3
    endloop
  endfacet
  facet normal 0 -0 1
    outer loop
      vertex -40.7754 -4.28567 3
      vertex -1.4 0 3
      vertex -40.9001 -2.86001 3
    endloop
  endfacet
  facet normal -0 0 1
    outer loop
      vertex -39.4117 11.3011 3
      vertex -1.34577 0.385892 3
      vertex -38.9933 12.6697 3
    endloop
  endfacet
  facet normal 0 -0 1
    outer loop
      vertex -40.601 -5.7061 3
      vertex -1.4 0 3
      vertex -40.7754 -4.28567 3
    endloop
  endfacet
  facet normal 0 0 1
    outer loop
      vertex -1.34577 0.385892 3
      vertex -39.4117 11.3011 3
      vertex -1.35841 0.33869 3
    endloop
  endfacet
  facet normal 0 0 1
    outer loop
      vertex -1.4 0 3
      vertex -17.9589 -30.2405 3
      vertex -17.9113 -30.2515 3
    endloop
  endfacet
  facet normal -0 0 1
    outer loop
      vertex -39.7821 9.9188 3
      vertex -1.35841 0.33869 3
      vertex -39.4117 11.3011 3
    endloop
  endfacet
  facet normal 0 -0 1
    outer loop
      vertex -40.3771 -7.11957 3
      vertex -1.4 0 3
      vertex -40.601 -5.7061 3
    endloop
  endfacet
  facet normal 0 0 1
    outer loop
      vertex -35.507 20.5 3
      vertex -18.25 30.2099 3
      vertex -18.2989 30.2108 3
    endloop
  endfacet
  facet normal 0 -0 1
    outer loop
      vertex -40.104 -8.52438 3
      vertex -1.4 0 3
      vertex -40.3771 -7.11957 3
    endloop
  endfacet
  facet normal 0 0 1
    outer loop
      vertex -34.77 21.7267 3
      vertex -18.2989 30.2108 3
      vertex -18.3477 30.2133 3
    endloop
  endfacet
  facet normal 0 0 1
    outer loop
      vertex -1.4 0 3
      vertex -18.0069 -30.2312 3
      vertex -17.9589 -30.2405 3
    endloop
  endfacet
  facet normal 0 0 1
    outer loop
      vertex -34.77 21.7267 3
      vertex -18.3477 30.2133 3
      vertex -18.3963 30.2176 3
    endloop
  endfacet
  facet normal 0 -0 1
    outer loop
      vertex -39.7821 -9.9188 3
      vertex -1.4 0 3
      vertex -40.104 -8.52438 3
    endloop
  endfacet
  facet normal 0 0 1
    outer loop
      vertex -33.9905 22.9269 3
      vertex -18.3963 30.2176 3
      vertex -18.4448 30.2236 3
    endloop
  endfacet
  facet normal 0 -0 1
    outer loop
      vertex -39.4117 -11.3011 3
      vertex -1.4 0 3
      vertex -39.7821 -9.9188 3
    endloop
  endfacet
  facet normal 0 0 1
    outer loop
      vertex -33.1697 24.0992 3
      vertex -18.4448 30.2236 3
      vertex -18.4931 30.2312 3
    endloop
  endfacet
  facet normal 0 0 1
    outer loop
      vertex -1.4 0 3
      vertex -18.0552 -30.2236 3
      vertex -18.0069 -30.2312 3
    endloop
  endfacet
  facet normal 0 0 1
    outer loop
      vertex -32.3084 25.2421 3
      vertex -18.4931 30.2312 3
      vertex -18.5411 30.2405 3
    endloop
  endfacet
  facet normal 0 -0 1
    outer loop
      vertex -38.9933 -12.6697 3
      vertex -1.4 0 3
      vertex -39.4117 -11.3011 3
    endloop
  endfacet
  facet normal 0 0 1
    outer loop
      vertex -32.3084 25.2421 3
      vertex -18.5411 30.2405 3
      vertex -18.5887 30.2515 3
    endloop
  endfacet
  facet normal 0 -0 1
    outer loop
      vertex -38.5274 -14.0228 3
      vertex -1.4 0 3
      vertex -38.9933 -12.6697 3
    endloop
  endfacet
  facet normal 0 0 1
    outer loop
      vertex -31.4078 26.3543 3
      vertex -18.5887 30.2515 3
      vertex -18.6359 30.2642 3
    endloop
  endfacet
  facet normal 0 0 1
    outer loop
      vertex -1.4 0 3
      vertex -18.1037 -30.2176 3
      vertex -18.0552 -30.2236 3
    endloop
  endfacet
  facet normal 0 0 1
    outer loop
      vertex -31.4078 26.3543 3
      vertex -18.6359 30.2642 3
      vertex -18.6826 30.2784 3
    endloop
  endfacet
  facet normal 0 -0 1
    outer loop
      vertex -38.0145 -15.3589 3
      vertex -1.4 0 3
      vertex -38.5274 -14.0228 3
    endloop
  endfacet
  facet normal 0 0 1
    outer loop
      vertex -30.4689 27.4344 3
      vertex -18.6826 30.2784 3
      vertex -18.7288 30.2944 3
    endloop
  endfacet
  facet normal 0 -0 1
    outer loop
      vertex -37.4554 -16.6762 3
      vertex -1.4 0 3
      vertex -38.0145 -15.3589 3
    endloop
  endfacet
  facet normal 0 0 1
    outer loop
      vertex -30.4689 27.4344 3
      vertex -18.7288 30.2944 3
      vertex -18.7744 30.3119 3
    endloop
  endfacet
  facet normal 0 0 1
    outer loop
      vertex -1.4 0 3
      vertex -18.1523 -30.2133 3
      vertex -18.1037 -30.2176 3
    endloop
  endfacet
  facet normal 0 0 1
    outer loop
      vertex -30.4689 27.4344 3
      vertex -18.7744 30.3119 3
      vertex -18.8194 30.331 3
    endloop
  endfacet
  facet normal 0 -0 1
    outer loop
      vertex -36.8506 -17.9732 3
      vertex -1.4 0 3
      vertex -37.4554 -16.6762 3
    endloop
  endfacet
  facet normal 0 0 1
    outer loop
      vertex -29.4929 28.481 3
      vertex -18.8194 30.331 3
      vertex -18.8637 30.3516 3
    endloop
  endfacet
  facet normal 0 0 1
    outer loop
      vertex -1.4 0 3
      vertex -18.2011 -30.2108 3
      vertex -18.1523 -30.2133 3
    endloop
  endfacet
  facet normal 0 0 1
    outer loop
      vertex -29.4929 28.481 3
      vertex -18.8637 30.3516 3
      vertex -18.9073 30.3738 3
    endloop
  endfacet
  facet normal 0 -0 1
    outer loop
      vertex -36.2009 -19.2483 3
      vertex -1.4 0 3
      vertex -36.8506 -17.9732 3
    endloop
  endfacet
  facet normal 0 0 1
    outer loop
      vertex -29.4929 28.481 3
      vertex -18.9073 30.3738 3
      vertex -18.95 30.3975 3
    endloop
  endfacet
  facet normal 0 -0 1
    outer loop
      vertex -18.25 -30.2099 3
      vertex -1.4 0 3
      vertex -36.2009 -19.2483 3
    endloop
  endfacet
  facet normal 0 0 1
    outer loop
      vertex -28.481 29.4929 3
      vertex -18.95 30.3975 3
      vertex -18.9919 30.4227 3
    endloop
  endfacet
  facet normal -0 -0 1
    outer loop
      vertex -35.507 -20.5 3
      vertex -18.25 -30.2099 3
      vertex -36.2009 -19.2483 3
    endloop
  endfacet
  facet normal 0 0 1
    outer loop
      vertex -28.481 29.4929 3
      vertex -18.9919 30.4227 3
      vertex -19.0329 30.4493 3
    endloop
  endfacet
  facet normal 0 0 1
    outer loop
      vertex -18.25 -30.2099 3
      vertex -35.507 -20.5 3
      vertex -18.2989 -30.2108 3
    endloop
  endfacet
  facet normal 0 0 1
    outer loop
      vertex -28.481 29.4929 3
      vertex -19.0329 30.4493 3
      vertex -19.0729 30.4773 3
    endloop
  endfacet
  facet normal -0 -0 1
    outer loop
      vertex -34.77 -21.7267 3
      vertex -18.2989 -30.2108 3
      vertex -35.507 -20.5 3
    endloop
  endfacet
  facet normal 0 0 1
    outer loop
      vertex -28.481 29.4929 3
      vertex -19.0729 30.4773 3
      vertex -19.1119 30.5067 3
    endloop
  endfacet
  facet normal 0 0 1
    outer loop
      vertex -18.2989 -30.2108 3
      vertex -34.77 -21.7267 3
      vertex -18.3477 -30.2133 3
    endloop
  endfacet
  facet normal 0 0 1
    outer loop
      vertex -27.4344 30.4689 3
      vertex -19.1119 30.5067 3
      vertex -19.1499 30.5375 3
    endloop
  endfacet
  facet normal 0 0 1
    outer loop
      vertex -18.3477 -30.2133 3
      vertex -34.77 -21.7267 3
      vertex -18.3963 -30.2176 3
    endloop
  endfacet
  facet normal 0 0 1
    outer loop
      vertex -27.4344 30.4689 3
      vertex -19.1499 30.5375 3
      vertex -19.1868 30.5695 3
    endloop
  endfacet
  facet normal -0 -0 1
    outer loop
      vertex -33.9905 -22.9269 3
      vertex -18.3963 -30.2176 3
      vertex -34.77 -21.7267 3
    endloop
  endfacet
  facet normal 0 0 1
    outer loop
      vertex -27.4344 30.4689 3
      vertex -19.1868 30.5695 3
      vertex -19.2225 30.6029 3
    endloop
  endfacet
  facet normal 0 0 1
    outer loop
      vertex -18.3963 -30.2176 3
      vertex -33.9905 -22.9269 3
      vertex -18.4448 -30.2236 3
    endloop
  endfacet
  facet normal 0 0 1
    outer loop
      vertex -27.4344 30.4689 3
      vertex -19.2225 30.6029 3
      vertex -19.2571 30.6374 3
    endloop
  endfacet
  facet normal -0 -0 1
    outer loop
      vertex -33.1697 -24.0992 3
      vertex -18.4448 -30.2236 3
      vertex -33.9905 -22.9269 3
    endloop
  endfacet
  facet normal 0 0 1
    outer loop
      vertex -26.3543 31.4078 3
      vertex -19.2571 30.6374 3
      vertex -19.2904 30.6731 3
    endloop
  endfacet
  facet normal 0 0 1
    outer loop
      vertex -18.4448 -30.2236 3
      vertex -33.1697 -24.0992 3
      vertex -18.4931 -30.2312 3
    endloop
  endfacet
  facet normal 0 0 1
    outer loop
      vertex -26.3543 31.4078 3
      vertex -19.2904 30.6731 3
      vertex -19.3225 30.71 3
    endloop
  endfacet
  facet normal -0 -0 1
    outer loop
      vertex -32.3084 -25.2421 3
      vertex -18.4931 -30.2312 3
      vertex -33.1697 -24.0992 3
    endloop
  endfacet
  facet normal 0 0 1
    outer loop
      vertex -26.3543 31.4078 3
      vertex -19.3225 30.71 3
      vertex -19.3532 30.748 3
    endloop
  endfacet
  facet normal 0 0 1
    outer loop
      vertex -18.4931 -30.2312 3
      vertex -32.3084 -25.2421 3
      vertex -18.5411 -30.2405 3
    endloop
  endfacet
  facet normal 0 0 1
    outer loop
      vertex -26.3543 31.4078 3
      vertex -19.3532 30.748 3
      vertex -19.3826 30.787 3
    endloop
  endfacet
  facet normal 0 0 1
    outer loop
      vertex -18.5411 -30.2405 3
      vertex -32.3084 -25.2421 3
      vertex -18.5887 -30.2515 3
    endloop
  endfacet
  facet normal 0 0 1
    outer loop
      vertex -26.3543 31.4078 3
      vertex -19.3826 30.787 3
      vertex -19.4107 30.8271 3
    endloop
  endfacet
  facet normal -0 -0 1
    outer loop
      vertex -31.4078 -26.3543 3
      vertex -18.5887 -30.2515 3
      vertex -32.3084 -25.2421 3
    endloop
  endfacet
  facet normal 0 0 1
    outer loop
      vertex -26.3543 31.4078 3
      vertex -19.4107 30.8271 3
      vertex -19.4373 30.868 3
    endloop
  endfacet
  facet normal 0 0 1
    outer loop
      vertex -18.5887 -30.2515 3
      vertex -31.4078 -26.3543 3
      vertex -18.6359 -30.2642 3
    endloop
  endfacet
  facet normal 0 0 1
    outer loop
      vertex -25.2421 32.3084 3
      vertex -19.4373 30.868 3
      vertex -19.4624 30.9099 3
    endloop
  endfacet
  facet normal 0 0 1
    outer loop
      vertex -18.6359 -30.2642 3
      vertex -31.4078 -26.3543 3
      vertex -18.6826 -30.2784 3
    endloop
  endfacet
  facet normal 0 0 1
    outer loop
      vertex -25.2421 32.3084 3
      vertex -19.4624 30.9099 3
      vertex -19.4861 30.9527 3
    endloop
  endfacet
  facet normal -0 -0 1
    outer loop
      vertex -30.4689 -27.4344 3
      vertex -18.6826 -30.2784 3
      vertex -31.4078 -26.3543 3
    endloop
  endfacet
  facet normal 0 0 1
    outer loop
      vertex -25.2421 32.3084 3
      vertex -19.4861 30.9527 3
      vertex -19.5083 30.9962 3
    endloop
  endfacet
  facet normal 0 0 1
    outer loop
      vertex -18.6826 -30.2784 3
      vertex -30.4689 -27.4344 3
      vertex -18.7288 -30.2944 3
    endloop
  endfacet
  facet normal 0 0 1
    outer loop
      vertex -25.2421 32.3084 3
      vertex -19.5083 30.9962 3
      vertex -19.529 31.0405 3
    endloop
  endfacet
  facet normal 0 0 1
    outer loop
      vertex -18.7288 -30.2944 3
      vertex -30.4689 -27.4344 3
      vertex -18.7744 -30.3119 3
    endloop
  endfacet
  facet normal 0 0 1
    outer loop
      vertex -25.2421 32.3084 3
      vertex -19.529 31.0405 3
      vertex -19.5481 31.0855 3
    endloop
  endfacet
  facet normal 0 0 1
    outer loop
      vertex -18.7744 -30.3119 3
      vertex -30.4689 -27.4344 3
      vertex -18.8194 -30.331 3
    endloop
  endfacet
  facet normal 0 0 1
    outer loop
      vertex -25.2421 32.3084 3
      vertex -19.5481 31.0855 3
      vertex -19.5656 31.1311 3
    endloop
  endfacet
  facet normal -0 -0 1
    outer loop
      vertex -29.4929 -28.481 3
      vertex -18.8194 -30.331 3
      vertex -30.4689 -27.4344 3
    endloop
  endfacet
  facet normal 0 0 1
    outer loop
      vertex -25.2421 32.3084 3
      vertex -19.5656 31.1311 3
      vertex -19.5815 31.1773 3
    endloop
  endfacet
  facet normal 0 0 1
    outer loop
      vertex -18.8194 -30.331 3
      vertex -29.4929 -28.481 3
      vertex -18.8637 -30.3516 3
    endloop
  endfacet
  facet normal 0 0 1
    outer loop
      vertex -24.0992 33.1697 3
      vertex -19.5815 31.1773 3
      vertex -19.5958 31.224 3
    endloop
  endfacet
  facet normal 0 0 1
    outer loop
      vertex -18.8637 -30.3516 3
      vertex -29.4929 -28.481 3
      vertex -18.9073 -30.3738 3
    endloop
  endfacet
  facet normal 0 0 1
    outer loop
      vertex -24.0992 33.1697 3
      vertex -19.5958 31.224 3
      vertex -19.6084 31.2712 3
    endloop
  endfacet
  facet normal 0 0 1
    outer loop
      vertex -18.9073 -30.3738 3
      vertex -29.4929 -28.481 3
      vertex -18.95 -30.3975 3
    endloop
  endfacet
  facet normal 0 0 1
    outer loop
      vertex -24.0992 33.1697 3
      vertex -19.6084 31.2712 3
      vertex -19.6194 31.3189 3
    endloop
  endfacet
  facet normal -0 -0 1
    outer loop
      vertex -28.481 -29.4929 3
      vertex -18.95 -30.3975 3
      vertex -29.4929 -28.481 3
    endloop
  endfacet
  facet normal 0 0 1
    outer loop
      vertex -24.0992 33.1697 3
      vertex -19.6194 31.3189 3
      vertex -19.6287 31.3668 3
    endloop
  endfacet
  facet normal 0 0 1
    outer loop
      vertex -18.95 -30.3975 3
      vertex -28.481 -29.4929 3
      vertex -18.9919 -30.4227 3
    endloop
  endfacet
  facet normal 0 0 1
    outer loop
      vertex -24.0992 33.1697 3
      vertex -19.6287 31.3668 3
      vertex -19.6364 31.4151 3
    endloop
  endfacet
  facet normal 0 0 1
    outer loop
      vertex -18.9919 -30.4227 3
      vertex -28.481 -29.4929 3
      vertex -19.0329 -30.4493 3
    endloop
  endfacet
  facet normal 0 0 1
    outer loop
      vertex -24.0992 33.1697 3
      vertex -19.6364 31.4151 3
      vertex -19.6423 31.4636 3
    endloop
  endfacet
  facet normal 0 0 1
    outer loop
      vertex -19.0329 -30.4493 3
      vertex -28.481 -29.4929 3
      vertex -19.0729 -30.4773 3
    endloop
  endfacet
  facet normal 0 0 1
    outer loop
      vertex -24.0992 33.1697 3
      vertex -19.6423 31.4636 3
      vertex -19.6466 31.5123 3
    endloop
  endfacet
  facet normal 0 0 1
    outer loop
      vertex -19.0729 -30.4773 3
      vertex -28.481 -29.4929 3
      vertex -19.1119 -30.5067 3
    endloop
  endfacet
  facet normal 0 0 1
    outer loop
      vertex -24.0992 33.1697 3
      vertex -19.6466 31.5123 3
      vertex -19.6491 31.5611 3
    endloop
  endfacet
  facet normal -0 -0 1
    outer loop
      vertex -27.4344 -30.4689 3
      vertex -19.1119 -30.5067 3
      vertex -28.481 -29.4929 3
    endloop
  endfacet
  facet normal 0 0 1
    outer loop
      vertex -24.0992 33.1697 3
      vertex -19.6491 31.5611 3
      vertex -19.65 31.6099 3
    endloop
  endfacet
  facet normal 0 0 1
    outer loop
      vertex -19.1119 -30.5067 3
      vertex -27.4344 -30.4689 3
      vertex -19.1499 -30.5375 3
    endloop
  endfacet
  facet normal 0 0 1
    outer loop
      vertex -11.3011 -39.4117 3
      vertex -16.8577 -31.7563 3
      vertex -12.6697 -38.9933 3
    endloop
  endfacet
  facet normal -0 0 1
    outer loop
      vertex -16.8636 -31.8048 3
      vertex -12.6697 -38.9933 3
      vertex -16.8577 -31.7563 3
    endloop
  endfacet
  facet normal -0 0 1
    outer loop
      vertex -16.8713 -31.853 3
      vertex -12.6697 -38.9933 3
      vertex -16.8636 -31.8048 3
    endloop
  endfacet
  facet normal -0 0 1
    outer loop
      vertex -16.8806 -31.901 3
      vertex -12.6697 -38.9933 3
      vertex -16.8713 -31.853 3
    endloop
  endfacet
  facet normal -0 0 1
    outer loop
      vertex -16.8916 -31.9486 3
      vertex -12.6697 -38.9933 3
      vertex -16.8806 -31.901 3
    endloop
  endfacet
  facet normal -0 0 1
    outer loop
      vertex -16.9042 -31.9958 3
      vertex -12.6697 -38.9933 3
      vertex -16.8916 -31.9486 3
    endloop
  endfacet
  facet normal 0 0 1
    outer loop
      vertex -12.6697 -38.9933 3
      vertex -16.9042 -31.9958 3
      vertex -14.0228 -38.5274 3
    endloop
  endfacet
  facet normal -0 0 1
    outer loop
      vertex -16.9185 -32.0425 3
      vertex -14.0228 -38.5274 3
      vertex -16.9042 -31.9958 3
    endloop
  endfacet
  facet normal -0 0 1
    outer loop
      vertex -16.9344 -32.0888 3
      vertex -14.0228 -38.5274 3
      vertex -16.9185 -32.0425 3
    endloop
  endfacet
  facet normal -0 0 1
    outer loop
      vertex -16.9519 -32.1344 3
      vertex -14.0228 -38.5274 3
      vertex -16.9344 -32.0888 3
    endloop
  endfacet
  facet normal -0 0 1
    outer loop
      vertex -16.971 -32.1794 3
      vertex -14.0228 -38.5274 3
      vertex -16.9519 -32.1344 3
    endloop
  endfacet
  facet normal -0 0 1
    outer loop
      vertex -16.9917 -32.2236 3
      vertex -14.0228 -38.5274 3
      vertex -16.971 -32.1794 3
    endloop
  endfacet
  facet normal -0 0 1
    outer loop
      vertex -17.0139 -32.2672 3
      vertex -14.0228 -38.5274 3
      vertex -16.9917 -32.2236 3
    endloop
  endfacet
  facet normal 0 0 1
    outer loop
      vertex -14.0228 -38.5274 3
      vertex -17.0139 -32.2672 3
      vertex -15.3589 -38.0145 3
    endloop
  endfacet
  facet normal -0 0 1
    outer loop
      vertex -17.0376 -32.3099 3
      vertex -15.3589 -38.0145 3
      vertex -17.0139 -32.2672 3
    endloop
  endfacet
  facet normal -0 0 1
    outer loop
      vertex -17.0627 -32.3518 3
      vertex -15.3589 -38.0145 3
      vertex -17.0376 -32.3099 3
    endloop
  endfacet
  facet normal -0 0 1
    outer loop
      vertex -17.0893 -32.3928 3
      vertex -15.3589 -38.0145 3
      vertex -17.0627 -32.3518 3
    endloop
  endfacet
  facet normal -0 0 1
    outer loop
      vertex -17.1174 -32.4328 3
      vertex -15.3589 -38.0145 3
      vertex -17.0893 -32.3928 3
    endloop
  endfacet
  facet normal -0 0 1
    outer loop
      vertex -17.1468 -32.4719 3
      vertex -15.3589 -38.0145 3
      vertex -17.1174 -32.4328 3
    endloop
  endfacet
  facet normal -0 0 1
    outer loop
      vertex -17.1775 -32.5098 3
      vertex -15.3589 -38.0145 3
      vertex -17.1468 -32.4719 3
    endloop
  endfacet
  facet normal -0 0 1
    outer loop
      vertex -17.2096 -32.5467 3
      vertex -15.3589 -38.0145 3
      vertex -17.1775 -32.5098 3
    endloop
  endfacet
  facet normal 0 0 1
    outer loop
      vertex -15.3589 -38.0145 3
      vertex -17.2096 -32.5467 3
      vertex -16.6762 -37.4554 3
    endloop
  endfacet
  facet normal -0 0 1
    outer loop
      vertex -17.2429 -32.5824 3
      vertex -16.6762 -37.4554 3
      vertex -17.2096 -32.5467 3
    endloop
  endfacet
  facet normal -0 0 1
    outer loop
      vertex -17.2775 -32.617 3
      vertex -16.6762 -37.4554 3
      vertex -17.2429 -32.5824 3
    endloop
  endfacet
  facet normal -0 0 1
    outer loop
      vertex -17.3132 -32.6503 3
      vertex -16.6762 -37.4554 3
      vertex -17.2775 -32.617 3
    endloop
  endfacet
  facet normal -0 0 1
    outer loop
      vertex -17.3501 -32.6824 3
      vertex -16.6762 -37.4554 3
      vertex -17.3132 -32.6503 3
    endloop
  endfacet
  facet normal -0 0 1
    outer loop
      vertex -17.3881 -32.7131 3
      vertex -16.6762 -37.4554 3
      vertex -17.3501 -32.6824 3
    endloop
  endfacet
  facet normal -0 0 1
    outer loop
      vertex -17.4271 -32.7425 3
      vertex -16.6762 -37.4554 3
      vertex -17.3881 -32.7131 3
    endloop
  endfacet
  facet normal -0 0 1
    outer loop
      vertex -17.4671 -32.7706 3
      vertex -16.6762 -37.4554 3
      vertex -17.4271 -32.7425 3
    endloop
  endfacet
  facet normal -0 0 1
    outer loop
      vertex -17.5081 -32.7972 3
      vertex -16.6762 -37.4554 3
      vertex -17.4671 -32.7706 3
    endloop
  endfacet
  facet normal -0 0 1
    outer loop
      vertex -17.55 -32.8224 3
      vertex -16.6762 -37.4554 3
      vertex -17.5081 -32.7972 3
    endloop
  endfacet
  facet normal 0 0 1
    outer loop
      vertex -17.9732 -36.8506 3
      vertex -17.55 -32.8224 3
      vertex -17.5927 -32.8461 3
    endloop
  endfacet
  facet normal 0 0 1
    outer loop
      vertex -17.9732 -36.8506 3
      vertex -17.5927 -32.8461 3
      vertex -17.6363 -32.8682 3
    endloop
  endfacet
  facet normal 0 0 1
    outer loop
      vertex -17.9732 -36.8506 3
      vertex -17.6363 -32.8682 3
      vertex -17.6806 -32.8889 3
    endloop
  endfacet
  facet normal 0 0 1
    outer loop
      vertex -17.9732 -36.8506 3
      vertex -17.6806 -32.8889 3
      vertex -17.7256 -32.908 3
    endloop
  endfacet
  facet normal 0 0 1
    outer loop
      vertex -17.9732 -36.8506 3
      vertex -17.7256 -32.908 3
      vertex -17.7712 -32.9255 3
    endloop
  endfacet
  facet normal 0 0 1
    outer loop
      vertex -17.9732 -36.8506 3
      vertex -17.7712 -32.9255 3
      vertex -17.8174 -32.9414 3
    endloop
  endfacet
  facet normal 0 0 1
    outer loop
      vertex -17.9732 -36.8506 3
      vertex -17.8174 -32.9414 3
      vertex -17.8641 -32.9557 3
    endloop
  endfacet
  facet normal 0 0 1
    outer loop
      vertex -17.9732 -36.8506 3
      vertex -17.8641 -32.9557 3
      vertex -17.9113 -32.9683 3
    endloop
  endfacet
  facet normal 0 0 1
    outer loop
      vertex -17.9732 -36.8506 3
      vertex -17.9113 -32.9683 3
      vertex -17.9589 -32.9793 3
    endloop
  endfacet
  facet normal 0 0 1
    outer loop
      vertex -17.55 -32.8224 3
      vertex -17.9732 -36.8506 3
      vertex -16.6762 -37.4554 3
    endloop
  endfacet
  facet normal -0 0 1
    outer loop
      vertex -18.0069 -32.9887 3
      vertex -17.9732 -36.8506 3
      vertex -17.9589 -32.9793 3
    endloop
  endfacet
  facet normal -0 0 1
    outer loop
      vertex -18.0552 -32.9963 3
      vertex -17.9732 -36.8506 3
      vertex -18.0069 -32.9887 3
    endloop
  endfacet
  facet normal 0 0 1
    outer loop
      vertex -19.2483 -36.2009 3
      vertex -18.0552 -32.9963 3
      vertex -18.1037 -33.0023 3
    endloop
  endfacet
  facet normal 0 0 1
    outer loop
      vertex -19.2483 -36.2009 3
      vertex -18.1037 -33.0023 3
      vertex -18.1523 -33.0065 3
    endloop
  endfacet
  facet normal 0 0 1
    outer loop
      vertex -19.2483 -36.2009 3
      vertex -18.1523 -33.0065 3
      vertex -18.2011 -33.0091 3
    endloop
  endfacet
  facet normal 0 0 1
    outer loop
      vertex -19.2483 -36.2009 3
      vertex -18.2011 -33.0091 3
      vertex -18.25 -33.0099 3
    endloop
  endfacet
  facet normal 0 0 1
    outer loop
      vertex -19.2483 -36.2009 3
      vertex -18.25 -33.0099 3
      vertex -18.2989 -33.0091 3
    endloop
  endfacet
  facet normal 0 0 1
    outer loop
      vertex -19.2483 -36.2009 3
      vertex -18.2989 -33.0091 3
      vertex -18.3477 -33.0065 3
    endloop
  endfacet
  facet normal 0 0 1
    outer loop
      vertex -19.2483 -36.2009 3
      vertex -18.3477 -33.0065 3
      vertex -18.3963 -33.0023 3
    endloop
  endfacet
  facet normal 0 0 1
    outer loop
      vertex -19.2483 -36.2009 3
      vertex -18.3963 -33.0023 3
      vertex -18.4448 -32.9963 3
    endloop
  endfacet
  facet normal 0 0 1
    outer loop
      vertex -19.2483 -36.2009 3
      vertex -18.4448 -32.9963 3
      vertex -18.4931 -32.9887 3
    endloop
  endfacet
  facet normal 0 0 1
    outer loop
      vertex -19.2483 -36.2009 3
      vertex -18.4931 -32.9887 3
      vertex -18.5411 -32.9793 3
    endloop
  endfacet
  facet normal 0 0 1
    outer loop
      vertex -19.2483 -36.2009 3
      vertex -18.5411 -32.9793 3
      vertex -18.5887 -32.9683 3
    endloop
  endfacet
  facet normal 0 0 1
    outer loop
      vertex -19.2483 -36.2009 3
      vertex -18.5887 -32.9683 3
      vertex -18.6359 -32.9557 3
    endloop
  endfacet
  facet normal 0 0 1
    outer loop
      vertex -19.2483 -36.2009 3
      vertex -18.6359 -32.9557 3
      vertex -18.6826 -32.9414 3
    endloop
  endfacet
  facet normal 0 0 1
    outer loop
      vertex -20.5 -35.507 3
      vertex -18.6826 -32.9414 3
      vertex -18.7288 -32.9255 3
    endloop
  endfacet
  facet normal 0 0 1
    outer loop
      vertex -20.5 -35.507 3
      vertex -18.7288 -32.9255 3
      vertex -18.7744 -32.908 3
    endloop
  endfacet
  facet normal 0 0 1
    outer loop
      vertex -20.5 -35.507 3
      vertex -18.7744 -32.908 3
      vertex -18.8194 -32.8889 3
    endloop
  endfacet
  facet normal 0 0 1
    outer loop
      vertex -20.5 -35.507 3
      vertex -18.8194 -32.8889 3
      vertex -18.8637 -32.8682 3
    endloop
  endfacet
  facet normal 0 0 1
    outer loop
      vertex -20.5 -35.507 3
      vertex -18.8637 -32.8682 3
      vertex -18.9073 -32.8461 3
    endloop
  endfacet
  facet normal 0 0 1
    outer loop
      vertex -20.5 -35.507 3
      vertex -18.9073 -32.8461 3
      vertex -18.95 -32.8224 3
    endloop
  endfacet
  facet normal 0 0 1
    outer loop
      vertex -20.5 -35.507 3
      vertex -18.95 -32.8224 3
      vertex -18.9919 -32.7972 3
    endloop
  endfacet
  facet normal 0 0 1
    outer loop
      vertex -20.5 -35.507 3
      vertex -18.9919 -32.7972 3
      vertex -19.0329 -32.7706 3
    endloop
  endfacet
  facet normal 0 0 1
    outer loop
      vertex -20.5 -35.507 3
      vertex -19.0329 -32.7706 3
      vertex -19.0729 -32.7425 3
    endloop
  endfacet
  facet normal 0 0 1
    outer loop
      vertex -20.5 -35.507 3
      vertex -19.0729 -32.7425 3
      vertex -19.1119 -32.7131 3
    endloop
  endfacet
  facet normal 0 0 1
    outer loop
      vertex -20.5 -35.507 3
      vertex -19.1119 -32.7131 3
      vertex -19.1499 -32.6824 3
    endloop
  endfacet
  facet normal 0 0 1
    outer loop
      vertex -20.5 -35.507 3
      vertex -19.1499 -32.6824 3
      vertex -19.1868 -32.6503 3
    endloop
  endfacet
  facet normal 0 0 1
    outer loop
      vertex -20.5 -35.507 3
      vertex -19.1868 -32.6503 3
      vertex -19.2225 -32.617 3
    endloop
  endfacet
  facet normal 0 0 1
    outer loop
      vertex -18.0552 -32.9963 3
      vertex -19.2483 -36.2009 3
      vertex -17.9732 -36.8506 3
    endloop
  endfacet
  facet normal 0 0 1
    outer loop
      vertex -21.7267 -34.77 3
      vertex -19.2225 -32.617 3
      vertex -19.2571 -32.5824 3
    endloop
  endfacet
  facet normal 0 0 1
    outer loop
      vertex -21.7267 -34.77 3
      vertex -19.2571 -32.5824 3
      vertex -19.2904 -32.5467 3
    endloop
  endfacet
  facet normal 0 0 1
    outer loop
      vertex -21.7267 -34.77 3
      vertex -19.2904 -32.5467 3
      vertex -19.3225 -32.5098 3
    endloop
  endfacet
  facet normal 0 0 1
    outer loop
      vertex -21.7267 -34.77 3
      vertex -19.3225 -32.5098 3
      vertex -19.3532 -32.4719 3
    endloop
  endfacet
  facet normal 0 0 1
    outer loop
      vertex -21.7267 -34.77 3
      vertex -19.3532 -32.4719 3
      vertex -19.3826 -32.4328 3
    endloop
  endfacet
  facet normal 0 0 1
    outer loop
      vertex -21.7267 -34.77 3
      vertex -19.3826 -32.4328 3
      vertex -19.4107 -32.3928 3
    endloop
  endfacet
  facet normal 0 0 1
    outer loop
      vertex -21.7267 -34.77 3
      vertex -19.4107 -32.3928 3
      vertex -19.4373 -32.3518 3
    endloop
  endfacet
  facet normal 0 0 1
    outer loop
      vertex -21.7267 -34.77 3
      vertex -19.4373 -32.3518 3
      vertex -19.4624 -32.3099 3
    endloop
  endfacet
  facet normal 0 0 1
    outer loop
      vertex -21.7267 -34.77 3
      vertex -19.4624 -32.3099 3
      vertex -19.4861 -32.2672 3
    endloop
  endfacet
  facet normal 0 0 1
    outer loop
      vertex -21.7267 -34.77 3
      vertex -19.4861 -32.2672 3
      vertex -19.5083 -32.2236 3
    endloop
  endfacet
  facet normal 0 0 1
    outer loop
      vertex -21.7267 -34.77 3
      vertex -19.5083 -32.2236 3
      vertex -19.529 -32.1794 3
    endloop
  endfacet
  facet normal 0 0 1
    outer loop
      vertex -21.7267 -34.77 3
      vertex -19.529 -32.1794 3
      vertex -19.5481 -32.1344 3
    endloop
  endfacet
  facet normal 0 0 1
    outer loop
      vertex -22.9269 -33.9905 3
      vertex -19.5481 -32.1344 3
      vertex -19.5656 -32.0888 3
    endloop
  endfacet
  facet normal 0 0 1
    outer loop
      vertex -22.9269 -33.9905 3
      vertex -19.5656 -32.0888 3
      vertex -19.5815 -32.0425 3
    endloop
  endfacet
  facet normal 0 0 1
    outer loop
      vertex -22.9269 -33.9905 3
      vertex -19.5815 -32.0425 3
      vertex -19.5958 -31.9958 3
    endloop
  endfacet
  facet normal 0 0 1
    outer loop
      vertex -22.9269 -33.9905 3
      vertex -19.5958 -31.9958 3
      vertex -19.6084 -31.9486 3
    endloop
  endfacet
  facet normal 0 0 1
    outer loop
      vertex -22.9269 -33.9905 3
      vertex -19.6084 -31.9486 3
      vertex -19.6194 -31.901 3
    endloop
  endfacet
  facet normal 0 0 1
    outer loop
      vertex -22.9269 -33.9905 3
      vertex -19.6194 -31.901 3
      vertex -19.6287 -31.853 3
    endloop
  endfacet
  facet normal 0 0 1
    outer loop
      vertex -22.9269 -33.9905 3
      vertex -19.6287 -31.853 3
      vertex -19.6364 -31.8048 3
    endloop
  endfacet
  facet normal 0 0 1
    outer loop
      vertex -22.9269 -33.9905 3
      vertex -19.6364 -31.8048 3
      vertex -19.6423 -31.7563 3
    endloop
  endfacet
  facet normal 0 0 1
    outer loop
      vertex -18.6826 -32.9414 3
      vertex -20.5 -35.507 3
      vertex -19.2483 -36.2009 3
    endloop
  endfacet
  facet normal 0 0 1
    outer loop
      vertex -22.9269 -33.9905 3
      vertex -19.6423 -31.7563 3
      vertex -19.6466 -31.7076 3
    endloop
  endfacet
  facet normal 0 0 1
    outer loop
      vertex -22.9269 -33.9905 3
      vertex -19.6466 -31.7076 3
      vertex -19.6491 -31.6588 3
    endloop
  endfacet
  facet normal 0 0 1
    outer loop
      vertex -22.9269 -33.9905 3
      vertex -19.6491 -31.6588 3
      vertex -19.65 -31.6099 3
    endloop
  endfacet
  facet normal 0 0 1
    outer loop
      vertex -19.6491 31.6588 3
      vertex -22.9269 33.9905 3
      vertex -19.65 31.6099 3
    endloop
  endfacet
  facet normal -0 0 1
    outer loop
      vertex -24.0992 33.1697 3
      vertex -19.65 31.6099 3
      vertex -22.9269 33.9905 3
    endloop
  endfacet
  facet normal 0 0 1
    outer loop
      vertex -19.2225 -32.617 3
      vertex -21.7267 -34.77 3
      vertex -20.5 -35.507 3
    endloop
  endfacet
  facet normal 0 0 1
    outer loop
      vertex -19.5815 31.1773 3
      vertex -24.0992 33.1697 3
      vertex -25.2421 32.3084 3
    endloop
  endfacet
  facet normal 0 0 1
    outer loop
      vertex -19.5481 -32.1344 3
      vertex -22.9269 -33.9905 3
      vertex -21.7267 -34.77 3
    endloop
  endfacet
  facet normal 0 0 1
    outer loop
      vertex -19.4373 30.868 3
      vertex -25.2421 32.3084 3
      vertex -26.3543 31.4078 3
    endloop
  endfacet
  facet normal 0 0 1
    outer loop
      vertex -19.65 -31.6099 3
      vertex -24.0992 -33.1697 3
      vertex -22.9269 -33.9905 3
    endloop
  endfacet
  facet normal 0 0 1
    outer loop
      vertex -19.2571 30.6374 3
      vertex -26.3543 31.4078 3
      vertex -27.4344 30.4689 3
    endloop
  endfacet
  facet normal 0 0 1
    outer loop
      vertex -19.6491 -31.5611 3
      vertex -24.0992 -33.1697 3
      vertex -19.65 -31.6099 3
    endloop
  endfacet
  facet normal 0 0 1
    outer loop
      vertex -19.1119 30.5067 3
      vertex -27.4344 30.4689 3
      vertex -28.481 29.4929 3
    endloop
  endfacet
  facet normal 0 0 1
    outer loop
      vertex -19.6466 -31.5123 3
      vertex -24.0992 -33.1697 3
      vertex -19.6491 -31.5611 3
    endloop
  endfacet
  facet normal 0 0 1
    outer loop
      vertex -18.95 30.3975 3
      vertex -28.481 29.4929 3
      vertex -29.4929 28.481 3
    endloop
  endfacet
  facet normal 0 0 1
    outer loop
      vertex -19.6423 -31.4636 3
      vertex -24.0992 -33.1697 3
      vertex -19.6466 -31.5123 3
    endloop
  endfacet
  facet normal 0 0 1
    outer loop
      vertex -18.8194 30.331 3
      vertex -29.4929 28.481 3
      vertex -30.4689 27.4344 3
    endloop
  endfacet
  facet normal 0 0 1
    outer loop
      vertex -19.6364 -31.4151 3
      vertex -24.0992 -33.1697 3
      vertex -19.6423 -31.4636 3
    endloop
  endfacet
  facet normal 0 0 1
    outer loop
      vertex -18.6826 30.2784 3
      vertex -30.4689 27.4344 3
      vertex -31.4078 26.3543 3
    endloop
  endfacet
  facet normal 0 0 1
    outer loop
      vertex -19.6287 -31.3668 3
      vertex -24.0992 -33.1697 3
      vertex -19.6364 -31.4151 3
    endloop
  endfacet
  facet normal 0 0 1
    outer loop
      vertex -18.5887 30.2515 3
      vertex -31.4078 26.3543 3
      vertex -32.3084 25.2421 3
    endloop
  endfacet
  facet normal 0 0 1
    outer loop
      vertex -19.6194 -31.3189 3
      vertex -24.0992 -33.1697 3
      vertex -19.6287 -31.3668 3
    endloop
  endfacet
  facet normal 0 0 1
    outer loop
      vertex -18.4931 30.2312 3
      vertex -32.3084 25.2421 3
      vertex -33.1697 24.0992 3
    endloop
  endfacet
  facet normal 0 0 1
    outer loop
      vertex -19.6084 -31.2712 3
      vertex -24.0992 -33.1697 3
      vertex -19.6194 -31.3189 3
    endloop
  endfacet
  facet normal 0 0 1
    outer loop
      vertex -18.4448 30.2236 3
      vertex -33.1697 24.0992 3
      vertex -33.9905 22.9269 3
    endloop
  endfacet
  facet normal 0 0 1
    outer loop
      vertex -19.5958 -31.224 3
      vertex -24.0992 -33.1697 3
      vertex -19.6084 -31.2712 3
    endloop
  endfacet
  facet normal 0 0 1
    outer loop
      vertex -18.3963 30.2176 3
      vertex -33.9905 22.9269 3
      vertex -34.77 21.7267 3
    endloop
  endfacet
  facet normal 0 0 1
    outer loop
      vertex -19.5815 -31.1773 3
      vertex -24.0992 -33.1697 3
      vertex -19.5958 -31.224 3
    endloop
  endfacet
  facet normal 0 0 1
    outer loop
      vertex -18.2989 30.2108 3
      vertex -34.77 21.7267 3
      vertex -35.507 20.5 3
    endloop
  endfacet
  facet normal 0 -0 1
    outer loop
      vertex -24.0992 -33.1697 3
      vertex -19.5815 -31.1773 3
      vertex -25.2421 -32.3084 3
    endloop
  endfacet
  facet normal 0 0 1
    outer loop
      vertex -18.25 30.2099 3
      vertex -35.507 20.5 3
      vertex -36.2009 19.2483 3
    endloop
  endfacet
  facet normal 0 0 1
    outer loop
      vertex -19.5656 -31.1311 3
      vertex -25.2421 -32.3084 3
      vertex -19.5815 -31.1773 3
    endloop
  endfacet
  facet normal 0 0 1
    outer loop
      vertex -1.35841 0.33869 3
      vertex -39.7821 9.9188 3
      vertex -1.36941 0.291076 3
    endloop
  endfacet
  facet normal 0 0 1
    outer loop
      vertex -19.5481 -31.0855 3
      vertex -25.2421 -32.3084 3
      vertex -19.5656 -31.1311 3
    endloop
  endfacet
  facet normal -0 0 1
    outer loop
      vertex -40.104 8.52438 3
      vertex -1.36941 0.291076 3
      vertex -39.7821 9.9188 3
    endloop
  endfacet
  facet normal 0 0 1
    outer loop
      vertex -19.529 -31.0405 3
      vertex -25.2421 -32.3084 3
      vertex -19.5481 -31.0855 3
    endloop
  endfacet
  facet normal 0 0 1
    outer loop
      vertex -1.36941 0.291076 3
      vertex -40.104 8.52438 3
      vertex -1.37873 0.243107 3
    endloop
  endfacet
  facet normal 0 0 1
    outer loop
      vertex -19.5083 -30.9962 3
      vertex -25.2421 -32.3084 3
      vertex -19.529 -31.0405 3
    endloop
  endfacet
  facet normal -0 0 1
    outer loop
      vertex -40.3771 7.11957 3
      vertex -1.37873 0.243107 3
      vertex -40.104 8.52438 3
    endloop
  endfacet
  facet normal 0 0 1
    outer loop
      vertex -19.4861 -30.9527 3
      vertex -25.2421 -32.3084 3
      vertex -19.5083 -30.9962 3
    endloop
  endfacet
  facet normal 0 0 1
    outer loop
      vertex -1.37873 0.243107 3
      vertex -40.3771 7.11957 3
      vertex -1.38637 0.194842 3
    endloop
  endfacet
  facet normal 0 0 1
    outer loop
      vertex -19.4624 -30.9099 3
      vertex -25.2421 -32.3084 3
      vertex -19.4861 -30.9527 3
    endloop
  endfacet
  facet normal -0 0 1
    outer loop
      vertex -40.601 5.7061 3
      vertex -1.38637 0.194842 3
      vertex -40.3771 7.11957 3
    endloop
  endfacet
  facet normal 0 0 1
    outer loop
      vertex -19.4373 -30.868 3
      vertex -25.2421 -32.3084 3
      vertex -19.4624 -30.9099 3
    endloop
  endfacet
  facet normal 0 0 1
    outer loop
      vertex -1.38637 0.194842 3
      vertex -40.601 5.7061 3
      vertex -1.39233 0.146339 3
    endloop
  endfacet
  facet normal 0 -0 1
    outer loop
      vertex -25.2421 -32.3084 3
      vertex -19.4373 -30.868 3
      vertex -26.3543 -31.4078 3
    endloop
  endfacet
  facet normal -0 0 1
    outer loop
      vertex -40.7754 4.28567 3
      vertex -1.39233 0.146339 3
      vertex -40.601 5.7061 3
    endloop
  endfacet
  facet normal 0 0 1
    outer loop
      vertex -19.4107 -30.8271 3
      vertex -26.3543 -31.4078 3
      vertex -19.4373 -30.868 3
    endloop
  endfacet
  facet normal 0 0 1
    outer loop
      vertex -1.39233 0.146339 3
      vertex -40.7754 4.28567 3
      vertex -1.39659 0.0976582 3
    endloop
  endfacet
  facet normal 0 0 1
    outer loop
      vertex -19.3826 -30.787 3
      vertex -26.3543 -31.4078 3
      vertex -19.4107 -30.8271 3
    endloop
  endfacet
  facet normal -0 0 1
    outer loop
      vertex -40.9001 2.86001 3
      vertex -1.39659 0.0976582 3
      vertex -40.7754 4.28567 3
    endloop
  endfacet
  facet normal 0 0 1
    outer loop
      vertex -19.3532 -30.748 3
      vertex -26.3543 -31.4078 3
      vertex -19.3826 -30.787 3
    endloop
  endfacet
  facet normal 0 0 1
    outer loop
      vertex -1.39659 0.0976582 3
      vertex -40.9001 2.86001 3
      vertex -1.39915 0.0488586 3
    endloop
  endfacet
  facet normal 0 0 1
    outer loop
      vertex -19.3225 -30.71 3
      vertex -26.3543 -31.4078 3
      vertex -19.3532 -30.748 3
    endloop
  endfacet
  facet normal -0 0 1
    outer loop
      vertex -40.975 1.43088 3
      vertex -1.39915 0.0488586 3
      vertex -40.9001 2.86001 3
    endloop
  endfacet
  facet normal 0 0 1
    outer loop
      vertex -19.2904 -30.6731 3
      vertex -26.3543 -31.4078 3
      vertex -19.3225 -30.71 3
    endloop
  endfacet
  facet normal 0 0 1
    outer loop
      vertex -1.39915 0.0488586 3
      vertex -40.975 1.43088 3
      vertex -1.4 0 3
    endloop
  endfacet
  facet normal 0 0 1
    outer loop
      vertex -19.2571 -30.6374 3
      vertex -26.3543 -31.4078 3
      vertex -19.2904 -30.6731 3
    endloop
  endfacet
  facet normal 0 0 1
    outer loop
      vertex -19.1499 -30.5375 3
      vertex -27.4344 -30.4689 3
      vertex -19.1868 -30.5695 3
    endloop
  endfacet
  facet normal 0 -0 1
    outer loop
      vertex -26.3543 -31.4078 3
      vertex -19.2571 -30.6374 3
      vertex -27.4344 -30.4689 3
    endloop
  endfacet
  facet normal 0 0 1
    outer loop
      vertex -19.1868 -30.5695 3
      vertex -27.4344 -30.4689 3
      vertex -19.2225 -30.6029 3
    endloop
  endfacet
  facet normal 0 0 1
    outer loop
      vertex -19.2225 -30.6029 3
      vertex -27.4344 -30.4689 3
      vertex -19.2571 -30.6374 3
    endloop
  endfacet
  facet normal 0 0 1
    outer loop
      vertex -1.4 0 3
      vertex -18.25 -30.2099 3
      vertex -18.2011 -30.2108 3
    endloop
  endfacet
  facet normal 0 0 1
    outer loop
      vertex 29.4929 -28.481 3
      vertex 1.00708 -0.972521 3
      vertex 28.481 -29.4929 3
    endloop
  endfacet
  facet normal -0 0 1
    outer loop
      vertex 0.972521 -1.00708 3
      vertex 28.481 -29.4929 3
      vertex 1.00708 -0.972521 3
    endloop
  endfacet
  facet normal 0 0 1
    outer loop
      vertex 28.481 -29.4929 3
      vertex 0.972521 -1.00708 3
      vertex 27.4344 -30.4689 3
    endloop
  endfacet
  facet normal -0 0 1
    outer loop
      vertex 0.936783 -1.0404 3
      vertex 27.4344 -30.4689 3
      vertex 0.972521 -1.00708 3
    endloop
  endfacet
  facet normal 0 0 1
    outer loop
      vertex 27.4344 -30.4689 3
      vertex 0.936783 -1.0404 3
      vertex 26.3543 -31.4078 3
    endloop
  endfacet
  facet normal -0 0 1
    outer loop
      vertex 0.899902 -1.07246 3
      vertex 26.3543 -31.4078 3
      vertex 0.936783 -1.0404 3
    endloop
  endfacet
  facet normal 0 0 1
    outer loop
      vertex 26.3543 -31.4078 3
      vertex 0.899902 -1.07246 3
      vertex 25.2421 -32.3084 3
    endloop
  endfacet
  facet normal -0 0 1
    outer loop
      vertex 0.861925 -1.10321 3
      vertex 25.2421 -32.3084 3
      vertex 0.899902 -1.07246 3
    endloop
  endfacet
  facet normal 0 0 1
    outer loop
      vertex 25.2421 -32.3084 3
      vertex 0.861925 -1.10321 3
      vertex 24.0992 -33.1697 3
    endloop
  endfacet
  facet normal -0 0 1
    outer loop
      vertex 0.822899 -1.13262 3
      vertex 24.0992 -33.1697 3
      vertex 0.861925 -1.10321 3
    endloop
  endfacet
  facet normal 0 0 1
    outer loop
      vertex 24.0992 -33.1697 3
      vertex 0.822899 -1.13262 3
      vertex 22.9269 -33.9905 3
    endloop
  endfacet
  facet normal -0 0 1
    outer loop
      vertex 0.782869 -1.16065 3
      vertex 22.9269 -33.9905 3
      vertex 0.822899 -1.13262 3
    endloop
  endfacet
  facet normal 0 0 1
    outer loop
      vertex 22.9269 -33.9905 3
      vertex 0.782869 -1.16065 3
      vertex 21.7267 -34.77 3
    endloop
  endfacet
  facet normal -0 0 1
    outer loop
      vertex 0.741886 -1.18727 3
      vertex 21.7267 -34.77 3
      vertex 0.782869 -1.16065 3
    endloop
  endfacet
  facet normal 0 0 1
    outer loop
      vertex 21.7267 -34.77 3
      vertex 0.741886 -1.18727 3
      vertex 20.5 -35.507 3
    endloop
  endfacet
  facet normal -0 0 1
    outer loop
      vertex 0.7 -1.21243 3
      vertex 20.5 -35.507 3
      vertex 0.741886 -1.18727 3
    endloop
  endfacet
  facet normal 0 0 1
    outer loop
      vertex 20.5 -35.507 3
      vertex 0.7 -1.21243 3
      vertex 19.2483 -36.2009 3
    endloop
  endfacet
  facet normal -0 0 1
    outer loop
      vertex 0.65726 -1.23613 3
      vertex 19.2483 -36.2009 3
      vertex 0.7 -1.21243 3
    endloop
  endfacet
  facet normal 0 0 1
    outer loop
      vertex 19.2483 -36.2009 3
      vertex 0.65726 -1.23613 3
      vertex 17.9732 -36.8506 3
    endloop
  endfacet
  facet normal -0 0 1
    outer loop
      vertex 0.613719 -1.25831 3
      vertex 17.9732 -36.8506 3
      vertex 0.65726 -1.23613 3
    endloop
  endfacet
  facet normal 0 0 1
    outer loop
      vertex 17.9732 -36.8506 3
      vertex 0.613719 -1.25831 3
      vertex 16.6762 -37.4554 3
    endloop
  endfacet
  facet normal -0 0 1
    outer loop
      vertex 0.56943 -1.27896 3
      vertex 16.6762 -37.4554 3
      vertex 0.613719 -1.25831 3
    endloop
  endfacet
  facet normal 0 0 1
    outer loop
      vertex 16.6762 -37.4554 3
      vertex 0.56943 -1.27896 3
      vertex 15.3589 -38.0145 3
    endloop
  endfacet
  facet normal -0 0 1
    outer loop
      vertex 0.524448 -1.29806 3
      vertex 15.3589 -38.0145 3
      vertex 0.56943 -1.27896 3
    endloop
  endfacet
  facet normal 0 0 1
    outer loop
      vertex 15.3589 -38.0145 3
      vertex 0.524448 -1.29806 3
      vertex 14.0228 -38.5274 3
    endloop
  endfacet
  facet normal -0 0 1
    outer loop
      vertex 0.478827 -1.31557 3
      vertex 14.0228 -38.5274 3
      vertex 0.524448 -1.29806 3
    endloop
  endfacet
  facet normal 0 0 1
    outer loop
      vertex 14.0228 -38.5274 3
      vertex 0.478827 -1.31557 3
      vertex 12.6697 -38.9933 3
    endloop
  endfacet
  facet normal -0 0 1
    outer loop
      vertex 0.432623 -1.33148 3
      vertex 12.6697 -38.9933 3
      vertex 0.478827 -1.31557 3
    endloop
  endfacet
  facet normal 0 0 1
    outer loop
      vertex 12.6697 -38.9933 3
      vertex 0.432623 -1.33148 3
      vertex 11.3011 -39.4117 3
    endloop
  endfacet
  facet normal -0 0 1
    outer loop
      vertex 0.385892 -1.34577 3
      vertex 11.3011 -39.4117 3
      vertex 0.432623 -1.33148 3
    endloop
  endfacet
  facet normal 0 0 1
    outer loop
      vertex 11.3011 -39.4117 3
      vertex 0.385892 -1.34577 3
      vertex 9.9188 -39.7821 3
    endloop
  endfacet
  facet normal -0 0 1
    outer loop
      vertex 0.33869 -1.35841 3
      vertex 9.9188 -39.7821 3
      vertex 0.385892 -1.34577 3
    endloop
  endfacet
  facet normal 0 0 1
    outer loop
      vertex 9.9188 -39.7821 3
      vertex 0.33869 -1.35841 3
      vertex 8.52438 -40.104 3
    endloop
  endfacet
  facet normal -0 0 1
    outer loop
      vertex 0.291076 -1.36941 3
      vertex 8.52438 -40.104 3
      vertex 0.33869 -1.35841 3
    endloop
  endfacet
  facet normal 0 0 1
    outer loop
      vertex 8.52438 -40.104 3
      vertex 0.291076 -1.36941 3
      vertex 7.11957 -40.3771 3
    endloop
  endfacet
  facet normal -0 0 1
    outer loop
      vertex 0.243107 -1.37873 3
      vertex 7.11957 -40.3771 3
      vertex 0.291076 -1.36941 3
    endloop
  endfacet
  facet normal 0 0 1
    outer loop
      vertex 7.11957 -40.3771 3
      vertex 0.243107 -1.37873 3
      vertex 5.7061 -40.601 3
    endloop
  endfacet
  facet normal -0 0 1
    outer loop
      vertex 0.194842 -1.38637 3
      vertex 5.7061 -40.601 3
      vertex 0.243107 -1.37873 3
    endloop
  endfacet
  facet normal 0 0 1
    outer loop
      vertex 5.7061 -40.601 3
      vertex 0.194842 -1.38637 3
      vertex 4.28567 -40.7754 3
    endloop
  endfacet
  facet normal -0 0 1
    outer loop
      vertex 0.146339 -1.39233 3
      vertex 4.28567 -40.7754 3
      vertex 0.194842 -1.38637 3
    endloop
  endfacet
  facet normal 0 0 1
    outer loop
      vertex 4.28567 -40.7754 3
      vertex 0.146339 -1.39233 3
      vertex 2.86001 -40.9001 3
    endloop
  endfacet
  facet normal -0 0 1
    outer loop
      vertex 0.0976582 -1.39659 3
      vertex 2.86001 -40.9001 3
      vertex 0.146339 -1.39233 3
    endloop
  endfacet
  facet normal 0 0 1
    outer loop
      vertex 2.86001 -40.9001 3
      vertex 0.0976582 -1.39659 3
      vertex 1.43088 -40.975 3
    endloop
  endfacet
  facet normal -0 0 1
    outer loop
      vertex 0.0488586 -1.39915 3
      vertex 1.43088 -40.975 3
      vertex 0.0976582 -1.39659 3
    endloop
  endfacet
  facet normal -0 0 1
    outer loop
      vertex 0 -1.4 3
      vertex 1.43088 -40.975 3
      vertex 0.0488586 -1.39915 3
    endloop
  endfacet
  facet normal 0 0 1
    outer loop
      vertex 0 -1.4 3
      vertex 0 -41 3
      vertex 1.43088 -40.975 3
    endloop
  endfacet
  facet normal 0 0 1
    outer loop
      vertex -16.85 -31.6099 3
      vertex 0 -1.4 3
      vertex -0.0488586 -1.39915 3
    endloop
  endfacet
  facet normal 0 0 1
    outer loop
      vertex -16.85 -31.6099 3
      vertex -0.0488586 -1.39915 3
      vertex -0.0976582 -1.39659 3
    endloop
  endfacet
  facet normal 0 0 1
    outer loop
      vertex -16.85 -31.6099 3
      vertex -0.0976582 -1.39659 3
      vertex -0.146339 -1.39233 3
    endloop
  endfacet
  facet normal 0 0 1
    outer loop
      vertex -16.85 -31.6099 3
      vertex -0.146339 -1.39233 3
      vertex -0.194842 -1.38637 3
    endloop
  endfacet
  facet normal 0 0 1
    outer loop
      vertex -16.85 -31.6099 3
      vertex -0.194842 -1.38637 3
      vertex -0.243107 -1.37873 3
    endloop
  endfacet
  facet normal 0 0 1
    outer loop
      vertex -16.85 -31.6099 3
      vertex -0.243107 -1.37873 3
      vertex -0.291076 -1.36941 3
    endloop
  endfacet
  facet normal 0 0 1
    outer loop
      vertex -16.85 -31.6099 3
      vertex -0.291076 -1.36941 3
      vertex -0.33869 -1.35841 3
    endloop
  endfacet
  facet normal 0 0 1
    outer loop
      vertex -16.85 -31.6099 3
      vertex -0.33869 -1.35841 3
      vertex -0.385892 -1.34577 3
    endloop
  endfacet
  facet normal 0 0 1
    outer loop
      vertex -16.85 -31.6099 3
      vertex -0.385892 -1.34577 3
      vertex -0.432623 -1.33148 3
    endloop
  endfacet
  facet normal 0 0 1
    outer loop
      vertex -16.85 -31.6099 3
      vertex -0.432623 -1.33148 3
      vertex -0.478827 -1.31557 3
    endloop
  endfacet
  facet normal 0 0 1
    outer loop
      vertex -16.85 -31.6099 3
      vertex -0.478827 -1.31557 3
      vertex -0.524448 -1.29806 3
    endloop
  endfacet
  facet normal 0 0 1
    outer loop
      vertex -16.85 -31.6099 3
      vertex -0.524448 -1.29806 3
      vertex -0.56943 -1.27896 3
    endloop
  endfacet
  facet normal 0 0 1
    outer loop
      vertex -16.85 -31.6099 3
      vertex -0.56943 -1.27896 3
      vertex -0.613719 -1.25831 3
    endloop
  endfacet
  facet normal 0 0 1
    outer loop
      vertex -16.85 -31.6099 3
      vertex -0.613719 -1.25831 3
      vertex -0.65726 -1.23613 3
    endloop
  endfacet
  facet normal 0 0 1
    outer loop
      vertex -16.85 -31.6099 3
      vertex -0.65726 -1.23613 3
      vertex -0.7 -1.21243 3
    endloop
  endfacet
  facet normal 0 0 1
    outer loop
      vertex -16.85 -31.6099 3
      vertex -0.7 -1.21243 3
      vertex -0.741886 -1.18727 3
    endloop
  endfacet
  facet normal 0 0 1
    outer loop
      vertex -16.85 -31.6099 3
      vertex -0.741886 -1.18727 3
      vertex -0.782869 -1.16065 3
    endloop
  endfacet
  facet normal 0 0 1
    outer loop
      vertex -16.85 -31.6099 3
      vertex -0.782869 -1.16065 3
      vertex -0.822899 -1.13262 3
    endloop
  endfacet
  facet normal 0 0 1
    outer loop
      vertex -16.85 -31.6099 3
      vertex -0.822899 -1.13262 3
      vertex -0.861925 -1.10321 3
    endloop
  endfacet
  facet normal 0 0 1
    outer loop
      vertex -16.85 -31.6099 3
      vertex -0.861925 -1.10321 3
      vertex -0.899902 -1.07246 3
    endloop
  endfacet
  facet normal 0 0 1
    outer loop
      vertex -16.85 -31.6099 3
      vertex -0.899902 -1.07246 3
      vertex -0.936783 -1.0404 3
    endloop
  endfacet
  facet normal 0 0 1
    outer loop
      vertex -16.85 -31.6099 3
      vertex -0.936783 -1.0404 3
      vertex -0.972521 -1.00708 3
    endloop
  endfacet
  facet normal 0 0 1
    outer loop
      vertex -16.85 -31.6099 3
      vertex -0.972521 -1.00708 3
      vertex -1.00708 -0.972521 3
    endloop
  endfacet
  facet normal 0 0 1
    outer loop
      vertex -16.85 -31.6099 3
      vertex -1.00708 -0.972521 3
      vertex -1.0404 -0.936783 3
    endloop
  endfacet
  facet normal 0 0 1
    outer loop
      vertex -16.85 -31.6099 3
      vertex -1.0404 -0.936783 3
      vertex -1.07246 -0.899902 3
    endloop
  endfacet
  facet normal 0 0 1
    outer loop
      vertex -16.85 -31.6099 3
      vertex -1.07246 -0.899902 3
      vertex -1.10321 -0.861925 3
    endloop
  endfacet
  facet normal 0 0 1
    outer loop
      vertex -16.85 -31.6099 3
      vertex -1.10321 -0.861925 3
      vertex -1.13262 -0.822899 3
    endloop
  endfacet
  facet normal 0 0 1
    outer loop
      vertex -16.85 -31.6099 3
      vertex -1.13262 -0.822899 3
      vertex -1.16065 -0.782869 3
    endloop
  endfacet
  facet normal 0 0 1
    outer loop
      vertex -16.85 -31.6099 3
      vertex -1.16065 -0.782869 3
      vertex -1.18727 -0.741886 3
    endloop
  endfacet
  facet normal 0 0 1
    outer loop
      vertex -16.85 -31.6099 3
      vertex -1.18727 -0.741886 3
      vertex -1.21243 -0.7 3
    endloop
  endfacet
  facet normal 0 0 1
    outer loop
      vertex -16.85 -31.6099 3
      vertex -1.21243 -0.7 3
      vertex -1.23613 -0.65726 3
    endloop
  endfacet
  facet normal 0 0 1
    outer loop
      vertex -16.85 -31.6099 3
      vertex -1.23613 -0.65726 3
      vertex -1.25831 -0.613719 3
    endloop
  endfacet
  facet normal 0 0 1
    outer loop
      vertex -16.85 -31.6099 3
      vertex -1.25831 -0.613719 3
      vertex -1.27896 -0.56943 3
    endloop
  endfacet
  facet normal 0 0 1
    outer loop
      vertex -16.85 -31.6099 3
      vertex -1.27896 -0.56943 3
      vertex -1.29806 -0.524448 3
    endloop
  endfacet
  facet normal 0 0 1
    outer loop
      vertex -16.85 -31.6099 3
      vertex -1.29806 -0.524448 3
      vertex -1.31557 -0.478827 3
    endloop
  endfacet
  facet normal 0 0 1
    outer loop
      vertex -16.85 -31.6099 3
      vertex -1.31557 -0.478827 3
      vertex -1.33148 -0.432623 3
    endloop
  endfacet
  facet normal 0 0 1
    outer loop
      vertex -16.85 -31.6099 3
      vertex -1.33148 -0.432623 3
      vertex -1.34577 -0.385892 3
    endloop
  endfacet
  facet normal 0 0 1
    outer loop
      vertex -16.85 -31.6099 3
      vertex -1.34577 -0.385892 3
      vertex -1.35841 -0.33869 3
    endloop
  endfacet
  facet normal 0 0 1
    outer loop
      vertex -16.85 -31.6099 3
      vertex -1.35841 -0.33869 3
      vertex -1.36941 -0.291076 3
    endloop
  endfacet
  facet normal 0 0 1
    outer loop
      vertex -16.85 -31.6099 3
      vertex -1.36941 -0.291076 3
      vertex -1.37873 -0.243107 3
    endloop
  endfacet
  facet normal 0 0 1
    outer loop
      vertex -16.85 -31.6099 3
      vertex -1.37873 -0.243107 3
      vertex -1.38637 -0.194842 3
    endloop
  endfacet
  facet normal 0 0 1
    outer loop
      vertex -16.85 -31.6099 3
      vertex -1.38637 -0.194842 3
      vertex -1.39233 -0.146339 3
    endloop
  endfacet
  facet normal 0 0 1
    outer loop
      vertex -16.85 -31.6099 3
      vertex -1.39233 -0.146339 3
      vertex -1.39659 -0.0976582 3
    endloop
  endfacet
  facet normal 0 0 1
    outer loop
      vertex -1.4 0 3
      vertex -16.85 -31.6099 3
      vertex -1.39915 -0.0488586 3
    endloop
  endfacet
  facet normal 0 0 1
    outer loop
      vertex 0 -1.4 3
      vertex -16.85 -31.6099 3
      vertex 0 -41 3
    endloop
  endfacet
  facet normal 0 0 1
    outer loop
      vertex -0.7 1.21243 3
      vertex -17.55 30.3975 3
      vertex -0.741886 1.18727 3
    endloop
  endfacet
  facet normal -0 0 1
    outer loop
      vertex -17.55 30.3975 3
      vertex -0.7 1.21243 3
      vertex -17.5081 30.4227 3
    endloop
  endfacet
  facet normal 0 0 1
    outer loop
      vertex -16.8713 31.3668 3
      vertex -8.52438 40.104 3
      vertex -16.8636 31.4151 3
    endloop
  endfacet
  facet normal 0 0 1
    outer loop
      vertex -1.39915 -0.0488586 3
      vertex -16.85 -31.6099 3
      vertex -1.39659 -0.0976582 3
    endloop
  endfacet
  facet normal 0 0 1
    outer loop
      vertex -16.8636 31.4151 3
      vertex -8.52438 40.104 3
      vertex -16.8577 31.4636 3
    endloop
  endfacet
  facet normal 0 0 1
    outer loop
      vertex 0 -41 3
      vertex -16.85 -31.6099 3
      vertex -1.43088 -40.975 3
    endloop
  endfacet
  facet normal -0 0 1
    outer loop
      vertex -9.9188 39.7821 3
      vertex -16.8577 31.4636 3
      vertex -8.52438 40.104 3
    endloop
  endfacet
  facet normal 0 0 1
    outer loop
      vertex -1.43088 -40.975 3
      vertex -16.85 -31.6099 3
      vertex -2.86001 -40.9001 3
    endloop
  endfacet
  facet normal 0 0 1
    outer loop
      vertex -16.8577 31.4636 3
      vertex -9.9188 39.7821 3
      vertex -16.8534 31.5123 3
    endloop
  endfacet
  facet normal 0 0 1
    outer loop
      vertex -2.86001 -40.9001 3
      vertex -16.85 -31.6099 3
      vertex -4.28567 -40.7754 3
    endloop
  endfacet
  facet normal 0 0 1
    outer loop
      vertex -16.8534 31.5123 3
      vertex -9.9188 39.7821 3
      vertex -16.8509 31.5611 3
    endloop
  endfacet
  facet normal 0 0 1
    outer loop
      vertex -4.28567 -40.7754 3
      vertex -16.85 -31.6099 3
      vertex -5.7061 -40.601 3
    endloop
  endfacet
  facet normal 0 0 1
    outer loop
      vertex -16.8509 31.5611 3
      vertex -9.9188 39.7821 3
      vertex -16.85 31.6099 3
    endloop
  endfacet
  facet normal 0 0 1
    outer loop
      vertex -5.7061 -40.601 3
      vertex -16.85 -31.6099 3
      vertex -7.11957 -40.3771 3
    endloop
  endfacet
  facet normal 0 0 1
    outer loop
      vertex -16.85 31.6099 3
      vertex -9.9188 39.7821 3
      vertex -11.3011 39.4117 3
    endloop
  endfacet
  facet normal 0 0 1
    outer loop
      vertex -7.11957 -40.3771 3
      vertex -16.85 -31.6099 3
      vertex -8.52438 -40.104 3
    endloop
  endfacet
  facet normal 0 0 1
    outer loop
      vertex -16.8577 31.7563 3
      vertex -11.3011 39.4117 3
      vertex -12.6697 38.9933 3
    endloop
  endfacet
  facet normal 0 0 1
    outer loop
      vertex -8.52438 -40.104 3
      vertex -16.85 -31.6099 3
      vertex -9.9188 -39.7821 3
    endloop
  endfacet
  facet normal 0 0 1
    outer loop
      vertex -16.9042 31.9958 3
      vertex -12.6697 38.9933 3
      vertex -14.0228 38.5274 3
    endloop
  endfacet
  facet normal 0 0 1
    outer loop
      vertex -9.9188 -39.7821 3
      vertex -16.85 -31.6099 3
      vertex -11.3011 -39.4117 3
    endloop
  endfacet
  facet normal 0 0 1
    outer loop
      vertex -17.0139 32.2672 3
      vertex -14.0228 38.5274 3
      vertex -15.3589 38.0145 3
    endloop
  endfacet
  facet normal -0 0 1
    outer loop
      vertex -16.8509 -31.6588 3
      vertex -11.3011 -39.4117 3
      vertex -16.85 -31.6099 3
    endloop
  endfacet
  facet normal 0 0 1
    outer loop
      vertex -17.2096 32.5467 3
      vertex -15.3589 38.0145 3
      vertex -16.6762 37.4554 3
    endloop
  endfacet
  facet normal -0 0 1
    outer loop
      vertex -16.8534 -31.7076 3
      vertex -11.3011 -39.4117 3
      vertex -16.8509 -31.6588 3
    endloop
  endfacet
  facet normal -0 0 1
    outer loop
      vertex -16.8577 -31.7563 3
      vertex -11.3011 -39.4117 3
      vertex -16.8534 -31.7076 3
    endloop
  endfacet
  facet normal 0 0 1
    outer loop
      vertex -11.3011 39.4117 3
      vertex -16.8509 31.6588 3
      vertex -16.85 31.6099 3
    endloop
  endfacet
  facet normal 0 0 1
    outer loop
      vertex -11.3011 39.4117 3
      vertex -16.8534 31.7076 3
      vertex -16.8509 31.6588 3
    endloop
  endfacet
  facet normal 0 0 1
    outer loop
      vertex -11.3011 39.4117 3
      vertex -16.8577 31.7563 3
      vertex -16.8534 31.7076 3
    endloop
  endfacet
  facet normal 0 0 1
    outer loop
      vertex -12.6697 38.9933 3
      vertex -16.8636 31.8048 3
      vertex -16.8577 31.7563 3
    endloop
  endfacet
  facet normal 0 0 1
    outer loop
      vertex -12.6697 38.9933 3
      vertex -16.8713 31.853 3
      vertex -16.8636 31.8048 3
    endloop
  endfacet
  facet normal 0 0 1
    outer loop
      vertex -12.6697 38.9933 3
      vertex -16.8806 31.901 3
      vertex -16.8713 31.853 3
    endloop
  endfacet
  facet normal 0 0 1
    outer loop
      vertex -12.6697 38.9933 3
      vertex -16.8916 31.9486 3
      vertex -16.8806 31.901 3
    endloop
  endfacet
  facet normal 0 0 1
    outer loop
      vertex -12.6697 38.9933 3
      vertex -16.9042 31.9958 3
      vertex -16.8916 31.9486 3
    endloop
  endfacet
  facet normal 0 0 1
    outer loop
      vertex -14.0228 38.5274 3
      vertex -16.9185 32.0425 3
      vertex -16.9042 31.9958 3
    endloop
  endfacet
  facet normal 0 0 1
    outer loop
      vertex -14.0228 38.5274 3
      vertex -16.9344 32.0888 3
      vertex -16.9185 32.0425 3
    endloop
  endfacet
  facet normal 0 0 1
    outer loop
      vertex -14.0228 38.5274 3
      vertex -16.9519 32.1344 3
      vertex -16.9344 32.0888 3
    endloop
  endfacet
  facet normal 0 0 1
    outer loop
      vertex -14.0228 38.5274 3
      vertex -16.971 32.1794 3
      vertex -16.9519 32.1344 3
    endloop
  endfacet
  facet normal 0 0 1
    outer loop
      vertex -14.0228 38.5274 3
      vertex -16.9917 32.2236 3
      vertex -16.971 32.1794 3
    endloop
  endfacet
  facet normal 0 0 1
    outer loop
      vertex -14.0228 38.5274 3
      vertex -17.0139 32.2672 3
      vertex -16.9917 32.2236 3
    endloop
  endfacet
  facet normal 0 0 1
    outer loop
      vertex -15.3589 38.0145 3
      vertex -17.0376 32.3099 3
      vertex -17.0139 32.2672 3
    endloop
  endfacet
  facet normal 0 0 1
    outer loop
      vertex -15.3589 38.0145 3
      vertex -17.0627 32.3518 3
      vertex -17.0376 32.3099 3
    endloop
  endfacet
  facet normal 0 0 1
    outer loop
      vertex -15.3589 38.0145 3
      vertex -17.0893 32.3928 3
      vertex -17.0627 32.3518 3
    endloop
  endfacet
  facet normal 0 0 1
    outer loop
      vertex -15.3589 38.0145 3
      vertex -17.1174 32.4328 3
      vertex -17.0893 32.3928 3
    endloop
  endfacet
  facet normal 0 0 1
    outer loop
      vertex -15.3589 38.0145 3
      vertex -17.1468 32.4719 3
      vertex -17.1174 32.4328 3
    endloop
  endfacet
  facet normal 0 0 1
    outer loop
      vertex -15.3589 38.0145 3
      vertex -17.1775 32.5098 3
      vertex -17.1468 32.4719 3
    endloop
  endfacet
  facet normal 0 0 1
    outer loop
      vertex -15.3589 38.0145 3
      vertex -17.2096 32.5467 3
      vertex -17.1775 32.5098 3
    endloop
  endfacet
  facet normal 0 0 1
    outer loop
      vertex -16.6762 37.4554 3
      vertex -17.2429 32.5824 3
      vertex -17.2096 32.5467 3
    endloop
  endfacet
  facet normal 0 0 1
    outer loop
      vertex -16.6762 37.4554 3
      vertex -17.2775 32.617 3
      vertex -17.2429 32.5824 3
    endloop
  endfacet
  facet normal 0 0 1
    outer loop
      vertex -16.6762 37.4554 3
      vertex -17.3132 32.6503 3
      vertex -17.2775 32.617 3
    endloop
  endfacet
  facet normal 0 0 1
    outer loop
      vertex -16.6762 37.4554 3
      vertex -17.3501 32.6824 3
      vertex -17.3132 32.6503 3
    endloop
  endfacet
  facet normal 0 0 1
    outer loop
      vertex -16.6762 37.4554 3
      vertex -17.3881 32.7131 3
      vertex -17.3501 32.6824 3
    endloop
  endfacet
  facet normal 0 0 1
    outer loop
      vertex -16.6762 37.4554 3
      vertex -17.4271 32.7425 3
      vertex -17.3881 32.7131 3
    endloop
  endfacet
  facet normal 0 0 1
    outer loop
      vertex -16.6762 37.4554 3
      vertex -17.4671 32.7706 3
      vertex -17.4271 32.7425 3
    endloop
  endfacet
  facet normal 0 0 1
    outer loop
      vertex -16.6762 37.4554 3
      vertex -17.5081 32.7972 3
      vertex -17.4671 32.7706 3
    endloop
  endfacet
  facet normal 0 0 1
    outer loop
      vertex -16.6762 37.4554 3
      vertex -17.55 32.8224 3
      vertex -17.5081 32.7972 3
    endloop
  endfacet
  facet normal -0 0 1
    outer loop
      vertex -17.9732 36.8506 3
      vertex -17.55 32.8224 3
      vertex -16.6762 37.4554 3
    endloop
  endfacet
  facet normal 0 0 1
    outer loop
      vertex -17.55 32.8224 3
      vertex -17.9732 36.8506 3
      vertex -17.5927 32.8461 3
    endloop
  endfacet
  facet normal 0 0 1
    outer loop
      vertex -17.5927 32.8461 3
      vertex -17.9732 36.8506 3
      vertex -17.6363 32.8682 3
    endloop
  endfacet
  facet normal 0 0 1
    outer loop
      vertex -17.6363 32.8682 3
      vertex -17.9732 36.8506 3
      vertex -17.6806 32.8889 3
    endloop
  endfacet
  facet normal 0 0 1
    outer loop
      vertex -17.6806 32.8889 3
      vertex -17.9732 36.8506 3
      vertex -17.7256 32.908 3
    endloop
  endfacet
  facet normal 0 0 1
    outer loop
      vertex -17.7256 32.908 3
      vertex -17.9732 36.8506 3
      vertex -17.7712 32.9255 3
    endloop
  endfacet
  facet normal 0 0 1
    outer loop
      vertex -17.7712 32.9255 3
      vertex -17.9732 36.8506 3
      vertex -17.8174 32.9414 3
    endloop
  endfacet
  facet normal 0 0 1
    outer loop
      vertex -17.8174 32.9414 3
      vertex -17.9732 36.8506 3
      vertex -17.8641 32.9557 3
    endloop
  endfacet
  facet normal 0 0 1
    outer loop
      vertex -17.8641 32.9557 3
      vertex -17.9732 36.8506 3
      vertex -17.9113 32.9683 3
    endloop
  endfacet
  facet normal 0 0 1
    outer loop
      vertex -17.9113 32.9683 3
      vertex -17.9732 36.8506 3
      vertex -17.9589 32.9793 3
    endloop
  endfacet
  facet normal 0 0 1
    outer loop
      vertex -17.9732 36.8506 3
      vertex -18.0069 32.9887 3
      vertex -17.9589 32.9793 3
    endloop
  endfacet
  facet normal 0 0 1
    outer loop
      vertex -17.9732 36.8506 3
      vertex -18.0552 32.9963 3
      vertex -18.0069 32.9887 3
    endloop
  endfacet
  facet normal -0 0 1
    outer loop
      vertex -19.2483 36.2009 3
      vertex -18.0552 32.9963 3
      vertex -17.9732 36.8506 3
    endloop
  endfacet
  facet normal 0 0 1
    outer loop
      vertex -18.0552 32.9963 3
      vertex -19.2483 36.2009 3
      vertex -18.1037 33.0023 3
    endloop
  endfacet
  facet normal 0 0 1
    outer loop
      vertex -18.1037 33.0023 3
      vertex -19.2483 36.2009 3
      vertex -18.1523 33.0065 3
    endloop
  endfacet
  facet normal 0 0 1
    outer loop
      vertex -18.1523 33.0065 3
      vertex -19.2483 36.2009 3
      vertex -18.2011 33.0091 3
    endloop
  endfacet
  facet normal 0 0 1
    outer loop
      vertex -18.2011 33.0091 3
      vertex -19.2483 36.2009 3
      vertex -18.25 33.0099 3
    endloop
  endfacet
  facet normal 0 0 1
    outer loop
      vertex -18.25 33.0099 3
      vertex -19.2483 36.2009 3
      vertex -18.2989 33.0091 3
    endloop
  endfacet
  facet normal 0 0 1
    outer loop
      vertex -18.2989 33.0091 3
      vertex -19.2483 36.2009 3
      vertex -18.3477 33.0065 3
    endloop
  endfacet
  facet normal 0 0 1
    outer loop
      vertex -18.3477 33.0065 3
      vertex -19.2483 36.2009 3
      vertex -18.3963 33.0023 3
    endloop
  endfacet
  facet normal 0 0 1
    outer loop
      vertex -18.3963 33.0023 3
      vertex -19.2483 36.2009 3
      vertex -18.4448 32.9963 3
    endloop
  endfacet
  facet normal 0 0 1
    outer loop
      vertex -18.4448 32.9963 3
      vertex -19.2483 36.2009 3
      vertex -18.4931 32.9887 3
    endloop
  endfacet
  facet normal 0 0 1
    outer loop
      vertex -18.4931 32.9887 3
      vertex -19.2483 36.2009 3
      vertex -18.5411 32.9793 3
    endloop
  endfacet
  facet normal 0 0 1
    outer loop
      vertex -18.5411 32.9793 3
      vertex -19.2483 36.2009 3
      vertex -18.5887 32.9683 3
    endloop
  endfacet
  facet normal 0 0 1
    outer loop
      vertex -18.5887 32.9683 3
      vertex -19.2483 36.2009 3
      vertex -18.6359 32.9557 3
    endloop
  endfacet
  facet normal 0 0 1
    outer loop
      vertex -18.6359 32.9557 3
      vertex -19.2483 36.2009 3
      vertex -18.6826 32.9414 3
    endloop
  endfacet
  facet normal -0 0 1
    outer loop
      vertex -20.5 35.507 3
      vertex -18.6826 32.9414 3
      vertex -19.2483 36.2009 3
    endloop
  endfacet
  facet normal 0 0 1
    outer loop
      vertex -18.6826 32.9414 3
      vertex -20.5 35.507 3
      vertex -18.7288 32.9255 3
    endloop
  endfacet
  facet normal 0 0 1
    outer loop
      vertex -18.7288 32.9255 3
      vertex -20.5 35.507 3
      vertex -18.7744 32.908 3
    endloop
  endfacet
  facet normal 0 0 1
    outer loop
      vertex -18.7744 32.908 3
      vertex -20.5 35.507 3
      vertex -18.8194 32.8889 3
    endloop
  endfacet
  facet normal 0 0 1
    outer loop
      vertex -18.8194 32.8889 3
      vertex -20.5 35.507 3
      vertex -18.8637 32.8682 3
    endloop
  endfacet
  facet normal 0 0 1
    outer loop
      vertex -18.8637 32.8682 3
      vertex -20.5 35.507 3
      vertex -18.9073 32.8461 3
    endloop
  endfacet
  facet normal 0 0 1
    outer loop
      vertex -18.9073 32.8461 3
      vertex -20.5 35.507 3
      vertex -18.95 32.8224 3
    endloop
  endfacet
  facet normal 0 0 1
    outer loop
      vertex -18.95 32.8224 3
      vertex -20.5 35.507 3
      vertex -18.9919 32.7972 3
    endloop
  endfacet
  facet normal 0 0 1
    outer loop
      vertex -18.9919 32.7972 3
      vertex -20.5 35.507 3
      vertex -19.0329 32.7706 3
    endloop
  endfacet
  facet normal 0 0 1
    outer loop
      vertex -19.0329 32.7706 3
      vertex -20.5 35.507 3
      vertex -19.0729 32.7425 3
    endloop
  endfacet
  facet normal 0 0 1
    outer loop
      vertex -19.0729 32.7425 3
      vertex -20.5 35.507 3
      vertex -19.1119 32.7131 3
    endloop
  endfacet
  facet normal 0 0 1
    outer loop
      vertex -19.1119 32.7131 3
      vertex -20.5 35.507 3
      vertex -19.1499 32.6824 3
    endloop
  endfacet
  facet normal 0 0 1
    outer loop
      vertex -19.1499 32.6824 3
      vertex -20.5 35.507 3
      vertex -19.1868 32.6503 3
    endloop
  endfacet
  facet normal 0 0 1
    outer loop
      vertex -19.1868 32.6503 3
      vertex -20.5 35.507 3
      vertex -19.2225 32.617 3
    endloop
  endfacet
  facet normal -0 0 1
    outer loop
      vertex -21.7267 34.77 3
      vertex -19.2225 32.617 3
      vertex -20.5 35.507 3
    endloop
  endfacet
  facet normal 0 0 1
    outer loop
      vertex -19.2225 32.617 3
      vertex -21.7267 34.77 3
      vertex -19.2571 32.5824 3
    endloop
  endfacet
  facet normal 0 0 1
    outer loop
      vertex -19.2571 32.5824 3
      vertex -21.7267 34.77 3
      vertex -19.2904 32.5467 3
    endloop
  endfacet
  facet normal 0 0 1
    outer loop
      vertex -19.2904 32.5467 3
      vertex -21.7267 34.77 3
      vertex -19.3225 32.5098 3
    endloop
  endfacet
  facet normal 0 0 1
    outer loop
      vertex -19.3225 32.5098 3
      vertex -21.7267 34.77 3
      vertex -19.3532 32.4719 3
    endloop
  endfacet
  facet normal 0 0 1
    outer loop
      vertex -19.3532 32.4719 3
      vertex -21.7267 34.77 3
      vertex -19.3826 32.4328 3
    endloop
  endfacet
  facet normal 0 0 1
    outer loop
      vertex -19.3826 32.4328 3
      vertex -21.7267 34.77 3
      vertex -19.4107 32.3928 3
    endloop
  endfacet
  facet normal 0 0 1
    outer loop
      vertex -19.4107 32.3928 3
      vertex -21.7267 34.77 3
      vertex -19.4373 32.3518 3
    endloop
  endfacet
  facet normal 0 0 1
    outer loop
      vertex -19.4373 32.3518 3
      vertex -21.7267 34.77 3
      vertex -19.4624 32.3099 3
    endloop
  endfacet
  facet normal 0 0 1
    outer loop
      vertex -19.4624 32.3099 3
      vertex -21.7267 34.77 3
      vertex -19.4861 32.2672 3
    endloop
  endfacet
  facet normal 0 0 1
    outer loop
      vertex -19.4861 32.2672 3
      vertex -21.7267 34.77 3
      vertex -19.5083 32.2236 3
    endloop
  endfacet
  facet normal 0 0 1
    outer loop
      vertex -19.5083 32.2236 3
      vertex -21.7267 34.77 3
      vertex -19.529 32.1794 3
    endloop
  endfacet
  facet normal 0 0 1
    outer loop
      vertex -19.529 32.1794 3
      vertex -21.7267 34.77 3
      vertex -19.5481 32.1344 3
    endloop
  endfacet
  facet normal -0 0 1
    outer loop
      vertex -22.9269 33.9905 3
      vertex -19.5481 32.1344 3
      vertex -21.7267 34.77 3
    endloop
  endfacet
  facet normal 0 0 1
    outer loop
      vertex -19.5481 32.1344 3
      vertex -22.9269 33.9905 3
      vertex -19.5656 32.0888 3
    endloop
  endfacet
  facet normal 0 0 1
    outer loop
      vertex -19.5656 32.0888 3
      vertex -22.9269 33.9905 3
      vertex -19.5815 32.0425 3
    endloop
  endfacet
  facet normal 0 0 1
    outer loop
      vertex -19.5815 32.0425 3
      vertex -22.9269 33.9905 3
      vertex -19.5958 31.9958 3
    endloop
  endfacet
  facet normal 0 0 1
    outer loop
      vertex -19.5958 31.9958 3
      vertex -22.9269 33.9905 3
      vertex -19.6084 31.9486 3
    endloop
  endfacet
  facet normal 0 0 1
    outer loop
      vertex -19.6084 31.9486 3
      vertex -22.9269 33.9905 3
      vertex -19.6194 31.901 3
    endloop
  endfacet
  facet normal 0 0 1
    outer loop
      vertex -19.6466 31.7076 3
      vertex -22.9269 33.9905 3
      vertex -19.6491 31.6588 3
    endloop
  endfacet
  facet normal 0 0 1
    outer loop
      vertex -19.6423 31.7563 3
      vertex -22.9269 33.9905 3
      vertex -19.6466 31.7076 3
    endloop
  endfacet
  facet normal 0 0 1
    outer loop
      vertex -19.6364 31.8048 3
      vertex -22.9269 33.9905 3
      vertex -19.6423 31.7563 3
    endloop
  endfacet
  facet normal 0 0 1
    outer loop
      vertex -19.6287 31.853 3
      vertex -22.9269 33.9905 3
      vertex -19.6364 31.8048 3
    endloop
  endfacet
  facet normal 0 0 1
    outer loop
      vertex -19.6194 31.901 3
      vertex -22.9269 33.9905 3
      vertex -19.6287 31.853 3
    endloop
  endfacet
  facet normal -0 0 1
    outer loop
      vertex 37.8694 0.291076 3
      vertex 41 0 3
      vertex 40.975 1.43088 3
    endloop
  endfacet
  facet normal 0 0 1
    outer loop
      vertex 37.6032 0.861925 3
      vertex 40.975 1.43088 3
      vertex 40.9001 2.86001 3
    endloop
  endfacet
  facet normal 0 0 1
    outer loop
      vertex 41 0 3
      vertex 37.8787 0.243107 3
      vertex 37.8864 0.194842 3
    endloop
  endfacet
  facet normal 0 0 1
    outer loop
      vertex 37.2 1.21243 3
      vertex 40.9001 2.86001 3
      vertex 40.7754 4.28567 3
    endloop
  endfacet
  facet normal 0 0 1
    outer loop
      vertex 41 0 3
      vertex 37.8923 0.146339 3
      vertex 37.8966 0.0976582 3
    endloop
  endfacet
  facet normal 0 0 1
    outer loop
      vertex 36.7911 1.36941 3
      vertex 40.7754 4.28567 3
      vertex 40.601 5.7061 3
    endloop
  endfacet
  facet normal 0 0 1
    outer loop
      vertex 41 0 3
      vertex 37.8991 0.0488586 3
      vertex 37.9 0 3
    endloop
  endfacet
  facet normal 0 0 1
    outer loop
      vertex 36.4511 1.39915 3
      vertex 40.601 5.7061 3
      vertex 40.3771 7.11957 3
    endloop
  endfacet
  facet normal 0 0 1
    outer loop
      vertex 37.8966 -0.0976582 3
      vertex 41 0 3
      vertex 37.8991 -0.0488586 3
    endloop
  endfacet
  facet normal 0 0 1
    outer loop
      vertex 36.1613 1.35841 3
      vertex 40.3771 7.11957 3
      vertex 40.104 8.52438 3
    endloop
  endfacet
  facet normal 0 0 1
    outer loop
      vertex 37.8864 -0.194842 3
      vertex 41 0 3
      vertex 37.8923 -0.146339 3
    endloop
  endfacet
  facet normal 0 0 1
    outer loop
      vertex 35.9756 1.29806 3
      vertex 40.104 8.52438 3
      vertex 39.7821 9.9188 3
    endloop
  endfacet
  facet normal 0 0 1
    outer loop
      vertex 37.8787 -0.243107 3
      vertex 41 0 3
      vertex 37.8864 -0.194842 3
    endloop
  endfacet
  facet normal 0 0 1
    outer loop
      vertex 35.8 1.21243 3
      vertex 39.7821 9.9188 3
      vertex 39.4117 11.3011 3
    endloop
  endfacet
  facet normal 0 0 1
    outer loop
      vertex 37.8694 -0.291076 3
      vertex 41 0 3
      vertex 37.8787 -0.243107 3
    endloop
  endfacet
  facet normal 0 0 1
    outer loop
      vertex 35.6771 1.13262 3
      vertex 39.4117 11.3011 3
      vertex 38.9933 12.6697 3
    endloop
  endfacet
  facet normal 0 0 1
    outer loop
      vertex 41 0 3
      vertex 37.8694 -0.291076 3
      vertex 40.975 -1.43088 3
    endloop
  endfacet
  facet normal 0 0 1
    outer loop
      vertex 35.5632 1.0404 3
      vertex 38.9933 12.6697 3
      vertex 38.5274 14.0228 3
    endloop
  endfacet
  facet normal -0 0 1
    outer loop
      vertex 37.8458 -0.385892 3
      vertex 40.975 -1.43088 3
      vertex 37.8584 -0.33869 3
    endloop
  endfacet
  facet normal 0 0 1
    outer loop
      vertex 35.4929 0.972521 3
      vertex 38.5274 14.0228 3
      vertex 38.0145 15.3589 3
    endloop
  endfacet
  facet normal -0 0 1
    outer loop
      vertex 37.8315 -0.432623 3
      vertex 40.975 -1.43088 3
      vertex 37.8458 -0.385892 3
    endloop
  endfacet
  facet normal -0 0 1
    outer loop
      vertex 37.8156 -0.478827 3
      vertex 40.975 -1.43088 3
      vertex 37.8315 -0.432623 3
    endloop
  endfacet
  facet normal -0 0 1
    outer loop
      vertex 37.8584 -0.33869 3
      vertex 40.975 -1.43088 3
      vertex 37.8694 -0.291076 3
    endloop
  endfacet
  facet normal 0 0 1
    outer loop
      vertex 37.8923 -0.146339 3
      vertex 41 0 3
      vertex 37.8966 -0.0976582 3
    endloop
  endfacet
  facet normal 0 0 1
    outer loop
      vertex 37.8991 -0.0488586 3
      vertex 41 0 3
      vertex 37.9 0 3
    endloop
  endfacet
  facet normal 0 0 1
    outer loop
      vertex 41 0 3
      vertex 37.8966 0.0976582 3
      vertex 37.8991 0.0488586 3
    endloop
  endfacet
  facet normal 0 0 1
    outer loop
      vertex 41 0 3
      vertex 37.8864 0.194842 3
      vertex 37.8923 0.146339 3
    endloop
  endfacet
  facet normal 0 0 1
    outer loop
      vertex 41 0 3
      vertex 37.8694 0.291076 3
      vertex 37.8787 0.243107 3
    endloop
  endfacet
  facet normal 0 0 1
    outer loop
      vertex 40.975 1.43088 3
      vertex 37.8584 0.33869 3
      vertex 37.8694 0.291076 3
    endloop
  endfacet
  facet normal 0 0 1
    outer loop
      vertex 40.975 1.43088 3
      vertex 37.8458 0.385892 3
      vertex 37.8584 0.33869 3
    endloop
  endfacet
  facet normal 0 0 1
    outer loop
      vertex 40.975 1.43088 3
      vertex 37.8315 0.432623 3
      vertex 37.8458 0.385892 3
    endloop
  endfacet
  facet normal 0 0 1
    outer loop
      vertex 40.975 1.43088 3
      vertex 37.8156 0.478827 3
      vertex 37.8315 0.432623 3
    endloop
  endfacet
  facet normal 0 0 1
    outer loop
      vertex 40.975 1.43088 3
      vertex 37.7981 0.524448 3
      vertex 37.8156 0.478827 3
    endloop
  endfacet
  facet normal 0 0 1
    outer loop
      vertex 40.975 1.43088 3
      vertex 37.779 0.56943 3
      vertex 37.7981 0.524448 3
    endloop
  endfacet
  facet normal 0 0 1
    outer loop
      vertex 40.975 1.43088 3
      vertex 37.7583 0.613719 3
      vertex 37.779 0.56943 3
    endloop
  endfacet
  facet normal 0 0 1
    outer loop
      vertex 40.975 1.43088 3
      vertex 37.7361 0.65726 3
      vertex 37.7583 0.613719 3
    endloop
  endfacet
  facet normal 0 0 1
    outer loop
      vertex 40.975 1.43088 3
      vertex 37.7124 0.7 3
      vertex 37.7361 0.65726 3
    endloop
  endfacet
  facet normal 0 0 1
    outer loop
      vertex 40.975 1.43088 3
      vertex 37.6873 0.741886 3
      vertex 37.7124 0.7 3
    endloop
  endfacet
  facet normal 0 0 1
    outer loop
      vertex 40.975 1.43088 3
      vertex 37.6607 0.782869 3
      vertex 37.6873 0.741886 3
    endloop
  endfacet
  facet normal 0 0 1
    outer loop
      vertex 40.975 1.43088 3
      vertex 37.6326 0.822899 3
      vertex 37.6607 0.782869 3
    endloop
  endfacet
  facet normal 0 0 1
    outer loop
      vertex 40.975 1.43088 3
      vertex 37.6032 0.861925 3
      vertex 37.6326 0.822899 3
    endloop
  endfacet
  facet normal 0 0 1
    outer loop
      vertex 40.9001 2.86001 3
      vertex 37.5725 0.899902 3
      vertex 37.6032 0.861925 3
    endloop
  endfacet
  facet normal 0 0 1
    outer loop
      vertex 40.9001 2.86001 3
      vertex 37.5404 0.936783 3
      vertex 37.5725 0.899902 3
    endloop
  endfacet
  facet normal 0 0 1
    outer loop
      vertex 40.9001 2.86001 3
      vertex 37.5071 0.972521 3
      vertex 37.5404 0.936783 3
    endloop
  endfacet
  facet normal 0 0 1
    outer loop
      vertex 40.9001 2.86001 3
      vertex 37.4725 1.00708 3
      vertex 37.5071 0.972521 3
    endloop
  endfacet
  facet normal 0 0 1
    outer loop
      vertex 35.4275 0.899902 3
      vertex 38.0145 15.3589 3
      vertex 37.4554 16.6762 3
    endloop
  endfacet
  facet normal 0 0 1
    outer loop
      vertex 40.9001 2.86001 3
      vertex 37.4368 1.0404 3
      vertex 37.4725 1.00708 3
    endloop
  endfacet
  facet normal 0 0 1
    outer loop
      vertex 40.9001 2.86001 3
      vertex 37.3999 1.07246 3
      vertex 37.4368 1.0404 3
    endloop
  endfacet
  facet normal 0 0 1
    outer loop
      vertex 40.9001 2.86001 3
      vertex 37.3619 1.10321 3
      vertex 37.3999 1.07246 3
    endloop
  endfacet
  facet normal 0 0 1
    outer loop
      vertex 40.9001 2.86001 3
      vertex 37.3229 1.13262 3
      vertex 37.3619 1.10321 3
    endloop
  endfacet
  facet normal 0 0 1
    outer loop
      vertex 40.9001 2.86001 3
      vertex 37.2829 1.16065 3
      vertex 37.3229 1.13262 3
    endloop
  endfacet
  facet normal 0 0 1
    outer loop
      vertex 40.9001 2.86001 3
      vertex 37.2419 1.18727 3
      vertex 37.2829 1.16065 3
    endloop
  endfacet
  facet normal 0 0 1
    outer loop
      vertex 40.9001 2.86001 3
      vertex 37.2 1.21243 3
      vertex 37.2419 1.18727 3
    endloop
  endfacet
  facet normal 0 0 1
    outer loop
      vertex 40.7754 4.28567 3
      vertex 37.1573 1.23613 3
      vertex 37.2 1.21243 3
    endloop
  endfacet
  facet normal 0 0 1
    outer loop
      vertex 40.7754 4.28567 3
      vertex 37.1137 1.25831 3
      vertex 37.1573 1.23613 3
    endloop
  endfacet
  facet normal 0 0 1
    outer loop
      vertex 40.7754 4.28567 3
      vertex 37.0694 1.27896 3
      vertex 37.1137 1.25831 3
    endloop
  endfacet
  facet normal 0 0 1
    outer loop
      vertex 40.7754 4.28567 3
      vertex 37.0244 1.29806 3
      vertex 37.0694 1.27896 3
    endloop
  endfacet
  facet normal 0 0 1
    outer loop
      vertex 40.7754 4.28567 3
      vertex 36.9788 1.31557 3
      vertex 37.0244 1.29806 3
    endloop
  endfacet
  facet normal 0 0 1
    outer loop
      vertex 40.7754 4.28567 3
      vertex 36.9326 1.33148 3
      vertex 36.9788 1.31557 3
    endloop
  endfacet
  facet normal 0 0 1
    outer loop
      vertex 40.7754 4.28567 3
      vertex 36.8859 1.34577 3
      vertex 36.9326 1.33148 3
    endloop
  endfacet
  facet normal 0 0 1
    outer loop
      vertex 35.3968 0.861925 3
      vertex 37.4554 16.6762 3
      vertex 36.8506 17.9732 3
    endloop
  endfacet
  facet normal 0 0 1
    outer loop
      vertex 40.7754 4.28567 3
      vertex 36.8387 1.35841 3
      vertex 36.8859 1.34577 3
    endloop
  endfacet
  facet normal 0 0 1
    outer loop
      vertex 40.7754 4.28567 3
      vertex 36.7911 1.36941 3
      vertex 36.8387 1.35841 3
    endloop
  endfacet
  facet normal 0 0 1
    outer loop
      vertex 40.601 5.7061 3
      vertex 36.7431 1.37873 3
      vertex 36.7911 1.36941 3
    endloop
  endfacet
  facet normal 0 0 1
    outer loop
      vertex 40.601 5.7061 3
      vertex 36.6948 1.38637 3
      vertex 36.7431 1.37873 3
    endloop
  endfacet
  facet normal 0 0 1
    outer loop
      vertex 40.601 5.7061 3
      vertex 36.6463 1.39233 3
      vertex 36.6948 1.38637 3
    endloop
  endfacet
  facet normal 0 0 1
    outer loop
      vertex 40.601 5.7061 3
      vertex 36.5977 1.39659 3
      vertex 36.6463 1.39233 3
    endloop
  endfacet
  facet normal 0 0 1
    outer loop
      vertex 40.601 5.7061 3
      vertex 36.5489 1.39915 3
      vertex 36.5977 1.39659 3
    endloop
  endfacet
  facet normal 0 0 1
    outer loop
      vertex 40.601 5.7061 3
      vertex 36.5 1.4 3
      vertex 36.5489 1.39915 3
    endloop
  endfacet
  facet normal 0 0 1
    outer loop
      vertex 40.601 5.7061 3
      vertex 36.4511 1.39915 3
      vertex 36.5 1.4 3
    endloop
  endfacet
  facet normal 0 0 1
    outer loop
      vertex 40.3771 7.11957 3
      vertex 36.4023 1.39659 3
      vertex 36.4511 1.39915 3
    endloop
  endfacet
  facet normal 0 0 1
    outer loop
      vertex 40.3771 7.11957 3
      vertex 36.3537 1.39233 3
      vertex 36.4023 1.39659 3
    endloop
  endfacet
  facet normal 0 0 1
    outer loop
      vertex 40.3771 7.11957 3
      vertex 36.3052 1.38637 3
      vertex 36.3537 1.39233 3
    endloop
  endfacet
  facet normal 0 0 1
    outer loop
      vertex 40.3771 7.11957 3
      vertex 36.2569 1.37873 3
      vertex 36.3052 1.38637 3
    endloop
  endfacet
  facet normal 0 0 1
    outer loop
      vertex 40.3771 7.11957 3
      vertex 36.2089 1.36941 3
      vertex 36.2569 1.37873 3
    endloop
  endfacet
  facet normal 0 0 1
    outer loop
      vertex 35.3674 0.822899 3
      vertex 36.8506 17.9732 3
      vertex 36.2009 19.2483 3
    endloop
  endfacet
  facet normal 0 0 1
    outer loop
      vertex 40.3771 7.11957 3
      vertex 36.1613 1.35841 3
      vertex 36.2089 1.36941 3
    endloop
  endfacet
  facet normal 0 0 1
    outer loop
      vertex 40.104 8.52438 3
      vertex 36.1141 1.34577 3
      vertex 36.1613 1.35841 3
    endloop
  endfacet
  facet normal 0 0 1
    outer loop
      vertex 40.104 8.52438 3
      vertex 36.0674 1.33148 3
      vertex 36.1141 1.34577 3
    endloop
  endfacet
  facet normal 0 0 1
    outer loop
      vertex 40.104 8.52438 3
      vertex 36.0212 1.31557 3
      vertex 36.0674 1.33148 3
    endloop
  endfacet
  facet normal 0 0 1
    outer loop
      vertex 40.104 8.52438 3
      vertex 35.9756 1.29806 3
      vertex 36.0212 1.31557 3
    endloop
  endfacet
  facet normal 0 0 1
    outer loop
      vertex 39.7821 9.9188 3
      vertex 35.9306 1.27896 3
      vertex 35.9756 1.29806 3
    endloop
  endfacet
  facet normal 0 0 1
    outer loop
      vertex 39.7821 9.9188 3
      vertex 35.8863 1.25831 3
      vertex 35.9306 1.27896 3
    endloop
  endfacet
  facet normal 0 0 1
    outer loop
      vertex 39.7821 9.9188 3
      vertex 35.8427 1.23613 3
      vertex 35.8863 1.25831 3
    endloop
  endfacet
  facet normal 0 0 1
    outer loop
      vertex 39.7821 9.9188 3
      vertex 35.8 1.21243 3
      vertex 35.8427 1.23613 3
    endloop
  endfacet
  facet normal 0 0 1
    outer loop
      vertex 39.4117 11.3011 3
      vertex 35.7581 1.18727 3
      vertex 35.8 1.21243 3
    endloop
  endfacet
  facet normal 0 0 1
    outer loop
      vertex 39.4117 11.3011 3
      vertex 35.7171 1.16065 3
      vertex 35.7581 1.18727 3
    endloop
  endfacet
  facet normal 0 0 1
    outer loop
      vertex 39.4117 11.3011 3
      vertex 35.6771 1.13262 3
      vertex 35.7171 1.16065 3
    endloop
  endfacet
  facet normal 0 0 1
    outer loop
      vertex 38.9933 12.6697 3
      vertex 35.6381 1.10321 3
      vertex 35.6771 1.13262 3
    endloop
  endfacet
  facet normal 0 0 1
    outer loop
      vertex 38.9933 12.6697 3
      vertex 35.6001 1.07246 3
      vertex 35.6381 1.10321 3
    endloop
  endfacet
  facet normal 0 0 1
    outer loop
      vertex 38.9933 12.6697 3
      vertex 35.5632 1.0404 3
      vertex 35.6001 1.07246 3
    endloop
  endfacet
  facet normal 0 0 1
    outer loop
      vertex 38.5274 14.0228 3
      vertex 35.5275 1.00708 3
      vertex 35.5632 1.0404 3
    endloop
  endfacet
  facet normal 0 0 1
    outer loop
      vertex 35.3127 0.741886 3
      vertex 36.2009 19.2483 3
      vertex 35.507 20.5 3
    endloop
  endfacet
  facet normal 0 0 1
    outer loop
      vertex 38.5274 14.0228 3
      vertex 35.4929 0.972521 3
      vertex 35.5275 1.00708 3
    endloop
  endfacet
  facet normal 0 0 1
    outer loop
      vertex 38.0145 15.3589 3
      vertex 35.4596 0.936783 3
      vertex 35.4929 0.972521 3
    endloop
  endfacet
  facet normal 0 0 1
    outer loop
      vertex 38.0145 15.3589 3
      vertex 35.4275 0.899902 3
      vertex 35.4596 0.936783 3
    endloop
  endfacet
  facet normal 0 0 1
    outer loop
      vertex 37.4554 16.6762 3
      vertex 35.3968 0.861925 3
      vertex 35.4275 0.899902 3
    endloop
  endfacet
  facet normal 0 0 1
    outer loop
      vertex 36.8506 17.9732 3
      vertex 35.3674 0.822899 3
      vertex 35.3968 0.861925 3
    endloop
  endfacet
  facet normal 0 0 1
    outer loop
      vertex 36.2009 19.2483 3
      vertex 35.3393 0.782869 3
      vertex 35.3674 0.822899 3
    endloop
  endfacet
  facet normal 0 0 1
    outer loop
      vertex 36.2009 19.2483 3
      vertex 35.3127 0.741886 3
      vertex 35.3393 0.782869 3
    endloop
  endfacet
  facet normal 0 0 1
    outer loop
      vertex 35.507 20.5 3
      vertex 35.2876 0.7 3
      vertex 35.3127 0.741886 3
    endloop
  endfacet
  facet normal 0 0 1
    outer loop
      vertex 1.21243 0.7 3
      vertex 35.2876 0.7 3
      vertex 35.507 20.5 3
    endloop
  endfacet
  facet normal 0 0 1
    outer loop
      vertex 35.2876 0.7 3
      vertex 1.21243 0.7 3
      vertex 35.2639 0.65726 3
    endloop
  endfacet
  facet normal 0 -0 1
    outer loop
      vertex 1.23613 0.65726 3
      vertex 35.2639 0.65726 3
      vertex 1.21243 0.7 3
    endloop
  endfacet
  facet normal 0 0 1
    outer loop
      vertex 35.2639 0.65726 3
      vertex 1.23613 0.65726 3
      vertex 35.2417 0.613719 3
    endloop
  endfacet
  facet normal 0 -0 1
    outer loop
      vertex 1.25831 0.613719 3
      vertex 35.2417 0.613719 3
      vertex 1.23613 0.65726 3
    endloop
  endfacet
  facet normal 0 0 1
    outer loop
      vertex 35.2417 0.613719 3
      vertex 1.25831 0.613719 3
      vertex 35.221 0.56943 3
    endloop
  endfacet
  facet normal 0 -0 1
    outer loop
      vertex 1.27896 0.56943 3
      vertex 35.221 0.56943 3
      vertex 1.25831 0.613719 3
    endloop
  endfacet
  facet normal 0 0 1
    outer loop
      vertex 35.221 0.56943 3
      vertex 1.27896 0.56943 3
      vertex 35.2019 0.524448 3
    endloop
  endfacet
  facet normal 0 -0 1
    outer loop
      vertex 1.29806 0.524448 3
      vertex 35.2019 0.524448 3
      vertex 1.27896 0.56943 3
    endloop
  endfacet
  facet normal 0 0 1
    outer loop
      vertex 35.2019 0.524448 3
      vertex 1.29806 0.524448 3
      vertex 35.1844 0.478827 3
    endloop
  endfacet
  facet normal 0 -0 1
    outer loop
      vertex 1.31557 0.478827 3
      vertex 35.1844 0.478827 3
      vertex 1.29806 0.524448 3
    endloop
  endfacet
  facet normal 0 0 1
    outer loop
      vertex 35.1844 0.478827 3
      vertex 1.31557 0.478827 3
      vertex 35.1685 0.432623 3
    endloop
  endfacet
  facet normal 0 -0 1
    outer loop
      vertex 1.33148 0.432623 3
      vertex 35.1685 0.432623 3
      vertex 1.31557 0.478827 3
    endloop
  endfacet
  facet normal 0 0 1
    outer loop
      vertex 35.1685 0.432623 3
      vertex 1.33148 0.432623 3
      vertex 35.1542 0.385892 3
    endloop
  endfacet
  facet normal 0 -0 1
    outer loop
      vertex 1.34577 0.385892 3
      vertex 35.1542 0.385892 3
      vertex 1.33148 0.432623 3
    endloop
  endfacet
  facet normal 0 0 1
    outer loop
      vertex 1.21243 0.7 3
      vertex 35.507 20.5 3
      vertex 34.77 21.7267 3
    endloop
  endfacet
  facet normal -0 0 1
    outer loop
      vertex 37.7981 -0.524448 3
      vertex 40.975 -1.43088 3
      vertex 37.8156 -0.478827 3
    endloop
  endfacet
  facet normal -0 0 1
    outer loop
      vertex 37.779 -0.56943 3
      vertex 40.975 -1.43088 3
      vertex 37.7981 -0.524448 3
    endloop
  endfacet
  facet normal -0 0 1
    outer loop
      vertex 37.7583 -0.613719 3
      vertex 40.975 -1.43088 3
      vertex 37.779 -0.56943 3
    endloop
  endfacet
  facet normal -0 0 1
    outer loop
      vertex 37.7361 -0.65726 3
      vertex 40.975 -1.43088 3
      vertex 37.7583 -0.613719 3
    endloop
  endfacet
  facet normal -0 0 1
    outer loop
      vertex 37.7124 -0.7 3
      vertex 40.975 -1.43088 3
      vertex 37.7361 -0.65726 3
    endloop
  endfacet
  facet normal -0 0 1
    outer loop
      vertex 37.6873 -0.741886 3
      vertex 40.975 -1.43088 3
      vertex 37.7124 -0.7 3
    endloop
  endfacet
  facet normal -0 0 1
    outer loop
      vertex 37.6607 -0.782869 3
      vertex 40.975 -1.43088 3
      vertex 37.6873 -0.741886 3
    endloop
  endfacet
  facet normal -0 0 1
    outer loop
      vertex 37.6326 -0.822899 3
      vertex 40.975 -1.43088 3
      vertex 37.6607 -0.782869 3
    endloop
  endfacet
  facet normal -0 0 1
    outer loop
      vertex 37.6032 -0.861925 3
      vertex 40.975 -1.43088 3
      vertex 37.6326 -0.822899 3
    endloop
  endfacet
  facet normal 0 0 1
    outer loop
      vertex 40.975 -1.43088 3
      vertex 37.6032 -0.861925 3
      vertex 40.9001 -2.86001 3
    endloop
  endfacet
  facet normal -0 0 1
    outer loop
      vertex 37.5725 -0.899902 3
      vertex 40.9001 -2.86001 3
      vertex 37.6032 -0.861925 3
    endloop
  endfacet
  facet normal -0 0 1
    outer loop
      vertex 37.5404 -0.936783 3
      vertex 40.9001 -2.86001 3
      vertex 37.5725 -0.899902 3
    endloop
  endfacet
  facet normal -0 0 1
    outer loop
      vertex 37.5071 -0.972521 3
      vertex 40.9001 -2.86001 3
      vertex 37.5404 -0.936783 3
    endloop
  endfacet
  facet normal -0 0 1
    outer loop
      vertex 37.4725 -1.00708 3
      vertex 40.9001 -2.86001 3
      vertex 37.5071 -0.972521 3
    endloop
  endfacet
  facet normal -0 0 1
    outer loop
      vertex 37.4368 -1.0404 3
      vertex 40.9001 -2.86001 3
      vertex 37.4725 -1.00708 3
    endloop
  endfacet
  facet normal -0 0 1
    outer loop
      vertex 37.3999 -1.07246 3
      vertex 40.9001 -2.86001 3
      vertex 37.4368 -1.0404 3
    endloop
  endfacet
  facet normal -0 0 1
    outer loop
      vertex 37.3619 -1.10321 3
      vertex 40.9001 -2.86001 3
      vertex 37.3999 -1.07246 3
    endloop
  endfacet
  facet normal -0 0 1
    outer loop
      vertex 37.3229 -1.13262 3
      vertex 40.9001 -2.86001 3
      vertex 37.3619 -1.10321 3
    endloop
  endfacet
  facet normal -0 0 1
    outer loop
      vertex 37.2829 -1.16065 3
      vertex 40.9001 -2.86001 3
      vertex 37.3229 -1.13262 3
    endloop
  endfacet
  facet normal -0 0 1
    outer loop
      vertex 37.2419 -1.18727 3
      vertex 40.9001 -2.86001 3
      vertex 37.2829 -1.16065 3
    endloop
  endfacet
  facet normal -0 0 1
    outer loop
      vertex 37.2 -1.21243 3
      vertex 40.9001 -2.86001 3
      vertex 37.2419 -1.18727 3
    endloop
  endfacet
  facet normal 0 0 1
    outer loop
      vertex 40.9001 -2.86001 3
      vertex 37.2 -1.21243 3
      vertex 40.7754 -4.28567 3
    endloop
  endfacet
  facet normal -0 0 1
    outer loop
      vertex 37.1573 -1.23613 3
      vertex 40.7754 -4.28567 3
      vertex 37.2 -1.21243 3
    endloop
  endfacet
  facet normal -0 0 1
    outer loop
      vertex 37.1137 -1.25831 3
      vertex 40.7754 -4.28567 3
      vertex 37.1573 -1.23613 3
    endloop
  endfacet
  facet normal -0 0 1
    outer loop
      vertex 37.0694 -1.27896 3
      vertex 40.7754 -4.28567 3
      vertex 37.1137 -1.25831 3
    endloop
  endfacet
  facet normal -0 0 1
    outer loop
      vertex 37.0244 -1.29806 3
      vertex 40.7754 -4.28567 3
      vertex 37.0694 -1.27896 3
    endloop
  endfacet
  facet normal -0 0 1
    outer loop
      vertex 36.9788 -1.31557 3
      vertex 40.7754 -4.28567 3
      vertex 37.0244 -1.29806 3
    endloop
  endfacet
  facet normal -0 0 1
    outer loop
      vertex 36.9326 -1.33148 3
      vertex 40.7754 -4.28567 3
      vertex 36.9788 -1.31557 3
    endloop
  endfacet
  facet normal -0 0 1
    outer loop
      vertex 36.8859 -1.34577 3
      vertex 40.7754 -4.28567 3
      vertex 36.9326 -1.33148 3
    endloop
  endfacet
  facet normal -0 0 1
    outer loop
      vertex 36.8387 -1.35841 3
      vertex 40.7754 -4.28567 3
      vertex 36.8859 -1.34577 3
    endloop
  endfacet
  facet normal -0 0 1
    outer loop
      vertex 36.7911 -1.36941 3
      vertex 40.7754 -4.28567 3
      vertex 36.8387 -1.35841 3
    endloop
  endfacet
  facet normal 0 0 1
    outer loop
      vertex 40.7754 -4.28567 3
      vertex 36.7911 -1.36941 3
      vertex 40.601 -5.7061 3
    endloop
  endfacet
  facet normal -0 0 1
    outer loop
      vertex 36.7431 -1.37873 3
      vertex 40.601 -5.7061 3
      vertex 36.7911 -1.36941 3
    endloop
  endfacet
  facet normal -0 0 1
    outer loop
      vertex 36.6948 -1.38637 3
      vertex 40.601 -5.7061 3
      vertex 36.7431 -1.37873 3
    endloop
  endfacet
  facet normal -0 0 1
    outer loop
      vertex 36.6463 -1.39233 3
      vertex 40.601 -5.7061 3
      vertex 36.6948 -1.38637 3
    endloop
  endfacet
  facet normal -0 0 1
    outer loop
      vertex 36.5977 -1.39659 3
      vertex 40.601 -5.7061 3
      vertex 36.6463 -1.39233 3
    endloop
  endfacet
  facet normal -0 0 1
    outer loop
      vertex 36.5489 -1.39915 3
      vertex 40.601 -5.7061 3
      vertex 36.5977 -1.39659 3
    endloop
  endfacet
  facet normal -0 0 1
    outer loop
      vertex 36.5 -1.4 3
      vertex 40.601 -5.7061 3
      vertex 36.5489 -1.39915 3
    endloop
  endfacet
  facet normal 0 0 1
    outer loop
      vertex 36.4511 -1.39915 3
      vertex 40.601 -5.7061 3
      vertex 36.5 -1.4 3
    endloop
  endfacet
  facet normal 0 0 1
    outer loop
      vertex 40.601 -5.7061 3
      vertex 36.4511 -1.39915 3
      vertex 40.3771 -7.11957 3
    endloop
  endfacet
  facet normal 0 0 1
    outer loop
      vertex 36.4023 -1.39659 3
      vertex 40.3771 -7.11957 3
      vertex 36.4511 -1.39915 3
    endloop
  endfacet
  facet normal 0 0 1
    outer loop
      vertex 36.3537 -1.39233 3
      vertex 40.3771 -7.11957 3
      vertex 36.4023 -1.39659 3
    endloop
  endfacet
  facet normal 0 0 1
    outer loop
      vertex 36.3052 -1.38637 3
      vertex 40.3771 -7.11957 3
      vertex 36.3537 -1.39233 3
    endloop
  endfacet
  facet normal 0 0 1
    outer loop
      vertex 36.2569 -1.37873 3
      vertex 40.3771 -7.11957 3
      vertex 36.3052 -1.38637 3
    endloop
  endfacet
  facet normal 0 0 1
    outer loop
      vertex 36.2089 -1.36941 3
      vertex 40.3771 -7.11957 3
      vertex 36.2569 -1.37873 3
    endloop
  endfacet
  facet normal 0 0 1
    outer loop
      vertex 36.1613 -1.35841 3
      vertex 40.3771 -7.11957 3
      vertex 36.2089 -1.36941 3
    endloop
  endfacet
  facet normal 0 0 1
    outer loop
      vertex 40.3771 -7.11957 3
      vertex 36.1613 -1.35841 3
      vertex 40.104 -8.52438 3
    endloop
  endfacet
  facet normal 0 0 1
    outer loop
      vertex 36.1141 -1.34577 3
      vertex 40.104 -8.52438 3
      vertex 36.1613 -1.35841 3
    endloop
  endfacet
  facet normal 0 0 1
    outer loop
      vertex 36.0674 -1.33148 3
      vertex 40.104 -8.52438 3
      vertex 36.1141 -1.34577 3
    endloop
  endfacet
  facet normal 0 0 1
    outer loop
      vertex 36.0212 -1.31557 3
      vertex 40.104 -8.52438 3
      vertex 36.0674 -1.33148 3
    endloop
  endfacet
  facet normal 0 0 1
    outer loop
      vertex 35.9756 -1.29806 3
      vertex 40.104 -8.52438 3
      vertex 36.0212 -1.31557 3
    endloop
  endfacet
  facet normal 0 0 1
    outer loop
      vertex 40.104 -8.52438 3
      vertex 35.9756 -1.29806 3
      vertex 39.7821 -9.9188 3
    endloop
  endfacet
  facet normal 0 0 1
    outer loop
      vertex 35.9306 -1.27896 3
      vertex 39.7821 -9.9188 3
      vertex 35.9756 -1.29806 3
    endloop
  endfacet
  facet normal 0 0 1
    outer loop
      vertex 35.8863 -1.25831 3
      vertex 39.7821 -9.9188 3
      vertex 35.9306 -1.27896 3
    endloop
  endfacet
  facet normal 0 0 1
    outer loop
      vertex 35.8427 -1.23613 3
      vertex 39.7821 -9.9188 3
      vertex 35.8863 -1.25831 3
    endloop
  endfacet
  facet normal 0 0 1
    outer loop
      vertex 35.8 -1.21243 3
      vertex 39.7821 -9.9188 3
      vertex 35.8427 -1.23613 3
    endloop
  endfacet
  facet normal 0 0 1
    outer loop
      vertex 39.7821 -9.9188 3
      vertex 35.8 -1.21243 3
      vertex 39.4117 -11.3011 3
    endloop
  endfacet
  facet normal 0 0 1
    outer loop
      vertex 35.7581 -1.18727 3
      vertex 39.4117 -11.3011 3
      vertex 35.8 -1.21243 3
    endloop
  endfacet
  facet normal 0 0 1
    outer loop
      vertex 35.7171 -1.16065 3
      vertex 39.4117 -11.3011 3
      vertex 35.7581 -1.18727 3
    endloop
  endfacet
  facet normal 0 0 1
    outer loop
      vertex 35.6771 -1.13262 3
      vertex 39.4117 -11.3011 3
      vertex 35.7171 -1.16065 3
    endloop
  endfacet
  facet normal 0 0 1
    outer loop
      vertex 39.4117 -11.3011 3
      vertex 35.6771 -1.13262 3
      vertex 38.9933 -12.6697 3
    endloop
  endfacet
  facet normal 0 0 1
    outer loop
      vertex 35.6381 -1.10321 3
      vertex 38.9933 -12.6697 3
      vertex 35.6771 -1.13262 3
    endloop
  endfacet
  facet normal 0 0 1
    outer loop
      vertex 35.6001 -1.07246 3
      vertex 38.9933 -12.6697 3
      vertex 35.6381 -1.10321 3
    endloop
  endfacet
  facet normal 0 0 1
    outer loop
      vertex 35.5632 -1.0404 3
      vertex 38.9933 -12.6697 3
      vertex 35.6001 -1.07246 3
    endloop
  endfacet
  facet normal 0 0 1
    outer loop
      vertex 38.9933 -12.6697 3
      vertex 35.5632 -1.0404 3
      vertex 38.5274 -14.0228 3
    endloop
  endfacet
  facet normal 0 0 1
    outer loop
      vertex 35.5275 -1.00708 3
      vertex 38.5274 -14.0228 3
      vertex 35.5632 -1.0404 3
    endloop
  endfacet
  facet normal 0 0 1
    outer loop
      vertex 35.4929 -0.972521 3
      vertex 38.5274 -14.0228 3
      vertex 35.5275 -1.00708 3
    endloop
  endfacet
  facet normal 0 0 1
    outer loop
      vertex 38.5274 -14.0228 3
      vertex 35.4929 -0.972521 3
      vertex 38.0145 -15.3589 3
    endloop
  endfacet
  facet normal 0 0 1
    outer loop
      vertex 35.4596 -0.936783 3
      vertex 38.0145 -15.3589 3
      vertex 35.4929 -0.972521 3
    endloop
  endfacet
  facet normal 0 0 1
    outer loop
      vertex 35.4275 -0.899902 3
      vertex 38.0145 -15.3589 3
      vertex 35.4596 -0.936783 3
    endloop
  endfacet
  facet normal 0 0 1
    outer loop
      vertex 38.0145 -15.3589 3
      vertex 35.4275 -0.899902 3
      vertex 37.4554 -16.6762 3
    endloop
  endfacet
  facet normal 0 0 1
    outer loop
      vertex 35.3968 -0.861925 3
      vertex 37.4554 -16.6762 3
      vertex 35.4275 -0.899902 3
    endloop
  endfacet
  facet normal 0 0 1
    outer loop
      vertex 37.4554 -16.6762 3
      vertex 35.3968 -0.861925 3
      vertex 36.8506 -17.9732 3
    endloop
  endfacet
  facet normal 0 0 1
    outer loop
      vertex 35.3674 -0.822899 3
      vertex 36.8506 -17.9732 3
      vertex 35.3968 -0.861925 3
    endloop
  endfacet
  facet normal 0 0 1
    outer loop
      vertex 36.8506 -17.9732 3
      vertex 35.3674 -0.822899 3
      vertex 36.2009 -19.2483 3
    endloop
  endfacet
  facet normal 0 0 1
    outer loop
      vertex 35.3393 -0.782869 3
      vertex 36.2009 -19.2483 3
      vertex 35.3674 -0.822899 3
    endloop
  endfacet
  facet normal 0 0 1
    outer loop
      vertex 35.3127 -0.741886 3
      vertex 36.2009 -19.2483 3
      vertex 35.3393 -0.782869 3
    endloop
  endfacet
  facet normal 0 0 1
    outer loop
      vertex 36.2009 -19.2483 3
      vertex 35.3127 -0.741886 3
      vertex 35.507 -20.5 3
    endloop
  endfacet
  facet normal 0 0 1
    outer loop
      vertex 35.2876 -0.7 3
      vertex 35.507 -20.5 3
      vertex 35.3127 -0.741886 3
    endloop
  endfacet
  facet normal 0 0 1
    outer loop
      vertex 35.1416 -0.33869 3
      vertex 1.35841 -0.33869 3
      vertex 35.1542 -0.385892 3
    endloop
  endfacet
  facet normal 0 0 1
    outer loop
      vertex 1.35841 -0.33869 3
      vertex 35.1416 -0.33869 3
      vertex 1.36941 -0.291076 3
    endloop
  endfacet
  facet normal 0 0 1
    outer loop
      vertex 35.1306 -0.291076 3
      vertex 1.36941 -0.291076 3
      vertex 35.1416 -0.33869 3
    endloop
  endfacet
  facet normal 0 0 1
    outer loop
      vertex 1.36941 -0.291076 3
      vertex 35.1306 -0.291076 3
      vertex 1.37873 -0.243107 3
    endloop
  endfacet
  facet normal 0 0 1
    outer loop
      vertex 35.1213 -0.243107 3
      vertex 1.37873 -0.243107 3
      vertex 35.1306 -0.291076 3
    endloop
  endfacet
  facet normal 0 0 1
    outer loop
      vertex 1.37873 -0.243107 3
      vertex 35.1213 -0.243107 3
      vertex 1.38637 -0.194842 3
    endloop
  endfacet
  facet normal 0 0 1
    outer loop
      vertex 35.1136 -0.194842 3
      vertex 1.38637 -0.194842 3
      vertex 35.1213 -0.243107 3
    endloop
  endfacet
  facet normal 0 0 1
    outer loop
      vertex 1.38637 -0.194842 3
      vertex 35.1136 -0.194842 3
      vertex 1.39233 -0.146339 3
    endloop
  endfacet
  facet normal 0 0 1
    outer loop
      vertex 35.1077 -0.146339 3
      vertex 1.39233 -0.146339 3
      vertex 35.1136 -0.194842 3
    endloop
  endfacet
  facet normal 0 0 1
    outer loop
      vertex 1.39233 -0.146339 3
      vertex 35.1077 -0.146339 3
      vertex 1.39659 -0.0976582 3
    endloop
  endfacet
  facet normal 0 0 1
    outer loop
      vertex 35.1034 -0.0976582 3
      vertex 1.39659 -0.0976582 3
      vertex 35.1077 -0.146339 3
    endloop
  endfacet
  facet normal 0 0 1
    outer loop
      vertex 1.39659 -0.0976582 3
      vertex 35.1034 -0.0976582 3
      vertex 1.39915 -0.0488586 3
    endloop
  endfacet
  facet normal 0 0 1
    outer loop
      vertex 35.1009 -0.0488586 3
      vertex 1.39915 -0.0488586 3
      vertex 35.1034 -0.0976582 3
    endloop
  endfacet
  facet normal 0 0 1
    outer loop
      vertex 1.39915 -0.0488586 3
      vertex 35.1009 -0.0488586 3
      vertex 1.4 0 3
    endloop
  endfacet
  facet normal 0 0 1
    outer loop
      vertex 1.34577 -0.385892 3
      vertex 35.1542 -0.385892 3
      vertex 1.35841 -0.33869 3
    endloop
  endfacet
  facet normal -0 0 1
    outer loop
      vertex 1.4 0 3
      vertex 35.1009 -0.0488586 3
      vertex 35.1 0 3
    endloop
  endfacet
  facet normal 0 0 1
    outer loop
      vertex 35.1542 0.385892 3
      vertex 1.34577 0.385892 3
      vertex 35.1416 0.33869 3
    endloop
  endfacet
  facet normal 0 0 1
    outer loop
      vertex 1.18727 0.741886 3
      vertex 34.77 21.7267 3
      vertex 33.9905 22.9269 3
    endloop
  endfacet
  facet normal 0 0 1
    outer loop
      vertex 35.1542 -0.385892 3
      vertex 1.34577 -0.385892 3
      vertex 35.1685 -0.432623 3
    endloop
  endfacet
  facet normal 0 0 1
    outer loop
      vertex 1.16065 0.782869 3
      vertex 33.9905 22.9269 3
      vertex 33.1697 24.0992 3
    endloop
  endfacet
  facet normal 0 0 1
    outer loop
      vertex 1.33148 -0.432623 3
      vertex 35.1685 -0.432623 3
      vertex 1.34577 -0.385892 3
    endloop
  endfacet
  facet normal 0 0 1
    outer loop
      vertex 1.13262 0.822899 3
      vertex 33.1697 24.0992 3
      vertex 32.3084 25.2421 3
    endloop
  endfacet
  facet normal 0 0 1
    outer loop
      vertex 35.1685 -0.432623 3
      vertex 1.33148 -0.432623 3
      vertex 35.1844 -0.478827 3
    endloop
  endfacet
  facet normal 0 0 1
    outer loop
      vertex 1.10321 0.861925 3
      vertex 32.3084 25.2421 3
      vertex 31.4078 26.3543 3
    endloop
  endfacet
  facet normal 0 0 1
    outer loop
      vertex 1.31557 -0.478827 3
      vertex 35.1844 -0.478827 3
      vertex 1.33148 -0.432623 3
    endloop
  endfacet
  facet normal 0 0 1
    outer loop
      vertex 1.07246 0.899902 3
      vertex 31.4078 26.3543 3
      vertex 30.4689 27.4344 3
    endloop
  endfacet
  facet normal 0 0 1
    outer loop
      vertex 35.1844 -0.478827 3
      vertex 1.31557 -0.478827 3
      vertex 35.2019 -0.524448 3
    endloop
  endfacet
  facet normal 0 0 1
    outer loop
      vertex 1.0404 0.936783 3
      vertex 30.4689 27.4344 3
      vertex 29.4929 28.481 3
    endloop
  endfacet
  facet normal 0 0 1
    outer loop
      vertex 1.29806 -0.524448 3
      vertex 35.2019 -0.524448 3
      vertex 1.31557 -0.478827 3
    endloop
  endfacet
  facet normal 0 0 1
    outer loop
      vertex 1.00708 0.972521 3
      vertex 29.4929 28.481 3
      vertex 28.481 29.4929 3
    endloop
  endfacet
  facet normal 0 0 1
    outer loop
      vertex 35.2019 -0.524448 3
      vertex 1.29806 -0.524448 3
      vertex 35.221 -0.56943 3
    endloop
  endfacet
  facet normal 0 0 1
    outer loop
      vertex 0.972521 1.00708 3
      vertex 28.481 29.4929 3
      vertex 27.4344 30.4689 3
    endloop
  endfacet
  facet normal 0 0 1
    outer loop
      vertex 1.27896 -0.56943 3
      vertex 35.221 -0.56943 3
      vertex 1.29806 -0.524448 3
    endloop
  endfacet
  facet normal 0 0 1
    outer loop
      vertex 0.936783 1.0404 3
      vertex 27.4344 30.4689 3
      vertex 26.3543 31.4078 3
    endloop
  endfacet
  facet normal 0 0 1
    outer loop
      vertex 35.221 -0.56943 3
      vertex 1.27896 -0.56943 3
      vertex 35.2417 -0.613719 3
    endloop
  endfacet
  facet normal 0 0 1
    outer loop
      vertex 0.899902 1.07246 3
      vertex 26.3543 31.4078 3
      vertex 25.2421 32.3084 3
    endloop
  endfacet
  facet normal 0 0 1
    outer loop
      vertex 1.25831 -0.613719 3
      vertex 35.2417 -0.613719 3
      vertex 1.27896 -0.56943 3
    endloop
  endfacet
  facet normal 0 0 1
    outer loop
      vertex 0.861925 1.10321 3
      vertex 25.2421 32.3084 3
      vertex 24.0992 33.1697 3
    endloop
  endfacet
  facet normal 0 0 1
    outer loop
      vertex 35.2417 -0.613719 3
      vertex 1.25831 -0.613719 3
      vertex 35.2639 -0.65726 3
    endloop
  endfacet
  facet normal 0 0 1
    outer loop
      vertex 0.822899 1.13262 3
      vertex 24.0992 33.1697 3
      vertex 22.9269 33.9905 3
    endloop
  endfacet
  facet normal 0 0 1
    outer loop
      vertex 1.23613 -0.65726 3
      vertex 35.2639 -0.65726 3
      vertex 1.25831 -0.613719 3
    endloop
  endfacet
  facet normal 0 0 1
    outer loop
      vertex 0.782869 1.16065 3
      vertex 22.9269 33.9905 3
      vertex 21.7267 34.77 3
    endloop
  endfacet
  facet normal 0 0 1
    outer loop
      vertex 35.2639 -0.65726 3
      vertex 1.23613 -0.65726 3
      vertex 35.2876 -0.7 3
    endloop
  endfacet
  facet normal 0 0 1
    outer loop
      vertex 0.741886 1.18727 3
      vertex 21.7267 34.77 3
      vertex 20.5 35.507 3
    endloop
  endfacet
  facet normal 0 0 1
    outer loop
      vertex 1.21243 -0.7 3
      vertex 35.2876 -0.7 3
      vertex 1.23613 -0.65726 3
    endloop
  endfacet
  facet normal 0 0 1
    outer loop
      vertex 0.7 1.21243 3
      vertex 20.5 35.507 3
      vertex 19.2483 36.2009 3
    endloop
  endfacet
  facet normal 0 0 1
    outer loop
      vertex 35.2876 -0.7 3
      vertex 1.21243 -0.7 3
      vertex 35.507 -20.5 3
    endloop
  endfacet
  facet normal 0 0 1
    outer loop
      vertex 0.65726 1.23613 3
      vertex 19.2483 36.2009 3
      vertex 17.9732 36.8506 3
    endloop
  endfacet
  facet normal 0 0 1
    outer loop
      vertex 35.507 -20.5 3
      vertex 1.21243 -0.7 3
      vertex 34.77 -21.7267 3
    endloop
  endfacet
  facet normal 0 0 1
    outer loop
      vertex 0.613719 1.25831 3
      vertex 17.9732 36.8506 3
      vertex 16.6762 37.4554 3
    endloop
  endfacet
  facet normal -0 0 1
    outer loop
      vertex 1.18727 -0.741886 3
      vertex 34.77 -21.7267 3
      vertex 1.21243 -0.7 3
    endloop
  endfacet
  facet normal 0 0 1
    outer loop
      vertex 0.56943 1.27896 3
      vertex 16.6762 37.4554 3
      vertex 15.3589 38.0145 3
    endloop
  endfacet
  facet normal 0 0 1
    outer loop
      vertex 34.77 -21.7267 3
      vertex 1.18727 -0.741886 3
      vertex 33.9905 -22.9269 3
    endloop
  endfacet
  facet normal 0 0 1
    outer loop
      vertex 0.524448 1.29806 3
      vertex 15.3589 38.0145 3
      vertex 14.0228 38.5274 3
    endloop
  endfacet
  facet normal -0 0 1
    outer loop
      vertex 1.16065 -0.782869 3
      vertex 33.9905 -22.9269 3
      vertex 1.18727 -0.741886 3
    endloop
  endfacet
  facet normal 0 0 1
    outer loop
      vertex 0.478827 1.31557 3
      vertex 14.0228 38.5274 3
      vertex 12.6697 38.9933 3
    endloop
  endfacet
  facet normal 0 0 1
    outer loop
      vertex 33.9905 -22.9269 3
      vertex 1.16065 -0.782869 3
      vertex 33.1697 -24.0992 3
    endloop
  endfacet
  facet normal 0 0 1
    outer loop
      vertex 0.432623 1.33148 3
      vertex 12.6697 38.9933 3
      vertex 11.3011 39.4117 3
    endloop
  endfacet
  facet normal -0 0 1
    outer loop
      vertex 1.13262 -0.822899 3
      vertex 33.1697 -24.0992 3
      vertex 1.16065 -0.782869 3
    endloop
  endfacet
  facet normal 0 0 1
    outer loop
      vertex 0.385892 1.34577 3
      vertex 11.3011 39.4117 3
      vertex 9.9188 39.7821 3
    endloop
  endfacet
  facet normal 0 0 1
    outer loop
      vertex 33.1697 -24.0992 3
      vertex 1.13262 -0.822899 3
      vertex 32.3084 -25.2421 3
    endloop
  endfacet
  facet normal 0 0 1
    outer loop
      vertex 0.33869 1.35841 3
      vertex 9.9188 39.7821 3
      vertex 8.52438 40.104 3
    endloop
  endfacet
  facet normal -0 0 1
    outer loop
      vertex 1.10321 -0.861925 3
      vertex 32.3084 -25.2421 3
      vertex 1.13262 -0.822899 3
    endloop
  endfacet
  facet normal 0 0 1
    outer loop
      vertex 0.291076 1.36941 3
      vertex 8.52438 40.104 3
      vertex 7.11957 40.3771 3
    endloop
  endfacet
  facet normal 0 0 1
    outer loop
      vertex 32.3084 -25.2421 3
      vertex 1.10321 -0.861925 3
      vertex 31.4078 -26.3543 3
    endloop
  endfacet
  facet normal 0 0 1
    outer loop
      vertex 0.243107 1.37873 3
      vertex 7.11957 40.3771 3
      vertex 5.7061 40.601 3
    endloop
  endfacet
  facet normal -0 0 1
    outer loop
      vertex 1.07246 -0.899902 3
      vertex 31.4078 -26.3543 3
      vertex 1.10321 -0.861925 3
    endloop
  endfacet
  facet normal 0 0 1
    outer loop
      vertex 0.194842 1.38637 3
      vertex 5.7061 40.601 3
      vertex 4.28567 40.7754 3
    endloop
  endfacet
  facet normal 0 0 1
    outer loop
      vertex 31.4078 -26.3543 3
      vertex 1.07246 -0.899902 3
      vertex 30.4689 -27.4344 3
    endloop
  endfacet
  facet normal 0 0 1
    outer loop
      vertex 0.146339 1.39233 3
      vertex 4.28567 40.7754 3
      vertex 2.86001 40.9001 3
    endloop
  endfacet
  facet normal -0 0 1
    outer loop
      vertex 1.0404 -0.936783 3
      vertex 30.4689 -27.4344 3
      vertex 1.07246 -0.899902 3
    endloop
  endfacet
  facet normal 0 0 1
    outer loop
      vertex 0.0976582 1.39659 3
      vertex 2.86001 40.9001 3
      vertex 1.43088 40.975 3
    endloop
  endfacet
  facet normal 0 0 1
    outer loop
      vertex 30.4689 -27.4344 3
      vertex 1.0404 -0.936783 3
      vertex 29.4929 -28.481 3
    endloop
  endfacet
  facet normal -0 0 1
    outer loop
      vertex 1.00708 -0.972521 3
      vertex 29.4929 -28.481 3
      vertex 1.0404 -0.936783 3
    endloop
  endfacet
  facet normal 0 0 1
    outer loop
      vertex 35.1 0 3
      vertex 1.39915 0.0488586 3
      vertex 1.4 0 3
    endloop
  endfacet
  facet normal 0 0 1
    outer loop
      vertex 35.1009 0.0488586 3
      vertex 1.39915 0.0488586 3
      vertex 35.1 0 3
    endloop
  endfacet
  facet normal 0 -0 1
    outer loop
      vertex 1.39915 0.0488586 3
      vertex 35.1009 0.0488586 3
      vertex 1.39659 0.0976582 3
    endloop
  endfacet
  facet normal 0 0 1
    outer loop
      vertex 35.1034 0.0976582 3
      vertex 1.39659 0.0976582 3
      vertex 35.1009 0.0488586 3
    endloop
  endfacet
  facet normal 0 -0 1
    outer loop
      vertex 1.39659 0.0976582 3
      vertex 35.1034 0.0976582 3
      vertex 1.39233 0.146339 3
    endloop
  endfacet
  facet normal 0 0 1
    outer loop
      vertex 35.1077 0.146339 3
      vertex 1.39233 0.146339 3
      vertex 35.1034 0.0976582 3
    endloop
  endfacet
  facet normal 0 -0 1
    outer loop
      vertex 1.39233 0.146339 3
      vertex 35.1077 0.146339 3
      vertex 1.38637 0.194842 3
    endloop
  endfacet
  facet normal 0 0 1
    outer loop
      vertex 35.1136 0.194842 3
      vertex 1.38637 0.194842 3
      vertex 35.1077 0.146339 3
    endloop
  endfacet
  facet normal 0 -0 1
    outer loop
      vertex 1.38637 0.194842 3
      vertex 35.1136 0.194842 3
      vertex 1.37873 0.243107 3
    endloop
  endfacet
  facet normal 0 0 1
    outer loop
      vertex 35.1213 0.243107 3
      vertex 1.37873 0.243107 3
      vertex 35.1136 0.194842 3
    endloop
  endfacet
  facet normal 0 -0 1
    outer loop
      vertex 1.37873 0.243107 3
      vertex 35.1213 0.243107 3
      vertex 1.36941 0.291076 3
    endloop
  endfacet
  facet normal 0 0 1
    outer loop
      vertex 35.1306 0.291076 3
      vertex 1.36941 0.291076 3
      vertex 35.1213 0.243107 3
    endloop
  endfacet
  facet normal 0 -0 1
    outer loop
      vertex 1.36941 0.291076 3
      vertex 35.1306 0.291076 3
      vertex 1.35841 0.33869 3
    endloop
  endfacet
  facet normal 0 0 1
    outer loop
      vertex 35.1416 0.33869 3
      vertex 1.35841 0.33869 3
      vertex 35.1306 0.291076 3
    endloop
  endfacet
  facet normal 0 -0 1
    outer loop
      vertex 1.35841 0.33869 3
      vertex 35.1416 0.33869 3
      vertex 1.34577 0.385892 3
    endloop
  endfacet
  facet normal 0 0 1
    outer loop
      vertex 34.77 21.7267 3
      vertex 1.18727 0.741886 3
      vertex 1.21243 0.7 3
    endloop
  endfacet
  facet normal 0 0 1
    outer loop
      vertex 33.9905 22.9269 3
      vertex 1.16065 0.782869 3
      vertex 1.18727 0.741886 3
    endloop
  endfacet
  facet normal 0 0 1
    outer loop
      vertex 33.1697 24.0992 3
      vertex 1.13262 0.822899 3
      vertex 1.16065 0.782869 3
    endloop
  endfacet
  facet normal 0 0 1
    outer loop
      vertex 32.3084 25.2421 3
      vertex 1.10321 0.861925 3
      vertex 1.13262 0.822899 3
    endloop
  endfacet
  facet normal 0 0 1
    outer loop
      vertex 31.4078 26.3543 3
      vertex 1.07246 0.899902 3
      vertex 1.10321 0.861925 3
    endloop
  endfacet
  facet normal 0 0 1
    outer loop
      vertex 30.4689 27.4344 3
      vertex 1.0404 0.936783 3
      vertex 1.07246 0.899902 3
    endloop
  endfacet
  facet normal 0 0 1
    outer loop
      vertex 29.4929 28.481 3
      vertex 1.00708 0.972521 3
      vertex 1.0404 0.936783 3
    endloop
  endfacet
  facet normal 0 0 1
    outer loop
      vertex 28.481 29.4929 3
      vertex 0.972521 1.00708 3
      vertex 1.00708 0.972521 3
    endloop
  endfacet
  facet normal 0 0 1
    outer loop
      vertex 27.4344 30.4689 3
      vertex 0.936783 1.0404 3
      vertex 0.972521 1.00708 3
    endloop
  endfacet
  facet normal 0 0 1
    outer loop
      vertex 26.3543 31.4078 3
      vertex 0.899902 1.07246 3
      vertex 0.936783 1.0404 3
    endloop
  endfacet
  facet normal 0 0 1
    outer loop
      vertex 25.2421 32.3084 3
      vertex 0.861925 1.10321 3
      vertex 0.899902 1.07246 3
    endloop
  endfacet
  facet normal 0 0 1
    outer loop
      vertex 24.0992 33.1697 3
      vertex 0.822899 1.13262 3
      vertex 0.861925 1.10321 3
    endloop
  endfacet
  facet normal 0 0 1
    outer loop
      vertex 22.9269 33.9905 3
      vertex 0.782869 1.16065 3
      vertex 0.822899 1.13262 3
    endloop
  endfacet
  facet normal 0 0 1
    outer loop
      vertex 21.7267 34.77 3
      vertex 0.741886 1.18727 3
      vertex 0.782869 1.16065 3
    endloop
  endfacet
  facet normal 0 0 1
    outer loop
      vertex 20.5 35.507 3
      vertex 0.7 1.21243 3
      vertex 0.741886 1.18727 3
    endloop
  endfacet
  facet normal 0 0 1
    outer loop
      vertex 19.2483 36.2009 3
      vertex 0.65726 1.23613 3
      vertex 0.7 1.21243 3
    endloop
  endfacet
  facet normal 0 0 1
    outer loop
      vertex 17.9732 36.8506 3
      vertex 0.613719 1.25831 3
      vertex 0.65726 1.23613 3
    endloop
  endfacet
  facet normal 0 0 1
    outer loop
      vertex 16.6762 37.4554 3
      vertex 0.56943 1.27896 3
      vertex 0.613719 1.25831 3
    endloop
  endfacet
  facet normal 0 0 1
    outer loop
      vertex 15.3589 38.0145 3
      vertex 0.524448 1.29806 3
      vertex 0.56943 1.27896 3
    endloop
  endfacet
  facet normal 0 0 1
    outer loop
      vertex 14.0228 38.5274 3
      vertex 0.478827 1.31557 3
      vertex 0.524448 1.29806 3
    endloop
  endfacet
  facet normal 0 0 1
    outer loop
      vertex 12.6697 38.9933 3
      vertex 0.432623 1.33148 3
      vertex 0.478827 1.31557 3
    endloop
  endfacet
  facet normal 0 0 1
    outer loop
      vertex 11.3011 39.4117 3
      vertex 0.385892 1.34577 3
      vertex 0.432623 1.33148 3
    endloop
  endfacet
  facet normal 0 0 1
    outer loop
      vertex 9.9188 39.7821 3
      vertex 0.33869 1.35841 3
      vertex 0.385892 1.34577 3
    endloop
  endfacet
  facet normal 0 0 1
    outer loop
      vertex 8.52438 40.104 3
      vertex 0.291076 1.36941 3
      vertex 0.33869 1.35841 3
    endloop
  endfacet
  facet normal 0 0 1
    outer loop
      vertex 7.11957 40.3771 3
      vertex 0.243107 1.37873 3
      vertex 0.291076 1.36941 3
    endloop
  endfacet
  facet normal 0 0 1
    outer loop
      vertex 5.7061 40.601 3
      vertex 0.194842 1.38637 3
      vertex 0.243107 1.37873 3
    endloop
  endfacet
  facet normal 0 0 1
    outer loop
      vertex 4.28567 40.7754 3
      vertex 0.146339 1.39233 3
      vertex 0.194842 1.38637 3
    endloop
  endfacet
  facet normal 0 0 1
    outer loop
      vertex 2.86001 40.9001 3
      vertex 0.0976582 1.39659 3
      vertex 0.146339 1.39233 3
    endloop
  endfacet
  facet normal 0 0 1
    outer loop
      vertex 1.43088 40.975 3
      vertex 0.0488586 1.39915 3
      vertex 0.0976582 1.39659 3
    endloop
  endfacet
  facet normal 0 0 1
    outer loop
      vertex 0 41 3
      vertex 0.0488586 1.39915 3
      vertex 1.43088 40.975 3
    endloop
  endfacet
  facet normal 0 0 1
    outer loop
      vertex 0 41 3
      vertex 0 1.4 3
      vertex 0.0488586 1.39915 3
    endloop
  endfacet
  facet normal -0 0 1
    outer loop
      vertex -8.52438 40.104 3
      vertex -16.8806 31.3189 3
      vertex -7.11957 40.3771 3
    endloop
  endfacet
  facet normal 0 0 1
    outer loop
      vertex -16.8806 31.3189 3
      vertex -8.52438 40.104 3
      vertex -16.8713 31.3668 3
    endloop
  endfacet
  facet normal 0 0 1
    outer loop
      vertex -16.8916 31.2712 3
      vertex -7.11957 40.3771 3
      vertex -16.8806 31.3189 3
    endloop
  endfacet
  facet normal 0 0 1
    outer loop
      vertex -16.9042 31.224 3
      vertex -7.11957 40.3771 3
      vertex -16.8916 31.2712 3
    endloop
  endfacet
  facet normal -0 0 1
    outer loop
      vertex -7.11957 40.3771 3
      vertex -16.9042 31.224 3
      vertex -5.7061 40.601 3
    endloop
  endfacet
  facet normal 0 0 1
    outer loop
      vertex -16.9185 31.1773 3
      vertex -5.7061 40.601 3
      vertex -16.9042 31.224 3
    endloop
  endfacet
  facet normal 0 0 1
    outer loop
      vertex -16.9344 31.1311 3
      vertex -5.7061 40.601 3
      vertex -16.9185 31.1773 3
    endloop
  endfacet
  facet normal -0 0 1
    outer loop
      vertex -5.7061 40.601 3
      vertex -16.9344 31.1311 3
      vertex -4.28567 40.7754 3
    endloop
  endfacet
  facet normal 0 0 1
    outer loop
      vertex -16.9519 31.0855 3
      vertex -4.28567 40.7754 3
      vertex -16.9344 31.1311 3
    endloop
  endfacet
  facet normal -0 0 1
    outer loop
      vertex -4.28567 40.7754 3
      vertex -16.9519 31.0855 3
      vertex -2.86001 40.9001 3
    endloop
  endfacet
  facet normal 0 0 1
    outer loop
      vertex -16.971 31.0405 3
      vertex -2.86001 40.9001 3
      vertex -16.9519 31.0855 3
    endloop
  endfacet
  facet normal -0 0 1
    outer loop
      vertex -2.86001 40.9001 3
      vertex -16.971 31.0405 3
      vertex -1.43088 40.975 3
    endloop
  endfacet
  facet normal 0 0 1
    outer loop
      vertex -16.9917 30.9962 3
      vertex -1.43088 40.975 3
      vertex -16.971 31.0405 3
    endloop
  endfacet
  facet normal 0 0 1
    outer loop
      vertex -17.0139 30.9527 3
      vertex -1.43088 40.975 3
      vertex -16.9917 30.9962 3
    endloop
  endfacet
  facet normal -0 0 1
    outer loop
      vertex -1.43088 40.975 3
      vertex -17.0139 30.9527 3
      vertex 0 41 3
    endloop
  endfacet
  facet normal 0 0 1
    outer loop
      vertex 0 41 3
      vertex -17.0139 30.9527 3
      vertex 0 1.4 3
    endloop
  endfacet
  facet normal -0 0 1
    outer loop
      vertex -17.0376 30.9099 3
      vertex 0 1.4 3
      vertex -17.0139 30.9527 3
    endloop
  endfacet
  facet normal 0 0 1
    outer loop
      vertex 0 1.4 3
      vertex -17.0376 30.9099 3
      vertex -0.0488586 1.39915 3
    endloop
  endfacet
  facet normal -0 0 1
    outer loop
      vertex -17.0627 30.868 3
      vertex -0.0488586 1.39915 3
      vertex -17.0376 30.9099 3
    endloop
  endfacet
  facet normal 0 0 1
    outer loop
      vertex -0.0488586 1.39915 3
      vertex -17.0627 30.868 3
      vertex -0.0976582 1.39659 3
    endloop
  endfacet
  facet normal -0 0 1
    outer loop
      vertex -17.0893 30.8271 3
      vertex -0.0976582 1.39659 3
      vertex -17.0627 30.868 3
    endloop
  endfacet
  facet normal 0 0 1
    outer loop
      vertex -0.0976582 1.39659 3
      vertex -17.0893 30.8271 3
      vertex -0.146339 1.39233 3
    endloop
  endfacet
  facet normal -0 0 1
    outer loop
      vertex -17.1174 30.787 3
      vertex -0.146339 1.39233 3
      vertex -17.0893 30.8271 3
    endloop
  endfacet
  facet normal 0 0 1
    outer loop
      vertex -0.146339 1.39233 3
      vertex -17.1174 30.787 3
      vertex -0.194842 1.38637 3
    endloop
  endfacet
  facet normal -0 0 1
    outer loop
      vertex -17.1468 30.748 3
      vertex -0.194842 1.38637 3
      vertex -17.1174 30.787 3
    endloop
  endfacet
  facet normal 0 0 1
    outer loop
      vertex -0.194842 1.38637 3
      vertex -17.1468 30.748 3
      vertex -0.243107 1.37873 3
    endloop
  endfacet
  facet normal -0 0 1
    outer loop
      vertex -17.1775 30.71 3
      vertex -0.243107 1.37873 3
      vertex -17.1468 30.748 3
    endloop
  endfacet
  facet normal 0 0 1
    outer loop
      vertex -0.243107 1.37873 3
      vertex -17.1775 30.71 3
      vertex -0.291076 1.36941 3
    endloop
  endfacet
  facet normal -0 0 1
    outer loop
      vertex -17.2096 30.6731 3
      vertex -0.291076 1.36941 3
      vertex -17.1775 30.71 3
    endloop
  endfacet
  facet normal 0 0 1
    outer loop
      vertex -0.291076 1.36941 3
      vertex -17.2096 30.6731 3
      vertex -0.33869 1.35841 3
    endloop
  endfacet
  facet normal -0 0 1
    outer loop
      vertex -17.2429 30.6374 3
      vertex -0.33869 1.35841 3
      vertex -17.2096 30.6731 3
    endloop
  endfacet
  facet normal 0 0 1
    outer loop
      vertex -0.33869 1.35841 3
      vertex -17.2429 30.6374 3
      vertex -0.385892 1.34577 3
    endloop
  endfacet
  facet normal -0 0 1
    outer loop
      vertex -17.2775 30.6029 3
      vertex -0.385892 1.34577 3
      vertex -17.2429 30.6374 3
    endloop
  endfacet
  facet normal 0 0 1
    outer loop
      vertex -0.385892 1.34577 3
      vertex -17.2775 30.6029 3
      vertex -0.432623 1.33148 3
    endloop
  endfacet
  facet normal -0 0 1
    outer loop
      vertex -17.3132 30.5695 3
      vertex -0.432623 1.33148 3
      vertex -17.2775 30.6029 3
    endloop
  endfacet
  facet normal 0 0 1
    outer loop
      vertex -0.432623 1.33148 3
      vertex -17.3132 30.5695 3
      vertex -0.478827 1.31557 3
    endloop
  endfacet
  facet normal -0 0 1
    outer loop
      vertex -17.3501 30.5375 3
      vertex -0.478827 1.31557 3
      vertex -17.3132 30.5695 3
    endloop
  endfacet
  facet normal 0 0 1
    outer loop
      vertex -0.478827 1.31557 3
      vertex -17.3501 30.5375 3
      vertex -0.524448 1.29806 3
    endloop
  endfacet
  facet normal -0 0 1
    outer loop
      vertex -17.3881 30.5067 3
      vertex -0.524448 1.29806 3
      vertex -17.3501 30.5375 3
    endloop
  endfacet
  facet normal 0 0 1
    outer loop
      vertex -0.524448 1.29806 3
      vertex -17.3881 30.5067 3
      vertex -0.56943 1.27896 3
    endloop
  endfacet
  facet normal -0 0 1
    outer loop
      vertex -17.4271 30.4773 3
      vertex -0.56943 1.27896 3
      vertex -17.3881 30.5067 3
    endloop
  endfacet
  facet normal 0 0 1
    outer loop
      vertex -0.56943 1.27896 3
      vertex -17.4271 30.4773 3
      vertex -0.613719 1.25831 3
    endloop
  endfacet
  facet normal -0 0 1
    outer loop
      vertex -17.4671 30.4493 3
      vertex -0.613719 1.25831 3
      vertex -17.4271 30.4773 3
    endloop
  endfacet
  facet normal 0 0 1
    outer loop
      vertex -0.613719 1.25831 3
      vertex -17.4671 30.4493 3
      vertex -0.65726 1.23613 3
    endloop
  endfacet
  facet normal 0 0 1
    outer loop
      vertex -0.65726 1.23613 3
      vertex -17.5081 30.4227 3
      vertex -0.7 1.21243 3
    endloop
  endfacet
  facet normal -0 0 1
    outer loop
      vertex -17.5081 30.4227 3
      vertex -0.65726 1.23613 3
      vertex -17.4671 30.4493 3
    endloop
  endfacet
  facet normal -0.798614 -0.601843 0
    outer loop
      vertex -32.3084 -25.2421 0
      vertex -33.1697 -24.0992 3
      vertex -33.1697 -24.0992 0
    endloop
  endfacet
  facet normal -0.798614 -0.601843 0
    outer loop
      vertex -33.1697 -24.0992 3
      vertex -32.3084 -25.2421 0
      vertex -32.3084 -25.2421 3
    endloop
  endfacet
  facet normal 0.974374 0.224933 0
    outer loop
      vertex 40.104 8.52438 3
      vertex 39.7821 9.9188 0
      vertex 39.7821 9.9188 3
    endloop
  endfacet
  facet normal 0.974374 0.224933 0
    outer loop
      vertex 39.7821 9.9188 0
      vertex 40.104 8.52438 3
      vertex 40.104 8.52438 0
    endloop
  endfacet
  facet normal 0.707107 -0.707107 0
    outer loop
      vertex 28.481 -29.4929 3
      vertex 29.4929 -28.481 0
      vertex 29.4929 -28.481 3
    endloop
  endfacet
  facet normal 0.707107 -0.707107 0
    outer loop
      vertex 29.4929 -28.481 0
      vertex 28.481 -29.4929 3
      vertex 28.481 -29.4929 0
    endloop
  endfacet
  facet normal 0.0174691 0.999847 -0
    outer loop
      vertex 1.43088 40.975 0
      vertex 0 41 3
      vertex 1.43088 40.975 3
    endloop
  endfacet
  facet normal 0.0174691 0.999847 0
    outer loop
      vertex 0 41 3
      vertex 1.43088 40.975 0
      vertex 0 41 0
    endloop
  endfacet
  facet normal -0.933576 -0.35838 0
    outer loop
      vertex -38.0145 -15.3589 0
      vertex -38.5274 -14.0228 3
      vertex -38.5274 -14.0228 0
    endloop
  endfacet
  facet normal -0.933576 -0.35838 0
    outer loop
      vertex -38.5274 -14.0228 3
      vertex -38.0145 -15.3589 0
      vertex -38.0145 -15.3589 3
    endloop
  endfacet
  facet normal 0.484848 -0.874599 0
    outer loop
      vertex 19.2483 -36.2009 0
      vertex 20.5 -35.507 3
      vertex 19.2483 -36.2009 3
    endloop
  endfacet
  facet normal 0.484848 -0.874599 0
    outer loop
      vertex 20.5 -35.507 3
      vertex 19.2483 -36.2009 0
      vertex 20.5 -35.507 0
    endloop
  endfacet
  facet normal -0.292357 -0.956309 0
    outer loop
      vertex -12.6697 -38.9933 0
      vertex -11.3011 -39.4117 3
      vertex -12.6697 -38.9933 3
    endloop
  endfacet
  facet normal -0.292357 -0.956309 -0
    outer loop
      vertex -11.3011 -39.4117 3
      vertex -12.6697 -38.9933 0
      vertex -11.3011 -39.4117 0
    endloop
  endfacet
  facet normal -0.190831 -0.981623 0
    outer loop
      vertex -8.52438 -40.104 0
      vertex -7.11957 -40.3771 3
      vertex -8.52438 -40.104 3
    endloop
  endfacet
  facet normal -0.190831 -0.981623 -0
    outer loop
      vertex -7.11957 -40.3771 3
      vertex -8.52438 -40.104 0
      vertex -7.11957 -40.3771 0
    endloop
  endfacet
  facet normal 0.998629 -0.0523377 0
    outer loop
      vertex 40.9001 -2.86001 3
      vertex 40.975 -1.43088 0
      vertex 40.975 -1.43088 3
    endloop
  endfacet
  facet normal 0.998629 -0.0523377 0
    outer loop
      vertex 40.975 -1.43088 0
      vertex 40.9001 -2.86001 3
      vertex 40.9001 -2.86001 0
    endloop
  endfacet
  facet normal -0.992547 -0.121865 0
    outer loop
      vertex -40.601 -5.7061 0
      vertex -40.7754 -4.28567 3
      vertex -40.7754 -4.28567 0
    endloop
  endfacet
  facet normal -0.992547 -0.121865 0
    outer loop
      vertex -40.7754 -4.28567 3
      vertex -40.601 -5.7061 0
      vertex -40.601 -5.7061 3
    endloop
  endfacet
  facet normal -0.514999 0.857191 0
    outer loop
      vertex -20.5 35.507 0
      vertex -21.7267 34.77 3
      vertex -20.5 35.507 3
    endloop
  endfacet
  facet normal -0.514999 0.857191 0
    outer loop
      vertex -21.7267 34.77 3
      vertex -20.5 35.507 0
      vertex -21.7267 34.77 0
    endloop
  endfacet
  facet normal 0.906308 -0.422618 0
    outer loop
      vertex 36.8506 -17.9732 3
      vertex 37.4554 -16.6762 0
      vertex 37.4554 -16.6762 3
    endloop
  endfacet
  facet normal 0.906308 -0.422618 0
    outer loop
      vertex 37.4554 -16.6762 0
      vertex 36.8506 -17.9732 3
      vertex 36.8506 -17.9732 0
    endloop
  endfacet
  facet normal 0.156454 -0.987685 0
    outer loop
      vertex 5.7061 -40.601 0
      vertex 7.11957 -40.3771 3
      vertex 5.7061 -40.601 3
    endloop
  endfacet
  facet normal 0.156454 -0.987685 0
    outer loop
      vertex 7.11957 -40.3771 3
      vertex 5.7061 -40.601 0
      vertex 7.11957 -40.3771 0
    endloop
  endfacet
  facet normal -0.0871356 0.996196 0
    outer loop
      vertex -2.86001 40.9001 0
      vertex -4.28567 40.7754 3
      vertex -2.86001 40.9001 3
    endloop
  endfacet
  facet normal -0.0871356 0.996196 0
    outer loop
      vertex -4.28567 40.7754 3
      vertex -2.86001 40.9001 0
      vertex -4.28567 40.7754 0
    endloop
  endfacet
  facet normal 0.601843 0.798614 -0
    outer loop
      vertex 25.2421 32.3084 0
      vertex 24.0992 33.1697 3
      vertex 25.2421 32.3084 3
    endloop
  endfacet
  facet normal 0.601843 0.798614 0
    outer loop
      vertex 24.0992 33.1697 3
      vertex 25.2421 32.3084 0
      vertex 24.0992 33.1697 0
    endloop
  endfacet
  facet normal 0.573551 -0.81917 0
    outer loop
      vertex 22.9269 -33.9905 0
      vertex 24.0992 -33.1697 3
      vertex 22.9269 -33.9905 3
    endloop
  endfacet
  facet normal 0.573551 -0.81917 0
    outer loop
      vertex 24.0992 -33.1697 3
      vertex 22.9269 -33.9905 0
      vertex 24.0992 -33.1697 0
    endloop
  endfacet
  facet normal 0.544679 0.838645 -0
    outer loop
      vertex 22.9269 33.9905 0
      vertex 21.7267 34.77 3
      vertex 22.9269 33.9905 3
    endloop
  endfacet
  facet normal 0.544679 0.838645 0
    outer loop
      vertex 21.7267 34.77 3
      vertex 22.9269 33.9905 0
      vertex 21.7267 34.77 0
    endloop
  endfacet
  facet normal 0.92052 -0.390695 0
    outer loop
      vertex 37.4554 -16.6762 3
      vertex 38.0145 -15.3589 0
      vertex 38.0145 -15.3589 3
    endloop
  endfacet
  facet normal 0.92052 -0.390695 0
    outer loop
      vertex 38.0145 -15.3589 0
      vertex 37.4554 -16.6762 3
      vertex 37.4554 -16.6762 0
    endloop
  endfacet
  facet normal 0.0523377 0.998629 -0
    outer loop
      vertex 2.86001 40.9001 0
      vertex 1.43088 40.975 3
      vertex 2.86001 40.9001 3
    endloop
  endfacet
  facet normal 0.0523377 0.998629 0
    outer loop
      vertex 1.43088 40.975 3
      vertex 2.86001 40.9001 0
      vertex 1.43088 40.975 0
    endloop
  endfacet
  facet normal 0.390695 -0.92052 0
    outer loop
      vertex 15.3589 -38.0145 0
      vertex 16.6762 -37.4554 3
      vertex 15.3589 -38.0145 3
    endloop
  endfacet
  facet normal 0.390695 -0.92052 0
    outer loop
      vertex 16.6762 -37.4554 3
      vertex 15.3589 -38.0145 0
      vertex 16.6762 -37.4554 0
    endloop
  endfacet
  facet normal -0.422618 -0.906308 0
    outer loop
      vertex -17.9732 -36.8506 0
      vertex -16.6762 -37.4554 3
      vertex -17.9732 -36.8506 3
    endloop
  endfacet
  facet normal -0.422618 -0.906308 -0
    outer loop
      vertex -16.6762 -37.4554 3
      vertex -17.9732 -36.8506 0
      vertex -16.6762 -37.4554 0
    endloop
  endfacet
  facet normal 0.422618 -0.906308 0
    outer loop
      vertex 16.6762 -37.4554 0
      vertex 17.9732 -36.8506 3
      vertex 16.6762 -37.4554 3
    endloop
  endfacet
  facet normal 0.422618 -0.906308 0
    outer loop
      vertex 17.9732 -36.8506 3
      vertex 16.6762 -37.4554 0
      vertex 17.9732 -36.8506 0
    endloop
  endfacet
  facet normal -0.0174691 0.999847 0
    outer loop
      vertex 0 41 0
      vertex -1.43088 40.975 3
      vertex 0 41 3
    endloop
  endfacet
  facet normal -0.0174691 0.999847 0
    outer loop
      vertex -1.43088 40.975 3
      vertex 0 41 0
      vertex -1.43088 40.975 0
    endloop
  endfacet
  facet normal 0.121865 0.992547 -0
    outer loop
      vertex 5.7061 40.601 0
      vertex 4.28567 40.7754 3
      vertex 5.7061 40.601 3
    endloop
  endfacet
  facet normal 0.121865 0.992547 0
    outer loop
      vertex 4.28567 40.7754 3
      vertex 5.7061 40.601 0
      vertex 4.28567 40.7754 0
    endloop
  endfacet
  facet normal 0.981623 -0.190831 0
    outer loop
      vertex 40.104 -8.52438 3
      vertex 40.3771 -7.11957 0
      vertex 40.3771 -7.11957 3
    endloop
  endfacet
  facet normal 0.981623 -0.190831 0
    outer loop
      vertex 40.3771 -7.11957 0
      vertex 40.104 -8.52438 3
      vertex 40.104 -8.52438 0
    endloop
  endfacet
  facet normal -0.77716 -0.629303 0
    outer loop
      vertex -31.4078 -26.3543 0
      vertex -32.3084 -25.2421 3
      vertex -32.3084 -25.2421 0
    endloop
  endfacet
  facet normal -0.77716 -0.629303 0
    outer loop
      vertex -32.3084 -25.2421 3
      vertex -31.4078 -26.3543 0
      vertex -31.4078 -26.3543 3
    endloop
  endfacet
  facet normal -0.754715 -0.656052 0
    outer loop
      vertex -30.4689 -27.4344 0
      vertex -31.4078 -26.3543 3
      vertex -31.4078 -26.3543 0
    endloop
  endfacet
  facet normal -0.754715 -0.656052 0
    outer loop
      vertex -31.4078 -26.3543 3
      vertex -30.4689 -27.4344 0
      vertex -30.4689 -27.4344 3
    endloop
  endfacet
  facet normal -0.224933 0.974374 0
    outer loop
      vertex -8.52438 40.104 0
      vertex -9.9188 39.7821 3
      vertex -8.52438 40.104 3
    endloop
  endfacet
  facet normal -0.224933 0.974374 0
    outer loop
      vertex -9.9188 39.7821 3
      vertex -8.52438 40.104 0
      vertex -9.9188 39.7821 0
    endloop
  endfacet
  facet normal -0.258828 -0.965923 0
    outer loop
      vertex -11.3011 -39.4117 0
      vertex -9.9188 -39.7821 3
      vertex -11.3011 -39.4117 3
    endloop
  endfacet
  facet normal -0.258828 -0.965923 -0
    outer loop
      vertex -9.9188 -39.7821 3
      vertex -11.3011 -39.4117 0
      vertex -9.9188 -39.7821 0
    endloop
  endfacet
  facet normal 0.224933 -0.974374 0
    outer loop
      vertex 8.52438 -40.104 0
      vertex 9.9188 -39.7821 3
      vertex 8.52438 -40.104 3
    endloop
  endfacet
  facet normal 0.224933 -0.974374 0
    outer loop
      vertex 9.9188 -39.7821 3
      vertex 8.52438 -40.104 0
      vertex 9.9188 -39.7821 0
    endloop
  endfacet
  facet normal 0.996196 -0.0871356 0
    outer loop
      vertex 40.7754 -4.28567 3
      vertex 40.9001 -2.86001 0
      vertex 40.9001 -2.86001 3
    endloop
  endfacet
  facet normal 0.996196 -0.0871356 0
    outer loop
      vertex 40.9001 -2.86001 0
      vertex 40.7754 -4.28567 3
      vertex 40.7754 -4.28567 0
    endloop
  endfacet
  facet normal 0.544679 -0.838645 0
    outer loop
      vertex 21.7267 -34.77 0
      vertex 22.9269 -33.9905 3
      vertex 21.7267 -34.77 3
    endloop
  endfacet
  facet normal 0.544679 -0.838645 0
    outer loop
      vertex 22.9269 -33.9905 3
      vertex 21.7267 -34.77 0
      vertex 22.9269 -33.9905 0
    endloop
  endfacet
  facet normal -0.999847 0.0174691 0
    outer loop
      vertex -41 0 0
      vertex -40.975 1.43088 3
      vertex -40.975 1.43088 0
    endloop
  endfacet
  facet normal -0.999847 0.0174691 0
    outer loop
      vertex -40.975 1.43088 3
      vertex -41 0 0
      vertex -41 0 3
    endloop
  endfacet
  facet normal -0.838645 0.544679 0
    outer loop
      vertex -34.77 21.7267 0
      vertex -33.9905 22.9269 3
      vertex -33.9905 22.9269 0
    endloop
  endfacet
  facet normal -0.838645 0.544679 0
    outer loop
      vertex -33.9905 22.9269 3
      vertex -34.77 21.7267 0
      vertex -34.77 21.7267 3
    endloop
  endfacet
  facet normal 0.121865 -0.992547 0
    outer loop
      vertex 4.28567 -40.7754 0
      vertex 5.7061 -40.601 3
      vertex 4.28567 -40.7754 3
    endloop
  endfacet
  facet normal 0.121865 -0.992547 0
    outer loop
      vertex 5.7061 -40.601 3
      vertex 4.28567 -40.7754 0
      vertex 5.7061 -40.601 0
    endloop
  endfacet
  facet normal 0.258828 -0.965923 0
    outer loop
      vertex 9.9188 -39.7821 0
      vertex 11.3011 -39.4117 3
      vertex 9.9188 -39.7821 3
    endloop
  endfacet
  facet normal 0.258828 -0.965923 0
    outer loop
      vertex 11.3011 -39.4117 3
      vertex 9.9188 -39.7821 0
      vertex 11.3011 -39.4117 0
    endloop
  endfacet
  facet normal -0.874599 -0.484848 0
    outer loop
      vertex -35.507 -20.5 0
      vertex -36.2009 -19.2483 3
      vertex -36.2009 -19.2483 0
    endloop
  endfacet
  facet normal -0.874599 -0.484848 0
    outer loop
      vertex -36.2009 -19.2483 3
      vertex -35.507 -20.5 0
      vertex -35.507 -20.5 3
    endloop
  endfacet
  facet normal -0.956309 -0.292357 0
    outer loop
      vertex -38.9933 -12.6697 0
      vertex -39.4117 -11.3011 3
      vertex -39.4117 -11.3011 0
    endloop
  endfacet
  facet normal -0.956309 -0.292357 0
    outer loop
      vertex -39.4117 -11.3011 3
      vertex -38.9933 -12.6697 0
      vertex -38.9933 -12.6697 3
    endloop
  endfacet
  facet normal -0.933576 0.35838 0
    outer loop
      vertex -38.5274 14.0228 0
      vertex -38.0145 15.3589 3
      vertex -38.0145 15.3589 0
    endloop
  endfacet
  facet normal -0.933576 0.35838 0
    outer loop
      vertex -38.0145 15.3589 3
      vertex -38.5274 14.0228 0
      vertex -38.5274 14.0228 3
    endloop
  endfacet
  facet normal 0.325562 -0.945521 0
    outer loop
      vertex 12.6697 -38.9933 0
      vertex 14.0228 -38.5274 3
      vertex 12.6697 -38.9933 3
    endloop
  endfacet
  facet normal 0.325562 -0.945521 0
    outer loop
      vertex 14.0228 -38.5274 3
      vertex 12.6697 -38.9933 0
      vertex 14.0228 -38.5274 0
    endloop
  endfacet
  facet normal -0.998629 0.0523377 0
    outer loop
      vertex -40.975 1.43088 0
      vertex -40.9001 2.86001 3
      vertex -40.9001 2.86001 0
    endloop
  endfacet
  facet normal -0.998629 0.0523377 0
    outer loop
      vertex -40.9001 2.86001 3
      vertex -40.975 1.43088 0
      vertex -40.975 1.43088 3
    endloop
  endfacet
  facet normal -0.656052 0.754715 0
    outer loop
      vertex -26.3543 31.4078 0
      vertex -27.4344 30.4689 3
      vertex -26.3543 31.4078 3
    endloop
  endfacet
  facet normal -0.656052 0.754715 0
    outer loop
      vertex -27.4344 30.4689 3
      vertex -26.3543 31.4078 0
      vertex -27.4344 30.4689 0
    endloop
  endfacet
  facet normal 0.945521 0.325562 0
    outer loop
      vertex 38.9933 12.6697 3
      vertex 38.5274 14.0228 0
      vertex 38.5274 14.0228 3
    endloop
  endfacet
  facet normal 0.945521 0.325562 0
    outer loop
      vertex 38.5274 14.0228 0
      vertex 38.9933 12.6697 3
      vertex 38.9933 12.6697 0
    endloop
  endfacet
  facet normal 0.35838 0.933576 -0
    outer loop
      vertex 15.3589 38.0145 0
      vertex 14.0228 38.5274 3
      vertex 15.3589 38.0145 3
    endloop
  endfacet
  facet normal 0.35838 0.933576 0
    outer loop
      vertex 14.0228 38.5274 3
      vertex 15.3589 38.0145 0
      vertex 14.0228 38.5274 0
    endloop
  endfacet
  facet normal 0.77716 0.629303 0
    outer loop
      vertex 32.3084 25.2421 3
      vertex 31.4078 26.3543 0
      vertex 31.4078 26.3543 3
    endloop
  endfacet
  facet normal 0.77716 0.629303 0
    outer loop
      vertex 31.4078 26.3543 0
      vertex 32.3084 25.2421 3
      vertex 32.3084 25.2421 0
    endloop
  endfacet
  facet normal -0.981623 0.190831 0
    outer loop
      vertex -40.3771 7.11957 0
      vertex -40.104 8.52438 3
      vertex -40.104 8.52438 0
    endloop
  endfacet
  facet normal -0.981623 0.190831 0
    outer loop
      vertex -40.104 8.52438 3
      vertex -40.3771 7.11957 0
      vertex -40.3771 7.11957 3
    endloop
  endfacet
  facet normal 0.453993 0.891005 -0
    outer loop
      vertex 19.2483 36.2009 0
      vertex 17.9732 36.8506 3
      vertex 19.2483 36.2009 3
    endloop
  endfacet
  facet normal 0.453993 0.891005 0
    outer loop
      vertex 17.9732 36.8506 3
      vertex 19.2483 36.2009 0
      vertex 17.9732 36.8506 0
    endloop
  endfacet
  facet normal 0 0 -1
    outer loop
      vertex -8.26234 -25.4289 0
      vertex -16.8509 -31.6588 0
      vertex -16.85 -31.6099 0
    endloop
  endfacet
  facet normal 0 0 -1
    outer loop
      vertex -15.3589 -38.0145 0
      vertex -16.8534 -31.7076 0
      vertex -16.8509 -31.6588 0
    endloop
  endfacet
  facet normal 0 0 -1
    outer loop
      vertex -15.3589 -38.0145 0
      vertex -16.8577 -31.7563 0
      vertex -16.8534 -31.7076 0
    endloop
  endfacet
  facet normal 0 0 -1
    outer loop
      vertex -15.3589 -38.0145 0
      vertex -16.8636 -31.8048 0
      vertex -16.8577 -31.7563 0
    endloop
  endfacet
  facet normal 0 0 -1
    outer loop
      vertex -15.3589 -38.0145 0
      vertex -16.8713 -31.853 0
      vertex -16.8636 -31.8048 0
    endloop
  endfacet
  facet normal 0 0 -1
    outer loop
      vertex -15.3589 -38.0145 0
      vertex -16.8806 -31.901 0
      vertex -16.8713 -31.853 0
    endloop
  endfacet
  facet normal 0 0 -1
    outer loop
      vertex -15.3589 -38.0145 0
      vertex -16.8916 -31.9486 0
      vertex -16.8806 -31.901 0
    endloop
  endfacet
  facet normal 0 0 -1
    outer loop
      vertex -15.3589 -38.0145 0
      vertex -16.9042 -31.9958 0
      vertex -16.8916 -31.9486 0
    endloop
  endfacet
  facet normal 0 0 -1
    outer loop
      vertex -15.3589 -38.0145 0
      vertex -16.9185 -32.0425 0
      vertex -16.9042 -31.9958 0
    endloop
  endfacet
  facet normal 0 0 -1
    outer loop
      vertex -15.3589 -38.0145 0
      vertex -16.9344 -32.0888 0
      vertex -16.9185 -32.0425 0
    endloop
  endfacet
  facet normal 0 0 -1
    outer loop
      vertex -15.3589 -38.0145 0
      vertex -16.9519 -32.1344 0
      vertex -16.9344 -32.0888 0
    endloop
  endfacet
  facet normal 0 0 -1
    outer loop
      vertex -15.3589 -38.0145 0
      vertex -16.971 -32.1794 0
      vertex -16.9519 -32.1344 0
    endloop
  endfacet
  facet normal 0 0 -1
    outer loop
      vertex -15.3589 -38.0145 0
      vertex -16.9917 -32.2236 0
      vertex -16.971 -32.1794 0
    endloop
  endfacet
  facet normal 0 0 -1
    outer loop
      vertex -15.3589 -38.0145 0
      vertex -17.0139 -32.2672 0
      vertex -16.9917 -32.2236 0
    endloop
  endfacet
  facet normal 0 0 -1
    outer loop
      vertex -15.3589 -38.0145 0
      vertex -17.0376 -32.3099 0
      vertex -17.0139 -32.2672 0
    endloop
  endfacet
  facet normal 0 0 -1
    outer loop
      vertex -15.3589 -38.0145 0
      vertex -17.0627 -32.3518 0
      vertex -17.0376 -32.3099 0
    endloop
  endfacet
  facet normal 0 0 -1
    outer loop
      vertex -15.3589 -38.0145 0
      vertex -17.0893 -32.3928 0
      vertex -17.0627 -32.3518 0
    endloop
  endfacet
  facet normal 0 0 -1
    outer loop
      vertex -15.3589 -38.0145 0
      vertex -17.1174 -32.4328 0
      vertex -17.0893 -32.3928 0
    endloop
  endfacet
  facet normal 0 0 -1
    outer loop
      vertex -15.3589 -38.0145 0
      vertex -17.1468 -32.4719 0
      vertex -17.1174 -32.4328 0
    endloop
  endfacet
  facet normal 0 0 -1
    outer loop
      vertex -15.3589 -38.0145 0
      vertex -17.1775 -32.5098 0
      vertex -17.1468 -32.4719 0
    endloop
  endfacet
  facet normal 0 0 -1
    outer loop
      vertex -15.3589 -38.0145 0
      vertex -17.2096 -32.5467 0
      vertex -17.1775 -32.5098 0
    endloop
  endfacet
  facet normal 0 0 -1
    outer loop
      vertex -16.6762 -37.4554 0
      vertex -17.2429 -32.5824 0
      vertex -17.2096 -32.5467 0
    endloop
  endfacet
  facet normal 0 0 -1
    outer loop
      vertex -16.6762 -37.4554 0
      vertex -17.2775 -32.617 0
      vertex -17.2429 -32.5824 0
    endloop
  endfacet
  facet normal 0 0 -1
    outer loop
      vertex -16.6762 -37.4554 0
      vertex -17.3132 -32.6503 0
      vertex -17.2775 -32.617 0
    endloop
  endfacet
  facet normal 0 0 -1
    outer loop
      vertex -16.6762 -37.4554 0
      vertex -17.3501 -32.6824 0
      vertex -17.3132 -32.6503 0
    endloop
  endfacet
  facet normal 0 0 -1
    outer loop
      vertex -16.6762 -37.4554 0
      vertex -17.3881 -32.7131 0
      vertex -17.3501 -32.6824 0
    endloop
  endfacet
  facet normal 0 0 -1
    outer loop
      vertex -16.6762 -37.4554 0
      vertex -17.4271 -32.7425 0
      vertex -17.3881 -32.7131 0
    endloop
  endfacet
  facet normal 0 0 -1
    outer loop
      vertex -16.6762 -37.4554 0
      vertex -17.4671 -32.7706 0
      vertex -17.4271 -32.7425 0
    endloop
  endfacet
  facet normal 0 0 -1
    outer loop
      vertex -16.6762 -37.4554 0
      vertex -17.5081 -32.7972 0
      vertex -17.4671 -32.7706 0
    endloop
  endfacet
  facet normal 0 0 -1
    outer loop
      vertex -16.6762 -37.4554 0
      vertex -17.55 -32.8224 0
      vertex -17.5081 -32.7972 0
    endloop
  endfacet
  facet normal 0 0 -1
    outer loop
      vertex -17.9732 -36.8506 0
      vertex -17.55 -32.8224 0
      vertex -16.6762 -37.4554 0
    endloop
  endfacet
  facet normal 0 0 -1
    outer loop
      vertex -17.55 -32.8224 0
      vertex -17.9732 -36.8506 0
      vertex -17.5927 -32.8461 0
    endloop
  endfacet
  facet normal 0 0 -1
    outer loop
      vertex -17.5927 -32.8461 0
      vertex -17.9732 -36.8506 0
      vertex -17.6363 -32.8682 0
    endloop
  endfacet
  facet normal 0 0 -1
    outer loop
      vertex -17.6363 -32.8682 0
      vertex -17.9732 -36.8506 0
      vertex -17.6806 -32.8889 0
    endloop
  endfacet
  facet normal 0 0 -1
    outer loop
      vertex -17.6806 -32.8889 0
      vertex -17.9732 -36.8506 0
      vertex -17.7256 -32.908 0
    endloop
  endfacet
  facet normal 0 0 -1
    outer loop
      vertex -17.7256 -32.908 0
      vertex -17.9732 -36.8506 0
      vertex -17.7712 -32.9255 0
    endloop
  endfacet
  facet normal 0 0 -1
    outer loop
      vertex -17.7712 -32.9255 0
      vertex -17.9732 -36.8506 0
      vertex -17.8174 -32.9414 0
    endloop
  endfacet
  facet normal 0 0 -1
    outer loop
      vertex -17.8174 -32.9414 0
      vertex -17.9732 -36.8506 0
      vertex -17.8641 -32.9557 0
    endloop
  endfacet
  facet normal 0 0 -1
    outer loop
      vertex -17.8641 -32.9557 0
      vertex -17.9732 -36.8506 0
      vertex -17.9113 -32.9683 0
    endloop
  endfacet
  facet normal 0 0 -1
    outer loop
      vertex -17.9113 -32.9683 0
      vertex -17.9732 -36.8506 0
      vertex -17.9589 -32.9793 0
    endloop
  endfacet
  facet normal 0 0 -1
    outer loop
      vertex -17.9732 -36.8506 0
      vertex -18.0069 -32.9887 0
      vertex -17.9589 -32.9793 0
    endloop
  endfacet
  facet normal 0 0 -1
    outer loop
      vertex -17.9732 -36.8506 0
      vertex -18.0552 -32.9963 0
      vertex -18.0069 -32.9887 0
    endloop
  endfacet
  facet normal 0 0 -1
    outer loop
      vertex -19.2483 -36.2009 0
      vertex -18.0552 -32.9963 0
      vertex -17.9732 -36.8506 0
    endloop
  endfacet
  facet normal 0 0 -1
    outer loop
      vertex -18.0552 -32.9963 0
      vertex -19.2483 -36.2009 0
      vertex -18.1037 -33.0023 0
    endloop
  endfacet
  facet normal 0 0 -1
    outer loop
      vertex -18.1037 -33.0023 0
      vertex -19.2483 -36.2009 0
      vertex -18.1523 -33.0065 0
    endloop
  endfacet
  facet normal 0 0 -1
    outer loop
      vertex -18.1523 -33.0065 0
      vertex -19.2483 -36.2009 0
      vertex -18.2011 -33.0091 0
    endloop
  endfacet
  facet normal 0 0 -1
    outer loop
      vertex -18.2011 -33.0091 0
      vertex -19.2483 -36.2009 0
      vertex -18.25 -33.0099 0
    endloop
  endfacet
  facet normal -0 0 -1
    outer loop
      vertex -18.25 -33.0099 0
      vertex -19.2483 -36.2009 0
      vertex -18.2989 -33.0091 0
    endloop
  endfacet
  facet normal -0 0 -1
    outer loop
      vertex -18.2989 -33.0091 0
      vertex -19.2483 -36.2009 0
      vertex -18.3477 -33.0065 0
    endloop
  endfacet
  facet normal -0 0 -1
    outer loop
      vertex -18.3477 -33.0065 0
      vertex -19.2483 -36.2009 0
      vertex -18.3963 -33.0023 0
    endloop
  endfacet
  facet normal -0 0 -1
    outer loop
      vertex -18.3963 -33.0023 0
      vertex -19.2483 -36.2009 0
      vertex -18.4448 -32.9963 0
    endloop
  endfacet
  facet normal -0 0 -1
    outer loop
      vertex -18.4448 -32.9963 0
      vertex -19.2483 -36.2009 0
      vertex -18.4931 -32.9887 0
    endloop
  endfacet
  facet normal -0 0 -1
    outer loop
      vertex -18.4931 -32.9887 0
      vertex -19.2483 -36.2009 0
      vertex -18.5411 -32.9793 0
    endloop
  endfacet
  facet normal -0 0 -1
    outer loop
      vertex -18.5411 -32.9793 0
      vertex -19.2483 -36.2009 0
      vertex -18.5887 -32.9683 0
    endloop
  endfacet
  facet normal -0 0 -1
    outer loop
      vertex -18.5887 -32.9683 0
      vertex -19.2483 -36.2009 0
      vertex -18.6359 -32.9557 0
    endloop
  endfacet
  facet normal -0 0 -1
    outer loop
      vertex -18.6359 -32.9557 0
      vertex -19.2483 -36.2009 0
      vertex -18.6826 -32.9414 0
    endloop
  endfacet
  facet normal 0 0 -1
    outer loop
      vertex -20.5 -35.507 0
      vertex -18.6826 -32.9414 0
      vertex -19.2483 -36.2009 0
    endloop
  endfacet
  facet normal -0 0 -1
    outer loop
      vertex -18.6826 -32.9414 0
      vertex -20.5 -35.507 0
      vertex -18.7288 -32.9255 0
    endloop
  endfacet
  facet normal -0 0 -1
    outer loop
      vertex -18.7288 -32.9255 0
      vertex -20.5 -35.507 0
      vertex -18.7744 -32.908 0
    endloop
  endfacet
  facet normal -0 0 -1
    outer loop
      vertex -18.7744 -32.908 0
      vertex -20.5 -35.507 0
      vertex -18.8194 -32.8889 0
    endloop
  endfacet
  facet normal -0 0 -1
    outer loop
      vertex -18.8194 -32.8889 0
      vertex -20.5 -35.507 0
      vertex -18.8637 -32.8682 0
    endloop
  endfacet
  facet normal -0 0 -1
    outer loop
      vertex -18.8637 -32.8682 0
      vertex -20.5 -35.507 0
      vertex -18.9073 -32.8461 0
    endloop
  endfacet
  facet normal -0 0 -1
    outer loop
      vertex -18.9073 -32.8461 0
      vertex -20.5 -35.507 0
      vertex -18.95 -32.8224 0
    endloop
  endfacet
  facet normal -0 0 -1
    outer loop
      vertex -18.95 -32.8224 0
      vertex -20.5 -35.507 0
      vertex -18.9919 -32.7972 0
    endloop
  endfacet
  facet normal -0 0 -1
    outer loop
      vertex -18.9919 -32.7972 0
      vertex -20.5 -35.507 0
      vertex -19.0329 -32.7706 0
    endloop
  endfacet
  facet normal -0 0 -1
    outer loop
      vertex -19.0329 -32.7706 0
      vertex -20.5 -35.507 0
      vertex -19.0729 -32.7425 0
    endloop
  endfacet
  facet normal -0 0 -1
    outer loop
      vertex -19.0729 -32.7425 0
      vertex -20.5 -35.507 0
      vertex -19.1119 -32.7131 0
    endloop
  endfacet
  facet normal -0 0 -1
    outer loop
      vertex -19.1119 -32.7131 0
      vertex -20.5 -35.507 0
      vertex -19.1499 -32.6824 0
    endloop
  endfacet
  facet normal -0 0 -1
    outer loop
      vertex -19.1499 -32.6824 0
      vertex -20.5 -35.507 0
      vertex -19.1868 -32.6503 0
    endloop
  endfacet
  facet normal -0 0 -1
    outer loop
      vertex -19.1868 -32.6503 0
      vertex -20.5 -35.507 0
      vertex -19.2225 -32.617 0
    endloop
  endfacet
  facet normal 0 0 -1
    outer loop
      vertex -21.7267 -34.77 0
      vertex -19.2225 -32.617 0
      vertex -20.5 -35.507 0
    endloop
  endfacet
  facet normal -0 0 -1
    outer loop
      vertex -19.2225 -32.617 0
      vertex -21.7267 -34.77 0
      vertex -19.2571 -32.5824 0
    endloop
  endfacet
  facet normal -0 0 -1
    outer loop
      vertex -19.2571 -32.5824 0
      vertex -21.7267 -34.77 0
      vertex -19.2904 -32.5467 0
    endloop
  endfacet
  facet normal -0 0 -1
    outer loop
      vertex -19.2904 -32.5467 0
      vertex -21.7267 -34.77 0
      vertex -19.3225 -32.5098 0
    endloop
  endfacet
  facet normal -0 0 -1
    outer loop
      vertex -19.3225 -32.5098 0
      vertex -21.7267 -34.77 0
      vertex -19.3532 -32.4719 0
    endloop
  endfacet
  facet normal -0 0 -1
    outer loop
      vertex -19.3532 -32.4719 0
      vertex -21.7267 -34.77 0
      vertex -19.3826 -32.4328 0
    endloop
  endfacet
  facet normal -0 0 -1
    outer loop
      vertex -19.3826 -32.4328 0
      vertex -21.7267 -34.77 0
      vertex -19.4107 -32.3928 0
    endloop
  endfacet
  facet normal -0 0 -1
    outer loop
      vertex -19.4107 -32.3928 0
      vertex -21.7267 -34.77 0
      vertex -19.4373 -32.3518 0
    endloop
  endfacet
  facet normal -0 0 -1
    outer loop
      vertex -19.4373 -32.3518 0
      vertex -21.7267 -34.77 0
      vertex -19.4624 -32.3099 0
    endloop
  endfacet
  facet normal -0 0 -1
    outer loop
      vertex -19.4624 -32.3099 0
      vertex -21.7267 -34.77 0
      vertex -19.4861 -32.2672 0
    endloop
  endfacet
  facet normal -0 0 -1
    outer loop
      vertex -19.4861 -32.2672 0
      vertex -21.7267 -34.77 0
      vertex -19.5083 -32.2236 0
    endloop
  endfacet
  facet normal -0 0 -1
    outer loop
      vertex -19.5083 -32.2236 0
      vertex -21.7267 -34.77 0
      vertex -19.529 -32.1794 0
    endloop
  endfacet
  facet normal -0 0 -1
    outer loop
      vertex -19.529 -32.1794 0
      vertex -21.7267 -34.77 0
      vertex -19.5481 -32.1344 0
    endloop
  endfacet
  facet normal 0 0 -1
    outer loop
      vertex -22.9269 -33.9905 0
      vertex -19.5481 -32.1344 0
      vertex -21.7267 -34.77 0
    endloop
  endfacet
  facet normal -0 0 -1
    outer loop
      vertex -19.5481 -32.1344 0
      vertex -22.9269 -33.9905 0
      vertex -19.5656 -32.0888 0
    endloop
  endfacet
  facet normal -0 0 -1
    outer loop
      vertex -19.5656 -32.0888 0
      vertex -22.9269 -33.9905 0
      vertex -19.5815 -32.0425 0
    endloop
  endfacet
  facet normal -0 0 -1
    outer loop
      vertex -19.5815 -32.0425 0
      vertex -22.9269 -33.9905 0
      vertex -19.5958 -31.9958 0
    endloop
  endfacet
  facet normal -0 0 -1
    outer loop
      vertex -19.5958 -31.9958 0
      vertex -22.9269 -33.9905 0
      vertex -19.6084 -31.9486 0
    endloop
  endfacet
  facet normal -0 0 -1
    outer loop
      vertex -19.6084 -31.9486 0
      vertex -22.9269 -33.9905 0
      vertex -19.6194 -31.901 0
    endloop
  endfacet
  facet normal 0 0 -1
    outer loop
      vertex -19.4107 -30.8271 0
      vertex -20.4821 -17.1865 0
      vertex -19.8698 -17.8909 0
    endloop
  endfacet
  facet normal 0 0 -1
    outer loop
      vertex -22.9269 -33.9905 0
      vertex -19.65 -31.6099 0
      vertex -19.6491 -31.6588 0
    endloop
  endfacet
  facet normal 0 0 -1
    outer loop
      vertex -22.9269 -33.9905 0
      vertex -19.6491 -31.6588 0
      vertex -19.6466 -31.7076 0
    endloop
  endfacet
  facet normal -0 0 -1
    outer loop
      vertex -19.6194 -31.901 0
      vertex -22.9269 -33.9905 0
      vertex -19.6287 -31.853 0
    endloop
  endfacet
  facet normal -0 0 -1
    outer loop
      vertex -19.6287 -31.853 0
      vertex -22.9269 -33.9905 0
      vertex -19.6364 -31.8048 0
    endloop
  endfacet
  facet normal -0 0 -1
    outer loop
      vertex -19.6364 -31.8048 0
      vertex -22.9269 -33.9905 0
      vertex -19.6423 -31.7563 0
    endloop
  endfacet
  facet normal -0 0 -1
    outer loop
      vertex -19.6423 -31.7563 0
      vertex -22.9269 -33.9905 0
      vertex -19.6466 -31.7076 0
    endloop
  endfacet
  facet normal 0 0 -1
    outer loop
      vertex -19.65 -31.6099 0
      vertex -22.9269 -33.9905 0
      vertex -24.0992 -33.1697 0
    endloop
  endfacet
  facet normal 0 0 -1
    outer loop
      vertex -19.6491 -31.5611 0
      vertex -24.0992 -33.1697 0
      vertex -25.2421 -32.3084 0
    endloop
  endfacet
  facet normal -0 0 -1
    outer loop
      vertex -19.6491 -31.5611 0
      vertex -25.2421 -32.3084 0
      vertex -26.3543 -31.4078 0
    endloop
  endfacet
  facet normal 0 0 -1
    outer loop
      vertex -19.6491 -31.5611 0
      vertex -26.3543 -31.4078 0
      vertex -27.4344 -30.4689 0
    endloop
  endfacet
  facet normal 0 0 -1
    outer loop
      vertex -19.6491 -31.5611 0
      vertex -27.4344 -30.4689 0
      vertex -20.4821 -17.1865 0
    endloop
  endfacet
  facet normal 0 0 -1
    outer loop
      vertex -28.481 -29.4929 0
      vertex -20.4821 -17.1865 0
      vertex -27.4344 -30.4689 0
    endloop
  endfacet
  facet normal 0 0 -1
    outer loop
      vertex -29.4929 -28.481 0
      vertex -20.4821 -17.1865 0
      vertex -28.481 -29.4929 0
    endloop
  endfacet
  facet normal 0 0 -1
    outer loop
      vertex -30.4689 -27.4344 0
      vertex -20.4821 -17.1865 0
      vertex -29.4929 -28.481 0
    endloop
  endfacet
  facet normal 0 0 -1
    outer loop
      vertex -31.4078 -26.3543 0
      vertex -20.4821 -17.1865 0
      vertex -30.4689 -27.4344 0
    endloop
  endfacet
  facet normal -0 0 -1
    outer loop
      vertex -20.4821 -17.1865 0
      vertex -31.4078 -26.3543 0
      vertex -21.0694 -16.4612 0
    endloop
  endfacet
  facet normal 0 0 -1
    outer loop
      vertex -32.3084 -25.2421 0
      vertex -21.0694 -16.4612 0
      vertex -31.4078 -26.3543 0
    endloop
  endfacet
  facet normal -0 0 -1
    outer loop
      vertex -21.0694 -16.4612 0
      vertex -32.3084 -25.2421 0
      vertex -21.6311 -15.7159 0
    endloop
  endfacet
  facet normal 0 0 -1
    outer loop
      vertex -33.1697 -24.0992 0
      vertex -21.6311 -15.7159 0
      vertex -32.3084 -25.2421 0
    endloop
  endfacet
  facet normal -0 0 -1
    outer loop
      vertex -21.6311 -15.7159 0
      vertex -33.1697 -24.0992 0
      vertex -22.1664 -14.9514 0
    endloop
  endfacet
  facet normal 0 0 -1
    outer loop
      vertex -33.9905 -22.9269 0
      vertex -22.1664 -14.9514 0
      vertex -33.1697 -24.0992 0
    endloop
  endfacet
  facet normal -0 0 -1
    outer loop
      vertex -22.1664 -14.9514 0
      vertex -33.9905 -22.9269 0
      vertex -22.6747 -14.1687 0
    endloop
  endfacet
  facet normal 0 0 -1
    outer loop
      vertex -34.77 -21.7267 0
      vertex -22.6747 -14.1687 0
      vertex -33.9905 -22.9269 0
    endloop
  endfacet
  facet normal -0 0 -1
    outer loop
      vertex -22.6747 -14.1687 0
      vertex -34.77 -21.7267 0
      vertex -23.1554 -13.3687 0
    endloop
  endfacet
  facet normal 0 0 -1
    outer loop
      vertex -35.507 -20.5 0
      vertex -23.1554 -13.3687 0
      vertex -34.77 -21.7267 0
    endloop
  endfacet
  facet normal -0 0 -1
    outer loop
      vertex -23.1554 -13.3687 0
      vertex -35.507 -20.5 0
      vertex -23.6078 -12.5525 0
    endloop
  endfacet
  facet normal 0 0 -1
    outer loop
      vertex -36.2009 -19.2483 0
      vertex -23.6078 -12.5525 0
      vertex -35.507 -20.5 0
    endloop
  endfacet
  facet normal -0 0 -1
    outer loop
      vertex -23.6078 -12.5525 0
      vertex -36.2009 -19.2483 0
      vertex -24.0315 -11.7209 0
    endloop
  endfacet
  facet normal 0 0 -1
    outer loop
      vertex -36.8506 -17.9732 0
      vertex -24.0315 -11.7209 0
      vertex -36.2009 -19.2483 0
    endloop
  endfacet
  facet normal -0 0 -1
    outer loop
      vertex -24.0315 -11.7209 0
      vertex -36.8506 -17.9732 0
      vertex -24.4259 -10.8751 0
    endloop
  endfacet
  facet normal 0 0 -1
    outer loop
      vertex -37.4554 -16.6762 0
      vertex -24.4259 -10.8751 0
      vertex -36.8506 -17.9732 0
    endloop
  endfacet
  facet normal -0 0 -1
    outer loop
      vertex 37.4554 16.6762 0
      vertex 24.4259 10.8751 0
      vertex 36.8506 17.9732 0
    endloop
  endfacet
  facet normal 0 0 -1
    outer loop
      vertex 24.0315 11.7209 0
      vertex 36.8506 17.9732 0
      vertex 24.4259 10.8751 0
    endloop
  endfacet
  facet normal -0 0 -1
    outer loop
      vertex 36.8506 17.9732 0
      vertex 24.0315 11.7209 0
      vertex 36.2009 19.2483 0
    endloop
  endfacet
  facet normal 0 0 -1
    outer loop
      vertex 23.6078 12.5525 0
      vertex 36.2009 19.2483 0
      vertex 24.0315 11.7209 0
    endloop
  endfacet
  facet normal -0 0 -1
    outer loop
      vertex 36.2009 19.2483 0
      vertex 23.6078 12.5525 0
      vertex 35.507 20.5 0
    endloop
  endfacet
  facet normal 0 0 -1
    outer loop
      vertex 23.1554 13.3687 0
      vertex 35.507 20.5 0
      vertex 23.6078 12.5525 0
    endloop
  endfacet
  facet normal -0 0 -1
    outer loop
      vertex 35.507 20.5 0
      vertex 23.1554 13.3687 0
      vertex 34.77 21.7267 0
    endloop
  endfacet
  facet normal 0 0 -1
    outer loop
      vertex 22.6747 14.1687 0
      vertex 34.77 21.7267 0
      vertex 23.1554 13.3687 0
    endloop
  endfacet
  facet normal -0 0 -1
    outer loop
      vertex 34.77 21.7267 0
      vertex 22.6747 14.1687 0
      vertex 33.9905 22.9269 0
    endloop
  endfacet
  facet normal 0 0 -1
    outer loop
      vertex 22.1664 14.9514 0
      vertex 33.9905 22.9269 0
      vertex 22.6747 14.1687 0
    endloop
  endfacet
  facet normal -0 0 -1
    outer loop
      vertex 33.9905 22.9269 0
      vertex 22.1664 14.9514 0
      vertex 33.1697 24.0992 0
    endloop
  endfacet
  facet normal 0 0 -1
    outer loop
      vertex 21.6311 15.7159 0
      vertex 33.1697 24.0992 0
      vertex 22.1664 14.9514 0
    endloop
  endfacet
  facet normal -0 0 -1
    outer loop
      vertex 33.1697 24.0992 0
      vertex 21.6311 15.7159 0
      vertex 32.3084 25.2421 0
    endloop
  endfacet
  facet normal 0 0 -1
    outer loop
      vertex 21.0694 16.4612 0
      vertex 32.3084 25.2421 0
      vertex 21.6311 15.7159 0
    endloop
  endfacet
  facet normal -0 0 -1
    outer loop
      vertex 32.3084 25.2421 0
      vertex 21.0694 16.4612 0
      vertex 31.4078 26.3543 0
    endloop
  endfacet
  facet normal 0 0 -1
    outer loop
      vertex 20.4821 17.1865 0
      vertex 31.4078 26.3543 0
      vertex 21.0694 16.4612 0
    endloop
  endfacet
  facet normal -0 0 -1
    outer loop
      vertex 31.4078 26.3543 0
      vertex 20.4821 17.1865 0
      vertex 30.4689 27.4344 0
    endloop
  endfacet
  facet normal 0 0 -1
    outer loop
      vertex 19.8698 17.8909 0
      vertex 30.4689 27.4344 0
      vertex 20.4821 17.1865 0
    endloop
  endfacet
  facet normal -0 0 -1
    outer loop
      vertex 30.4689 27.4344 0
      vertex 19.8698 17.8909 0
      vertex 29.4929 28.481 0
    endloop
  endfacet
  facet normal 0 0 -1
    outer loop
      vertex 19.2333 18.5734 0
      vertex 29.4929 28.481 0
      vertex 19.8698 17.8909 0
    endloop
  endfacet
  facet normal -0 0 -1
    outer loop
      vertex 29.4929 28.481 0
      vertex 19.2333 18.5734 0
      vertex 28.481 29.4929 0
    endloop
  endfacet
  facet normal 0 0 -1
    outer loop
      vertex 18.5734 19.2333 0
      vertex 28.481 29.4929 0
      vertex 19.2333 18.5734 0
    endloop
  endfacet
  facet normal -0 0 -1
    outer loop
      vertex 28.481 29.4929 0
      vertex 18.5734 19.2333 0
      vertex 27.4344 30.4689 0
    endloop
  endfacet
  facet normal 0 0 -1
    outer loop
      vertex 17.8909 19.8698 0
      vertex 27.4344 30.4689 0
      vertex 18.5734 19.2333 0
    endloop
  endfacet
  facet normal -0 0 -1
    outer loop
      vertex 27.4344 30.4689 0
      vertex 17.8909 19.8698 0
      vertex 26.3543 31.4078 0
    endloop
  endfacet
  facet normal 0 0 -1
    outer loop
      vertex 17.1865 20.4821 0
      vertex 26.3543 31.4078 0
      vertex 17.8909 19.8698 0
    endloop
  endfacet
  facet normal -0 0 -1
    outer loop
      vertex 26.3543 31.4078 0
      vertex 17.1865 20.4821 0
      vertex 25.2421 32.3084 0
    endloop
  endfacet
  facet normal 0 0 -1
    outer loop
      vertex 16.4612 21.0694 0
      vertex 25.2421 32.3084 0
      vertex 17.1865 20.4821 0
    endloop
  endfacet
  facet normal -0 0 -1
    outer loop
      vertex 25.2421 32.3084 0
      vertex 16.4612 21.0694 0
      vertex 24.0992 33.1697 0
    endloop
  endfacet
  facet normal 0 0 -1
    outer loop
      vertex 15.7159 21.6311 0
      vertex 24.0992 33.1697 0
      vertex 16.4612 21.0694 0
    endloop
  endfacet
  facet normal -0 0 -1
    outer loop
      vertex 24.0992 33.1697 0
      vertex 15.7159 21.6311 0
      vertex 22.9269 33.9905 0
    endloop
  endfacet
  facet normal 0 0 -1
    outer loop
      vertex 14.9514 22.1664 0
      vertex 22.9269 33.9905 0
      vertex 15.7159 21.6311 0
    endloop
  endfacet
  facet normal -0 0 -1
    outer loop
      vertex 22.9269 33.9905 0
      vertex 14.9514 22.1664 0
      vertex 21.7267 34.77 0
    endloop
  endfacet
  facet normal 0 0 -1
    outer loop
      vertex 14.1687 22.6747 0
      vertex 21.7267 34.77 0
      vertex 14.9514 22.1664 0
    endloop
  endfacet
  facet normal -0 0 -1
    outer loop
      vertex 21.7267 34.77 0
      vertex 14.1687 22.6747 0
      vertex 20.5 35.507 0
    endloop
  endfacet
  facet normal 0 0 -1
    outer loop
      vertex 13.3687 23.1554 0
      vertex 20.5 35.507 0
      vertex 14.1687 22.6747 0
    endloop
  endfacet
  facet normal -0 0 -1
    outer loop
      vertex 20.5 35.507 0
      vertex 13.3687 23.1554 0
      vertex 19.2483 36.2009 0
    endloop
  endfacet
  facet normal 0 0 -1
    outer loop
      vertex 12.5525 23.6078 0
      vertex 19.2483 36.2009 0
      vertex 13.3687 23.1554 0
    endloop
  endfacet
  facet normal -0 0 -1
    outer loop
      vertex 19.2483 36.2009 0
      vertex 12.5525 23.6078 0
      vertex 17.9732 36.8506 0
    endloop
  endfacet
  facet normal 0 0 -1
    outer loop
      vertex 11.7209 24.0315 0
      vertex 17.9732 36.8506 0
      vertex 12.5525 23.6078 0
    endloop
  endfacet
  facet normal -0 0 -1
    outer loop
      vertex 17.9732 36.8506 0
      vertex 11.7209 24.0315 0
      vertex 16.6762 37.4554 0
    endloop
  endfacet
  facet normal 0 0 -1
    outer loop
      vertex 10.8751 24.4259 0
      vertex 16.6762 37.4554 0
      vertex 11.7209 24.0315 0
    endloop
  endfacet
  facet normal -0 0 -1
    outer loop
      vertex 16.6762 37.4554 0
      vertex 10.8751 24.4259 0
      vertex 15.3589 38.0145 0
    endloop
  endfacet
  facet normal 0 0 -1
    outer loop
      vertex 10.016 24.7906 0
      vertex 15.3589 38.0145 0
      vertex 10.8751 24.4259 0
    endloop
  endfacet
  facet normal -0 0 -1
    outer loop
      vertex 15.3589 38.0145 0
      vertex 10.016 24.7906 0
      vertex 14.0228 38.5274 0
    endloop
  endfacet
  facet normal 0 0 -1
    outer loop
      vertex 9.14476 25.125 0
      vertex 14.0228 38.5274 0
      vertex 10.016 24.7906 0
    endloop
  endfacet
  facet normal -0 0 -1
    outer loop
      vertex 14.0228 38.5274 0
      vertex 9.14476 25.125 0
      vertex 12.6697 38.9933 0
    endloop
  endfacet
  facet normal 0 0 -1
    outer loop
      vertex 8.26234 25.4289 0
      vertex 12.6697 38.9933 0
      vertex 9.14476 25.125 0
    endloop
  endfacet
  facet normal -0 0 -1
    outer loop
      vertex 12.6697 38.9933 0
      vertex 8.26234 25.4289 0
      vertex 11.3011 39.4117 0
    endloop
  endfacet
  facet normal 0 0 -1
    outer loop
      vertex 7.36985 25.7017 0
      vertex 11.3011 39.4117 0
      vertex 8.26234 25.4289 0
    endloop
  endfacet
  facet normal -0 0 -1
    outer loop
      vertex 11.3011 39.4117 0
      vertex 7.36985 25.7017 0
      vertex 9.9188 39.7821 0
    endloop
  endfacet
  facet normal 0 0 -1
    outer loop
      vertex 6.46839 25.9433 0
      vertex 9.9188 39.7821 0
      vertex 7.36985 25.7017 0
    endloop
  endfacet
  facet normal -0 0 -1
    outer loop
      vertex 9.9188 39.7821 0
      vertex 6.46839 25.9433 0
      vertex 8.52438 40.104 0
    endloop
  endfacet
  facet normal 0 0 -1
    outer loop
      vertex 5.55904 26.1532 0
      vertex 8.52438 40.104 0
      vertex 6.46839 25.9433 0
    endloop
  endfacet
  facet normal -0 0 -1
    outer loop
      vertex 8.52438 40.104 0
      vertex 5.55904 26.1532 0
      vertex 7.11957 40.3771 0
    endloop
  endfacet
  facet normal 0 0 -1
    outer loop
      vertex 4.64292 26.3313 0
      vertex 7.11957 40.3771 0
      vertex 5.55904 26.1532 0
    endloop
  endfacet
  facet normal -0 0 -1
    outer loop
      vertex 7.11957 40.3771 0
      vertex 4.64292 26.3313 0
      vertex 5.7061 40.601 0
    endloop
  endfacet
  facet normal 0 0 -1
    outer loop
      vertex 3.72114 26.4773 0
      vertex 5.7061 40.601 0
      vertex 4.64292 26.3313 0
    endloop
  endfacet
  facet normal -0 0 -1
    outer loop
      vertex 5.7061 40.601 0
      vertex 3.72114 26.4773 0
      vertex 4.28567 40.7754 0
    endloop
  endfacet
  facet normal 0 0 -1
    outer loop
      vertex 2.79483 26.591 0
      vertex 4.28567 40.7754 0
      vertex 3.72114 26.4773 0
    endloop
  endfacet
  facet normal -0 0 -1
    outer loop
      vertex 4.28567 40.7754 0
      vertex 2.79483 26.591 0
      vertex 2.86001 40.9001 0
    endloop
  endfacet
  facet normal 0 0 -1
    outer loop
      vertex 1.86511 26.6724 0
      vertex 2.86001 40.9001 0
      vertex 2.79483 26.591 0
    endloop
  endfacet
  facet normal 0 0 -1
    outer loop
      vertex 1.86511 26.6724 0
      vertex 1.43088 40.975 0
      vertex 2.86001 40.9001 0
    endloop
  endfacet
  facet normal 0 0 -1
    outer loop
      vertex 0.933125 26.7212 0
      vertex 1.43088 40.975 0
      vertex 1.86511 26.6724 0
    endloop
  endfacet
  facet normal 0 0 -1
    outer loop
      vertex 0 26.7375 0
      vertex 1.43088 40.975 0
      vertex 0.933125 26.7212 0
    endloop
  endfacet
  facet normal 0 0 -1
    outer loop
      vertex 0 26.7375 0
      vertex 0 41 0
      vertex 1.43088 40.975 0
    endloop
  endfacet
  facet normal 0 0 -1
    outer loop
      vertex -0.933125 26.7212 0
      vertex 0 41 0
      vertex 0 26.7375 0
    endloop
  endfacet
  facet normal 0 0 -1
    outer loop
      vertex -0.933125 26.7212 0
      vertex -1.43088 40.975 0
      vertex 0 41 0
    endloop
  endfacet
  facet normal 0 0 -1
    outer loop
      vertex -1.86511 26.6724 0
      vertex -1.43088 40.975 0
      vertex -0.933125 26.7212 0
    endloop
  endfacet
  facet normal 0 0 -1
    outer loop
      vertex -2.86001 40.9001 0
      vertex -1.86511 26.6724 0
      vertex -2.79483 26.591 0
    endloop
  endfacet
  facet normal 0 0 -1
    outer loop
      vertex -1.86511 26.6724 0
      vertex -2.86001 40.9001 0
      vertex -1.43088 40.975 0
    endloop
  endfacet
  facet normal 0 0 -1
    outer loop
      vertex -4.28567 40.7754 0
      vertex -2.79483 26.591 0
      vertex -3.72114 26.4773 0
    endloop
  endfacet
  facet normal 0 0 -1
    outer loop
      vertex -2.79483 26.591 0
      vertex -4.28567 40.7754 0
      vertex -2.86001 40.9001 0
    endloop
  endfacet
  facet normal 0 0 -1
    outer loop
      vertex -5.7061 40.601 0
      vertex -3.72114 26.4773 0
      vertex -4.64292 26.3313 0
    endloop
  endfacet
  facet normal 0 0 -1
    outer loop
      vertex -7.11957 40.3771 0
      vertex -4.64292 26.3313 0
      vertex -5.55904 26.1532 0
    endloop
  endfacet
  facet normal 0 0 -1
    outer loop
      vertex -3.72114 26.4773 0
      vertex -5.7061 40.601 0
      vertex -4.28567 40.7754 0
    endloop
  endfacet
  facet normal 0 0 -1
    outer loop
      vertex -8.52438 40.104 0
      vertex -5.55904 26.1532 0
      vertex -6.46839 25.9433 0
    endloop
  endfacet
  facet normal 0 0 -1
    outer loop
      vertex -4.64292 26.3313 0
      vertex -7.11957 40.3771 0
      vertex -5.7061 40.601 0
    endloop
  endfacet
  facet normal 0 0 -1
    outer loop
      vertex -9.9188 39.7821 0
      vertex -6.46839 25.9433 0
      vertex -7.36985 25.7017 0
    endloop
  endfacet
  facet normal 0 0 -1
    outer loop
      vertex -16.8534 31.7076 0
      vertex -7.36985 25.7017 0
      vertex -8.26234 25.4289 0
    endloop
  endfacet
  facet normal 0 0 -1
    outer loop
      vertex -5.55904 26.1532 0
      vertex -8.52438 40.104 0
      vertex -7.11957 40.3771 0
    endloop
  endfacet
  facet normal 0 0 -1
    outer loop
      vertex -16.8534 31.5123 0
      vertex -8.26234 25.4289 0
      vertex -9.14476 25.125 0
    endloop
  endfacet
  facet normal 0 0 -1
    outer loop
      vertex -6.46839 25.9433 0
      vertex -9.9188 39.7821 0
      vertex -8.52438 40.104 0
    endloop
  endfacet
  facet normal 0 0 -1
    outer loop
      vertex -16.8806 31.3189 0
      vertex -9.14476 25.125 0
      vertex -10.016 24.7906 0
    endloop
  endfacet
  facet normal 0 0 -1
    outer loop
      vertex -16.9519 31.0855 0
      vertex -10.016 24.7906 0
      vertex -10.8751 24.4259 0
    endloop
  endfacet
  facet normal 0 0 -1
    outer loop
      vertex -7.36985 25.7017 0
      vertex -11.3011 39.4117 0
      vertex -9.9188 39.7821 0
    endloop
  endfacet
  facet normal 0 0 -1
    outer loop
      vertex -17.0627 30.868 0
      vertex -10.8751 24.4259 0
      vertex -11.7209 24.0315 0
    endloop
  endfacet
  facet normal 0 0 -1
    outer loop
      vertex -17.2429 30.6374 0
      vertex -11.7209 24.0315 0
      vertex -12.5525 23.6078 0
    endloop
  endfacet
  facet normal 0 0 -1
    outer loop
      vertex -8.26234 25.4289 0
      vertex -16.8509 31.5611 0
      vertex -16.85 31.6099 0
    endloop
  endfacet
  facet normal 0 0 -1
    outer loop
      vertex -17.4271 30.4773 0
      vertex -12.5525 23.6078 0
      vertex -13.3687 23.1554 0
    endloop
  endfacet
  facet normal 0 0 -1
    outer loop
      vertex -8.26234 25.4289 0
      vertex -16.8534 31.5123 0
      vertex -16.8509 31.5611 0
    endloop
  endfacet
  facet normal 0 0 -1
    outer loop
      vertex -17.6806 30.331 0
      vertex -13.3687 23.1554 0
      vertex -14.1687 22.6747 0
    endloop
  endfacet
  facet normal 0 0 -1
    outer loop
      vertex -17.9113 30.2515 0
      vertex -14.1687 22.6747 0
      vertex -14.9514 22.1664 0
    endloop
  endfacet
  facet normal 0 0 -1
    outer loop
      vertex -9.14476 25.125 0
      vertex -16.8577 31.4636 0
      vertex -16.8534 31.5123 0
    endloop
  endfacet
  facet normal 0 0 -1
    outer loop
      vertex -18.1523 30.2133 0
      vertex -14.9514 22.1664 0
      vertex -15.7159 21.6311 0
    endloop
  endfacet
  facet normal 0 0 -1
    outer loop
      vertex -18.3963 30.2176 0
      vertex -15.7159 21.6311 0
      vertex -16.4612 21.0694 0
    endloop
  endfacet
  facet normal 0 0 -1
    outer loop
      vertex -8.26234 25.4289 0
      vertex -16.85 31.6099 0
      vertex -16.8509 31.6588 0
    endloop
  endfacet
  facet normal 0 0 -1
    outer loop
      vertex -11.3011 39.4117 0
      vertex -16.8577 31.7563 0
      vertex -12.6697 38.9933 0
    endloop
  endfacet
  facet normal 0 0 -1
    outer loop
      vertex -7.36985 25.7017 0
      vertex -16.8577 31.7563 0
      vertex -11.3011 39.4117 0
    endloop
  endfacet
  facet normal 0 0 -1
    outer loop
      vertex -7.36985 25.7017 0
      vertex -16.8534 31.7076 0
      vertex -16.8577 31.7563 0
    endloop
  endfacet
  facet normal 0 0 -1
    outer loop
      vertex -8.26234 25.4289 0
      vertex -16.8509 31.6588 0
      vertex -16.8534 31.7076 0
    endloop
  endfacet
  facet normal 0 0 -1
    outer loop
      vertex -9.14476 25.125 0
      vertex -16.8636 31.4151 0
      vertex -16.8577 31.4636 0
    endloop
  endfacet
  facet normal 0 0 -1
    outer loop
      vertex -9.14476 25.125 0
      vertex -16.8713 31.3668 0
      vertex -16.8636 31.4151 0
    endloop
  endfacet
  facet normal 0 0 -1
    outer loop
      vertex -9.14476 25.125 0
      vertex -16.8806 31.3189 0
      vertex -16.8713 31.3668 0
    endloop
  endfacet
  facet normal 0 0 -1
    outer loop
      vertex -10.016 24.7906 0
      vertex -16.8916 31.2712 0
      vertex -16.8806 31.3189 0
    endloop
  endfacet
  facet normal 0 0 -1
    outer loop
      vertex -10.016 24.7906 0
      vertex -16.9042 31.224 0
      vertex -16.8916 31.2712 0
    endloop
  endfacet
  facet normal 0 0 -1
    outer loop
      vertex -10.016 24.7906 0
      vertex -16.9185 31.1773 0
      vertex -16.9042 31.224 0
    endloop
  endfacet
  facet normal 0 0 -1
    outer loop
      vertex -10.016 24.7906 0
      vertex -16.9344 31.1311 0
      vertex -16.9185 31.1773 0
    endloop
  endfacet
  facet normal 0 0 -1
    outer loop
      vertex -10.016 24.7906 0
      vertex -16.9519 31.0855 0
      vertex -16.9344 31.1311 0
    endloop
  endfacet
  facet normal 0 0 -1
    outer loop
      vertex -10.8751 24.4259 0
      vertex -16.971 31.0405 0
      vertex -16.9519 31.0855 0
    endloop
  endfacet
  facet normal 0 0 -1
    outer loop
      vertex -10.8751 24.4259 0
      vertex -16.9917 30.9962 0
      vertex -16.971 31.0405 0
    endloop
  endfacet
  facet normal 0 0 -1
    outer loop
      vertex -10.8751 24.4259 0
      vertex -17.0139 30.9527 0
      vertex -16.9917 30.9962 0
    endloop
  endfacet
  facet normal 0 0 -1
    outer loop
      vertex -10.8751 24.4259 0
      vertex -17.0376 30.9099 0
      vertex -17.0139 30.9527 0
    endloop
  endfacet
  facet normal 0 0 -1
    outer loop
      vertex -10.8751 24.4259 0
      vertex -17.0627 30.868 0
      vertex -17.0376 30.9099 0
    endloop
  endfacet
  facet normal 0 0 -1
    outer loop
      vertex -11.7209 24.0315 0
      vertex -17.0893 30.8271 0
      vertex -17.0627 30.868 0
    endloop
  endfacet
  facet normal 0 0 -1
    outer loop
      vertex -11.7209 24.0315 0
      vertex -17.1174 30.787 0
      vertex -17.0893 30.8271 0
    endloop
  endfacet
  facet normal 0 0 -1
    outer loop
      vertex -11.7209 24.0315 0
      vertex -17.1468 30.748 0
      vertex -17.1174 30.787 0
    endloop
  endfacet
  facet normal 0 0 -1
    outer loop
      vertex -11.7209 24.0315 0
      vertex -17.1775 30.71 0
      vertex -17.1468 30.748 0
    endloop
  endfacet
  facet normal 0 0 -1
    outer loop
      vertex -18.6359 30.2642 0
      vertex -16.4612 21.0694 0
      vertex -17.1865 20.4821 0
    endloop
  endfacet
  facet normal 0 0 -1
    outer loop
      vertex -11.7209 24.0315 0
      vertex -17.2096 30.6731 0
      vertex -17.1775 30.71 0
    endloop
  endfacet
  facet normal 0 0 -1
    outer loop
      vertex -11.7209 24.0315 0
      vertex -17.2429 30.6374 0
      vertex -17.2096 30.6731 0
    endloop
  endfacet
  facet normal 0 0 -1
    outer loop
      vertex -12.5525 23.6078 0
      vertex -17.2775 30.6029 0
      vertex -17.2429 30.6374 0
    endloop
  endfacet
  facet normal 0 0 -1
    outer loop
      vertex -12.5525 23.6078 0
      vertex -17.3132 30.5695 0
      vertex -17.2775 30.6029 0
    endloop
  endfacet
  facet normal 0 0 -1
    outer loop
      vertex -12.5525 23.6078 0
      vertex -17.3501 30.5375 0
      vertex -17.3132 30.5695 0
    endloop
  endfacet
  facet normal 0 0 -1
    outer loop
      vertex -12.5525 23.6078 0
      vertex -17.3881 30.5067 0
      vertex -17.3501 30.5375 0
    endloop
  endfacet
  facet normal 0 0 -1
    outer loop
      vertex -12.5525 23.6078 0
      vertex -17.4271 30.4773 0
      vertex -17.3881 30.5067 0
    endloop
  endfacet
  facet normal 0 0 -1
    outer loop
      vertex -13.3687 23.1554 0
      vertex -17.4671 30.4493 0
      vertex -17.4271 30.4773 0
    endloop
  endfacet
  facet normal 0 0 -1
    outer loop
      vertex -13.3687 23.1554 0
      vertex -17.5081 30.4227 0
      vertex -17.4671 30.4493 0
    endloop
  endfacet
  facet normal 0 0 -1
    outer loop
      vertex -13.3687 23.1554 0
      vertex -17.55 30.3975 0
      vertex -17.5081 30.4227 0
    endloop
  endfacet
  facet normal 0 0 -1
    outer loop
      vertex -13.3687 23.1554 0
      vertex -17.5927 30.3738 0
      vertex -17.55 30.3975 0
    endloop
  endfacet
  facet normal 0 0 -1
    outer loop
      vertex -13.3687 23.1554 0
      vertex -17.6363 30.3516 0
      vertex -17.5927 30.3738 0
    endloop
  endfacet
  facet normal 0 0 -1
    outer loop
      vertex -13.3687 23.1554 0
      vertex -17.6806 30.331 0
      vertex -17.6363 30.3516 0
    endloop
  endfacet
  facet normal 0 0 -1
    outer loop
      vertex -14.1687 22.6747 0
      vertex -17.7256 30.3119 0
      vertex -17.6806 30.331 0
    endloop
  endfacet
  facet normal 0 0 -1
    outer loop
      vertex -14.1687 22.6747 0
      vertex -17.7712 30.2944 0
      vertex -17.7256 30.3119 0
    endloop
  endfacet
  facet normal 0 0 -1
    outer loop
      vertex -14.1687 22.6747 0
      vertex -17.8174 30.2784 0
      vertex -17.7712 30.2944 0
    endloop
  endfacet
  facet normal 0 0 -1
    outer loop
      vertex -14.1687 22.6747 0
      vertex -17.8641 30.2642 0
      vertex -17.8174 30.2784 0
    endloop
  endfacet
  facet normal 0 0 -1
    outer loop
      vertex -18.8637 30.3516 0
      vertex -17.1865 20.4821 0
      vertex -17.8909 19.8698 0
    endloop
  endfacet
  facet normal 0 0 -1
    outer loop
      vertex -14.1687 22.6747 0
      vertex -17.9113 30.2515 0
      vertex -17.8641 30.2642 0
    endloop
  endfacet
  facet normal 0 0 -1
    outer loop
      vertex -14.9514 22.1664 0
      vertex -17.9589 30.2405 0
      vertex -17.9113 30.2515 0
    endloop
  endfacet
  facet normal 0 0 -1
    outer loop
      vertex -14.9514 22.1664 0
      vertex -18.0069 30.2312 0
      vertex -17.9589 30.2405 0
    endloop
  endfacet
  facet normal 0 0 -1
    outer loop
      vertex -14.9514 22.1664 0
      vertex -18.0552 30.2236 0
      vertex -18.0069 30.2312 0
    endloop
  endfacet
  facet normal 0 0 -1
    outer loop
      vertex -14.9514 22.1664 0
      vertex -18.1037 30.2176 0
      vertex -18.0552 30.2236 0
    endloop
  endfacet
  facet normal 0 0 -1
    outer loop
      vertex -14.9514 22.1664 0
      vertex -18.1523 30.2133 0
      vertex -18.1037 30.2176 0
    endloop
  endfacet
  facet normal 0 0 -1
    outer loop
      vertex -15.7159 21.6311 0
      vertex -18.2011 30.2108 0
      vertex -18.1523 30.2133 0
    endloop
  endfacet
  facet normal 0 0 -1
    outer loop
      vertex -15.7159 21.6311 0
      vertex -18.25 30.2099 0
      vertex -18.2011 30.2108 0
    endloop
  endfacet
  facet normal 0 0 -1
    outer loop
      vertex -15.7159 21.6311 0
      vertex -18.2989 30.2108 0
      vertex -18.25 30.2099 0
    endloop
  endfacet
  facet normal 0 0 -1
    outer loop
      vertex -15.7159 21.6311 0
      vertex -18.3477 30.2133 0
      vertex -18.2989 30.2108 0
    endloop
  endfacet
  facet normal 0 0 -1
    outer loop
      vertex -15.7159 21.6311 0
      vertex -18.3963 30.2176 0
      vertex -18.3477 30.2133 0
    endloop
  endfacet
  facet normal 0 0 -1
    outer loop
      vertex -16.4612 21.0694 0
      vertex -18.4448 30.2236 0
      vertex -18.3963 30.2176 0
    endloop
  endfacet
  facet normal 0 0 -1
    outer loop
      vertex -16.4612 21.0694 0
      vertex -18.4931 30.2312 0
      vertex -18.4448 30.2236 0
    endloop
  endfacet
  facet normal 0 0 -1
    outer loop
      vertex -16.4612 21.0694 0
      vertex -18.5411 30.2405 0
      vertex -18.4931 30.2312 0
    endloop
  endfacet
  facet normal 0 0 -1
    outer loop
      vertex -19.0329 30.4493 0
      vertex -17.8909 19.8698 0
      vertex -18.5734 19.2333 0
    endloop
  endfacet
  facet normal 0 0 -1
    outer loop
      vertex -16.4612 21.0694 0
      vertex -18.5887 30.2515 0
      vertex -18.5411 30.2405 0
    endloop
  endfacet
  facet normal 0 0 -1
    outer loop
      vertex -16.4612 21.0694 0
      vertex -18.6359 30.2642 0
      vertex -18.5887 30.2515 0
    endloop
  endfacet
  facet normal 0 0 -1
    outer loop
      vertex -17.1865 20.4821 0
      vertex -18.6826 30.2784 0
      vertex -18.6359 30.2642 0
    endloop
  endfacet
  facet normal 0 0 -1
    outer loop
      vertex -17.1865 20.4821 0
      vertex -18.7288 30.2944 0
      vertex -18.6826 30.2784 0
    endloop
  endfacet
  facet normal 0 0 -1
    outer loop
      vertex -17.1865 20.4821 0
      vertex -18.7744 30.3119 0
      vertex -18.7288 30.2944 0
    endloop
  endfacet
  facet normal 0 0 -1
    outer loop
      vertex -17.1865 20.4821 0
      vertex -18.8194 30.331 0
      vertex -18.7744 30.3119 0
    endloop
  endfacet
  facet normal 0 0 -1
    outer loop
      vertex -17.1865 20.4821 0
      vertex -18.8637 30.3516 0
      vertex -18.8194 30.331 0
    endloop
  endfacet
  facet normal 0 0 -1
    outer loop
      vertex -17.8909 19.8698 0
      vertex -18.9073 30.3738 0
      vertex -18.8637 30.3516 0
    endloop
  endfacet
  facet normal 0 0 -1
    outer loop
      vertex -17.8909 19.8698 0
      vertex -18.95 30.3975 0
      vertex -18.9073 30.3738 0
    endloop
  endfacet
  facet normal 0 0 -1
    outer loop
      vertex -17.8909 19.8698 0
      vertex -18.9919 30.4227 0
      vertex -18.95 30.3975 0
    endloop
  endfacet
  facet normal 0 0 -1
    outer loop
      vertex -17.8909 19.8698 0
      vertex -19.0329 30.4493 0
      vertex -18.9919 30.4227 0
    endloop
  endfacet
  facet normal 0 0 -1
    outer loop
      vertex -18.5734 19.2333 0
      vertex -19.0729 30.4773 0
      vertex -19.0329 30.4493 0
    endloop
  endfacet
  facet normal 0 0 -1
    outer loop
      vertex -27.4344 30.4689 0
      vertex -19.0729 30.4773 0
      vertex -18.5734 19.2333 0
    endloop
  endfacet
  facet normal -0 0 -1
    outer loop
      vertex -19.0729 30.4773 0
      vertex -27.4344 30.4689 0
      vertex -19.1119 30.5067 0
    endloop
  endfacet
  facet normal -0 0 -1
    outer loop
      vertex -19.1119 30.5067 0
      vertex -27.4344 30.4689 0
      vertex -19.1499 30.5375 0
    endloop
  endfacet
  facet normal -0 0 -1
    outer loop
      vertex -19.1499 30.5375 0
      vertex -27.4344 30.4689 0
      vertex -19.1868 30.5695 0
    endloop
  endfacet
  facet normal 0 0 -1
    outer loop
      vertex -27.4344 30.4689 0
      vertex -18.5734 19.2333 0
      vertex -19.2333 18.5734 0
    endloop
  endfacet
  facet normal -0 0 -1
    outer loop
      vertex -19.1868 30.5695 0
      vertex -27.4344 30.4689 0
      vertex -19.2225 30.6029 0
    endloop
  endfacet
  facet normal -0 0 -1
    outer loop
      vertex -19.2225 30.6029 0
      vertex -27.4344 30.4689 0
      vertex -19.2571 30.6374 0
    endloop
  endfacet
  facet normal 0 -0 -1
    outer loop
      vertex -26.3543 31.4078 0
      vertex -19.2571 30.6374 0
      vertex -27.4344 30.4689 0
    endloop
  endfacet
  facet normal 0 0 -1
    outer loop
      vertex -19.2571 30.6374 0
      vertex -26.3543 31.4078 0
      vertex -19.2904 30.6731 0
    endloop
  endfacet
  facet normal 0 0 -1
    outer loop
      vertex -19.2904 30.6731 0
      vertex -26.3543 31.4078 0
      vertex -19.3225 30.71 0
    endloop
  endfacet
  facet normal 0 0 -1
    outer loop
      vertex -19.3225 30.71 0
      vertex -26.3543 31.4078 0
      vertex -19.3532 30.748 0
    endloop
  endfacet
  facet normal 0 0 -1
    outer loop
      vertex -19.3532 30.748 0
      vertex -26.3543 31.4078 0
      vertex -19.3826 30.787 0
    endloop
  endfacet
  facet normal 0 0 -1
    outer loop
      vertex -19.3826 30.787 0
      vertex -26.3543 31.4078 0
      vertex -19.4107 30.8271 0
    endloop
  endfacet
  facet normal 0 0 -1
    outer loop
      vertex -19.4107 30.8271 0
      vertex -26.3543 31.4078 0
      vertex -19.4373 30.868 0
    endloop
  endfacet
  facet normal 0 -0 -1
    outer loop
      vertex -25.2421 32.3084 0
      vertex -19.4373 30.868 0
      vertex -26.3543 31.4078 0
    endloop
  endfacet
  facet normal 0 0 -1
    outer loop
      vertex -19.4373 30.868 0
      vertex -25.2421 32.3084 0
      vertex -19.4624 30.9099 0
    endloop
  endfacet
  facet normal 0 0 -1
    outer loop
      vertex -19.4624 30.9099 0
      vertex -25.2421 32.3084 0
      vertex -19.4861 30.9527 0
    endloop
  endfacet
  facet normal 0 0 -1
    outer loop
      vertex -19.4861 30.9527 0
      vertex -25.2421 32.3084 0
      vertex -19.5083 30.9962 0
    endloop
  endfacet
  facet normal 0 0 -1
    outer loop
      vertex -19.5083 30.9962 0
      vertex -25.2421 32.3084 0
      vertex -19.529 31.0405 0
    endloop
  endfacet
  facet normal 0 0 -1
    outer loop
      vertex -19.529 31.0405 0
      vertex -25.2421 32.3084 0
      vertex -19.5481 31.0855 0
    endloop
  endfacet
  facet normal 0 0 -1
    outer loop
      vertex -19.5481 31.0855 0
      vertex -25.2421 32.3084 0
      vertex -19.5656 31.1311 0
    endloop
  endfacet
  facet normal 0 0 -1
    outer loop
      vertex -19.5656 31.1311 0
      vertex -25.2421 32.3084 0
      vertex -19.5815 31.1773 0
    endloop
  endfacet
  facet normal 0 -0 -1
    outer loop
      vertex -24.0992 33.1697 0
      vertex -19.5815 31.1773 0
      vertex -25.2421 32.3084 0
    endloop
  endfacet
  facet normal 0 0 -1
    outer loop
      vertex -19.5815 31.1773 0
      vertex -24.0992 33.1697 0
      vertex -19.5958 31.224 0
    endloop
  endfacet
  facet normal 0 0 -1
    outer loop
      vertex -19.5958 31.224 0
      vertex -24.0992 33.1697 0
      vertex -19.6084 31.2712 0
    endloop
  endfacet
  facet normal 0 0 -1
    outer loop
      vertex -19.6084 31.2712 0
      vertex -24.0992 33.1697 0
      vertex -19.6194 31.3189 0
    endloop
  endfacet
  facet normal 0 0 -1
    outer loop
      vertex -19.6194 31.3189 0
      vertex -24.0992 33.1697 0
      vertex -19.6287 31.3668 0
    endloop
  endfacet
  facet normal 0 0 -1
    outer loop
      vertex -19.6287 31.3668 0
      vertex -24.0992 33.1697 0
      vertex -19.6364 31.4151 0
    endloop
  endfacet
  facet normal 0 0 -1
    outer loop
      vertex -27.4344 30.4689 0
      vertex -19.2333 18.5734 0
      vertex -19.8698 17.8909 0
    endloop
  endfacet
  facet normal 0 0 -1
    outer loop
      vertex -16.8636 31.8048 0
      vertex -12.6697 38.9933 0
      vertex -16.8577 31.7563 0
    endloop
  endfacet
  facet normal 0 0 -1
    outer loop
      vertex -16.8713 31.853 0
      vertex -12.6697 38.9933 0
      vertex -16.8636 31.8048 0
    endloop
  endfacet
  facet normal 0 0 -1
    outer loop
      vertex -16.8806 31.901 0
      vertex -12.6697 38.9933 0
      vertex -16.8713 31.853 0
    endloop
  endfacet
  facet normal 0 0 -1
    outer loop
      vertex -16.8916 31.9486 0
      vertex -12.6697 38.9933 0
      vertex -16.8806 31.901 0
    endloop
  endfacet
  facet normal 0 0 -1
    outer loop
      vertex -16.9042 31.9958 0
      vertex -12.6697 38.9933 0
      vertex -16.8916 31.9486 0
    endloop
  endfacet
  facet normal 0 0 -1
    outer loop
      vertex -12.6697 38.9933 0
      vertex -16.9042 31.9958 0
      vertex -14.0228 38.5274 0
    endloop
  endfacet
  facet normal 0 0 -1
    outer loop
      vertex -16.9185 32.0425 0
      vertex -14.0228 38.5274 0
      vertex -16.9042 31.9958 0
    endloop
  endfacet
  facet normal 0 0 -1
    outer loop
      vertex -16.9344 32.0888 0
      vertex -14.0228 38.5274 0
      vertex -16.9185 32.0425 0
    endloop
  endfacet
  facet normal 0 0 -1
    outer loop
      vertex -16.9519 32.1344 0
      vertex -14.0228 38.5274 0
      vertex -16.9344 32.0888 0
    endloop
  endfacet
  facet normal 0 0 -1
    outer loop
      vertex -16.971 32.1794 0
      vertex -14.0228 38.5274 0
      vertex -16.9519 32.1344 0
    endloop
  endfacet
  facet normal 0 0 -1
    outer loop
      vertex -16.9917 32.2236 0
      vertex -14.0228 38.5274 0
      vertex -16.971 32.1794 0
    endloop
  endfacet
  facet normal 0 0 -1
    outer loop
      vertex -17.0139 32.2672 0
      vertex -14.0228 38.5274 0
      vertex -16.9917 32.2236 0
    endloop
  endfacet
  facet normal 0 0 -1
    outer loop
      vertex -14.0228 38.5274 0
      vertex -17.0139 32.2672 0
      vertex -15.3589 38.0145 0
    endloop
  endfacet
  facet normal 0 0 -1
    outer loop
      vertex -17.0376 32.3099 0
      vertex -15.3589 38.0145 0
      vertex -17.0139 32.2672 0
    endloop
  endfacet
  facet normal 0 0 -1
    outer loop
      vertex -17.0627 32.3518 0
      vertex -15.3589 38.0145 0
      vertex -17.0376 32.3099 0
    endloop
  endfacet
  facet normal 0 0 -1
    outer loop
      vertex -17.0893 32.3928 0
      vertex -15.3589 38.0145 0
      vertex -17.0627 32.3518 0
    endloop
  endfacet
  facet normal 0 0 -1
    outer loop
      vertex -17.1174 32.4328 0
      vertex -15.3589 38.0145 0
      vertex -17.0893 32.3928 0
    endloop
  endfacet
  facet normal 0 0 -1
    outer loop
      vertex -17.1468 32.4719 0
      vertex -15.3589 38.0145 0
      vertex -17.1174 32.4328 0
    endloop
  endfacet
  facet normal 0 0 -1
    outer loop
      vertex -17.1775 32.5098 0
      vertex -15.3589 38.0145 0
      vertex -17.1468 32.4719 0
    endloop
  endfacet
  facet normal 0 0 -1
    outer loop
      vertex -17.2096 32.5467 0
      vertex -15.3589 38.0145 0
      vertex -17.1775 32.5098 0
    endloop
  endfacet
  facet normal 0 0 -1
    outer loop
      vertex -15.3589 38.0145 0
      vertex -17.2096 32.5467 0
      vertex -16.6762 37.4554 0
    endloop
  endfacet
  facet normal 0 0 -1
    outer loop
      vertex -17.2429 32.5824 0
      vertex -16.6762 37.4554 0
      vertex -17.2096 32.5467 0
    endloop
  endfacet
  facet normal 0 0 -1
    outer loop
      vertex -17.2775 32.617 0
      vertex -16.6762 37.4554 0
      vertex -17.2429 32.5824 0
    endloop
  endfacet
  facet normal 0 0 -1
    outer loop
      vertex -17.3132 32.6503 0
      vertex -16.6762 37.4554 0
      vertex -17.2775 32.617 0
    endloop
  endfacet
  facet normal 0 0 -1
    outer loop
      vertex -17.3501 32.6824 0
      vertex -16.6762 37.4554 0
      vertex -17.3132 32.6503 0
    endloop
  endfacet
  facet normal 0 0 -1
    outer loop
      vertex -17.3881 32.7131 0
      vertex -16.6762 37.4554 0
      vertex -17.3501 32.6824 0
    endloop
  endfacet
  facet normal 0 0 -1
    outer loop
      vertex -17.4271 32.7425 0
      vertex -16.6762 37.4554 0
      vertex -17.3881 32.7131 0
    endloop
  endfacet
  facet normal 0 0 -1
    outer loop
      vertex -17.4671 32.7706 0
      vertex -16.6762 37.4554 0
      vertex -17.4271 32.7425 0
    endloop
  endfacet
  facet normal 0 0 -1
    outer loop
      vertex -17.5081 32.7972 0
      vertex -16.6762 37.4554 0
      vertex -17.4671 32.7706 0
    endloop
  endfacet
  facet normal 0 0 -1
    outer loop
      vertex -17.55 32.8224 0
      vertex -16.6762 37.4554 0
      vertex -17.5081 32.7972 0
    endloop
  endfacet
  facet normal 0 0 -1
    outer loop
      vertex -17.9732 36.8506 0
      vertex -17.55 32.8224 0
      vertex -17.5927 32.8461 0
    endloop
  endfacet
  facet normal 0 0 -1
    outer loop
      vertex -17.9732 36.8506 0
      vertex -17.5927 32.8461 0
      vertex -17.6363 32.8682 0
    endloop
  endfacet
  facet normal 0 0 -1
    outer loop
      vertex -17.9732 36.8506 0
      vertex -17.6363 32.8682 0
      vertex -17.6806 32.8889 0
    endloop
  endfacet
  facet normal 0 0 -1
    outer loop
      vertex -17.9732 36.8506 0
      vertex -17.6806 32.8889 0
      vertex -17.7256 32.908 0
    endloop
  endfacet
  facet normal 0 0 -1
    outer loop
      vertex -17.9732 36.8506 0
      vertex -17.7256 32.908 0
      vertex -17.7712 32.9255 0
    endloop
  endfacet
  facet normal 0 0 -1
    outer loop
      vertex -17.9732 36.8506 0
      vertex -17.7712 32.9255 0
      vertex -17.8174 32.9414 0
    endloop
  endfacet
  facet normal 0 0 -1
    outer loop
      vertex -17.9732 36.8506 0
      vertex -17.8174 32.9414 0
      vertex -17.8641 32.9557 0
    endloop
  endfacet
  facet normal 0 0 -1
    outer loop
      vertex -17.9732 36.8506 0
      vertex -17.8641 32.9557 0
      vertex -17.9113 32.9683 0
    endloop
  endfacet
  facet normal 0 0 -1
    outer loop
      vertex -17.9732 36.8506 0
      vertex -17.9113 32.9683 0
      vertex -17.9589 32.9793 0
    endloop
  endfacet
  facet normal 0 0 -1
    outer loop
      vertex -17.55 32.8224 0
      vertex -17.9732 36.8506 0
      vertex -16.6762 37.4554 0
    endloop
  endfacet
  facet normal 0 0 -1
    outer loop
      vertex -18.0069 32.9887 0
      vertex -17.9732 36.8506 0
      vertex -17.9589 32.9793 0
    endloop
  endfacet
  facet normal 0 0 -1
    outer loop
      vertex -18.0552 32.9963 0
      vertex -17.9732 36.8506 0
      vertex -18.0069 32.9887 0
    endloop
  endfacet
  facet normal 0 0 -1
    outer loop
      vertex -19.2483 36.2009 0
      vertex -18.0552 32.9963 0
      vertex -18.1037 33.0023 0
    endloop
  endfacet
  facet normal 0 0 -1
    outer loop
      vertex -19.2483 36.2009 0
      vertex -18.1037 33.0023 0
      vertex -18.1523 33.0065 0
    endloop
  endfacet
  facet normal 0 0 -1
    outer loop
      vertex -19.2483 36.2009 0
      vertex -18.1523 33.0065 0
      vertex -18.2011 33.0091 0
    endloop
  endfacet
  facet normal 0 0 -1
    outer loop
      vertex -19.2483 36.2009 0
      vertex -18.2011 33.0091 0
      vertex -18.25 33.0099 0
    endloop
  endfacet
  facet normal 0 0 -1
    outer loop
      vertex -19.2483 36.2009 0
      vertex -18.25 33.0099 0
      vertex -18.2989 33.0091 0
    endloop
  endfacet
  facet normal 0 0 -1
    outer loop
      vertex -19.2483 36.2009 0
      vertex -18.2989 33.0091 0
      vertex -18.3477 33.0065 0
    endloop
  endfacet
  facet normal 0 0 -1
    outer loop
      vertex -19.2483 36.2009 0
      vertex -18.3477 33.0065 0
      vertex -18.3963 33.0023 0
    endloop
  endfacet
  facet normal 0 0 -1
    outer loop
      vertex -19.2483 36.2009 0
      vertex -18.3963 33.0023 0
      vertex -18.4448 32.9963 0
    endloop
  endfacet
  facet normal 0 0 -1
    outer loop
      vertex -19.2483 36.2009 0
      vertex -18.4448 32.9963 0
      vertex -18.4931 32.9887 0
    endloop
  endfacet
  facet normal 0 0 -1
    outer loop
      vertex -19.2483 36.2009 0
      vertex -18.4931 32.9887 0
      vertex -18.5411 32.9793 0
    endloop
  endfacet
  facet normal 0 0 -1
    outer loop
      vertex -19.2483 36.2009 0
      vertex -18.5411 32.9793 0
      vertex -18.5887 32.9683 0
    endloop
  endfacet
  facet normal 0 0 -1
    outer loop
      vertex -19.2483 36.2009 0
      vertex -18.5887 32.9683 0
      vertex -18.6359 32.9557 0
    endloop
  endfacet
  facet normal 0 0 -1
    outer loop
      vertex -19.2483 36.2009 0
      vertex -18.6359 32.9557 0
      vertex -18.6826 32.9414 0
    endloop
  endfacet
  facet normal 0 0 -1
    outer loop
      vertex -20.5 35.507 0
      vertex -18.6826 32.9414 0
      vertex -18.7288 32.9255 0
    endloop
  endfacet
  facet normal 0 0 -1
    outer loop
      vertex -20.5 35.507 0
      vertex -18.7288 32.9255 0
      vertex -18.7744 32.908 0
    endloop
  endfacet
  facet normal 0 0 -1
    outer loop
      vertex -20.5 35.507 0
      vertex -18.7744 32.908 0
      vertex -18.8194 32.8889 0
    endloop
  endfacet
  facet normal 0 0 -1
    outer loop
      vertex -20.5 35.507 0
      vertex -18.8194 32.8889 0
      vertex -18.8637 32.8682 0
    endloop
  endfacet
  facet normal 0 0 -1
    outer loop
      vertex -20.5 35.507 0
      vertex -18.8637 32.8682 0
      vertex -18.9073 32.8461 0
    endloop
  endfacet
  facet normal 0 0 -1
    outer loop
      vertex -20.5 35.507 0
      vertex -18.9073 32.8461 0
      vertex -18.95 32.8224 0
    endloop
  endfacet
  facet normal 0 0 -1
    outer loop
      vertex -20.5 35.507 0
      vertex -18.95 32.8224 0
      vertex -18.9919 32.7972 0
    endloop
  endfacet
  facet normal 0 0 -1
    outer loop
      vertex -20.5 35.507 0
      vertex -18.9919 32.7972 0
      vertex -19.0329 32.7706 0
    endloop
  endfacet
  facet normal 0 0 -1
    outer loop
      vertex -20.5 35.507 0
      vertex -19.0329 32.7706 0
      vertex -19.0729 32.7425 0
    endloop
  endfacet
  facet normal 0 0 -1
    outer loop
      vertex -20.5 35.507 0
      vertex -19.0729 32.7425 0
      vertex -19.1119 32.7131 0
    endloop
  endfacet
  facet normal 0 0 -1
    outer loop
      vertex -20.5 35.507 0
      vertex -19.1119 32.7131 0
      vertex -19.1499 32.6824 0
    endloop
  endfacet
  facet normal 0 0 -1
    outer loop
      vertex -20.5 35.507 0
      vertex -19.1499 32.6824 0
      vertex -19.1868 32.6503 0
    endloop
  endfacet
  facet normal 0 0 -1
    outer loop
      vertex -20.5 35.507 0
      vertex -19.1868 32.6503 0
      vertex -19.2225 32.617 0
    endloop
  endfacet
  facet normal 0 0 -1
    outer loop
      vertex -18.0552 32.9963 0
      vertex -19.2483 36.2009 0
      vertex -17.9732 36.8506 0
    endloop
  endfacet
  facet normal 0 0 -1
    outer loop
      vertex -21.7267 34.77 0
      vertex -19.2225 32.617 0
      vertex -19.2571 32.5824 0
    endloop
  endfacet
  facet normal 0 0 -1
    outer loop
      vertex -21.7267 34.77 0
      vertex -19.2571 32.5824 0
      vertex -19.2904 32.5467 0
    endloop
  endfacet
  facet normal 0 0 -1
    outer loop
      vertex -21.7267 34.77 0
      vertex -19.2904 32.5467 0
      vertex -19.3225 32.5098 0
    endloop
  endfacet
  facet normal 0 0 -1
    outer loop
      vertex -21.7267 34.77 0
      vertex -19.3225 32.5098 0
      vertex -19.3532 32.4719 0
    endloop
  endfacet
  facet normal 0 0 -1
    outer loop
      vertex -21.7267 34.77 0
      vertex -19.3532 32.4719 0
      vertex -19.3826 32.4328 0
    endloop
  endfacet
  facet normal 0 0 -1
    outer loop
      vertex -21.7267 34.77 0
      vertex -19.3826 32.4328 0
      vertex -19.4107 32.3928 0
    endloop
  endfacet
  facet normal 0 0 -1
    outer loop
      vertex -21.7267 34.77 0
      vertex -19.4107 32.3928 0
      vertex -19.4373 32.3518 0
    endloop
  endfacet
  facet normal 0 0 -1
    outer loop
      vertex -21.7267 34.77 0
      vertex -19.4373 32.3518 0
      vertex -19.4624 32.3099 0
    endloop
  endfacet
  facet normal 0 0 -1
    outer loop
      vertex -21.7267 34.77 0
      vertex -19.4624 32.3099 0
      vertex -19.4861 32.2672 0
    endloop
  endfacet
  facet normal 0 0 -1
    outer loop
      vertex -21.7267 34.77 0
      vertex -19.4861 32.2672 0
      vertex -19.5083 32.2236 0
    endloop
  endfacet
  facet normal 0 0 -1
    outer loop
      vertex -21.7267 34.77 0
      vertex -19.5083 32.2236 0
      vertex -19.529 32.1794 0
    endloop
  endfacet
  facet normal 0 0 -1
    outer loop
      vertex -21.7267 34.77 0
      vertex -19.529 32.1794 0
      vertex -19.5481 32.1344 0
    endloop
  endfacet
  facet normal 0 0 -1
    outer loop
      vertex -22.9269 33.9905 0
      vertex -19.5481 32.1344 0
      vertex -19.5656 32.0888 0
    endloop
  endfacet
  facet normal 0 0 -1
    outer loop
      vertex -22.9269 33.9905 0
      vertex -19.5656 32.0888 0
      vertex -19.5815 32.0425 0
    endloop
  endfacet
  facet normal 0 0 -1
    outer loop
      vertex -22.9269 33.9905 0
      vertex -19.5815 32.0425 0
      vertex -19.5958 31.9958 0
    endloop
  endfacet
  facet normal 0 0 -1
    outer loop
      vertex -22.9269 33.9905 0
      vertex -19.5958 31.9958 0
      vertex -19.6084 31.9486 0
    endloop
  endfacet
  facet normal 0 0 -1
    outer loop
      vertex -22.9269 33.9905 0
      vertex -19.6084 31.9486 0
      vertex -19.6194 31.901 0
    endloop
  endfacet
  facet normal 0 0 -1
    outer loop
      vertex -22.9269 33.9905 0
      vertex -19.6194 31.901 0
      vertex -19.6287 31.853 0
    endloop
  endfacet
  facet normal 0 0 -1
    outer loop
      vertex -22.9269 33.9905 0
      vertex -19.6287 31.853 0
      vertex -19.6364 31.8048 0
    endloop
  endfacet
  facet normal 0 0 -1
    outer loop
      vertex -22.9269 33.9905 0
      vertex -19.6364 31.8048 0
      vertex -19.6423 31.7563 0
    endloop
  endfacet
  facet normal 0 0 -1
    outer loop
      vertex -30.4689 27.4344 0
      vertex -19.8698 17.8909 0
      vertex -20.4821 17.1865 0
    endloop
  endfacet
  facet normal 0 0 -1
    outer loop
      vertex -19.6364 31.4151 0
      vertex -24.0992 33.1697 0
      vertex -19.6423 31.4636 0
    endloop
  endfacet
  facet normal 0 0 -1
    outer loop
      vertex -19.6423 31.4636 0
      vertex -24.0992 33.1697 0
      vertex -19.6466 31.5123 0
    endloop
  endfacet
  facet normal 0 0 -1
    outer loop
      vertex -18.6826 32.9414 0
      vertex -20.5 35.507 0
      vertex -19.2483 36.2009 0
    endloop
  endfacet
  facet normal 0 0 -1
    outer loop
      vertex -22.9269 33.9905 0
      vertex -19.6423 31.7563 0
      vertex -19.6466 31.7076 0
    endloop
  endfacet
  facet normal 0 0 -1
    outer loop
      vertex -19.6466 31.5123 0
      vertex -24.0992 33.1697 0
      vertex -19.6491 31.5611 0
    endloop
  endfacet
  facet normal 0 0 -1
    outer loop
      vertex -31.4078 26.3543 0
      vertex -20.4821 17.1865 0
      vertex -21.0694 16.4612 0
    endloop
  endfacet
  facet normal 0 0 -1
    outer loop
      vertex -32.3084 25.2421 0
      vertex -21.0694 16.4612 0
      vertex -21.6311 15.7159 0
    endloop
  endfacet
  facet normal 0 0 -1
    outer loop
      vertex -19.2225 32.617 0
      vertex -21.7267 34.77 0
      vertex -20.5 35.507 0
    endloop
  endfacet
  facet normal 0 0 -1
    outer loop
      vertex -33.1697 24.0992 0
      vertex -21.6311 15.7159 0
      vertex -22.1664 14.9514 0
    endloop
  endfacet
  facet normal 0 0 -1
    outer loop
      vertex -33.9905 22.9269 0
      vertex -22.1664 14.9514 0
      vertex -22.6747 14.1687 0
    endloop
  endfacet
  facet normal 0 0 -1
    outer loop
      vertex -19.5481 32.1344 0
      vertex -22.9269 33.9905 0
      vertex -21.7267 34.77 0
    endloop
  endfacet
  facet normal 0 0 -1
    outer loop
      vertex -34.77 21.7267 0
      vertex -22.6747 14.1687 0
      vertex -23.1554 13.3687 0
    endloop
  endfacet
  facet normal 0 0 -1
    outer loop
      vertex -35.507 20.5 0
      vertex -23.1554 13.3687 0
      vertex -23.6078 12.5525 0
    endloop
  endfacet
  facet normal 0 0 -1
    outer loop
      vertex -36.2009 19.2483 0
      vertex -23.6078 12.5525 0
      vertex -24.0315 11.7209 0
    endloop
  endfacet
  facet normal 0 0 -1
    outer loop
      vertex -19.6491 31.6588 0
      vertex -22.9269 33.9905 0
      vertex -19.6466 31.7076 0
    endloop
  endfacet
  facet normal 0 0 -1
    outer loop
      vertex -36.8506 17.9732 0
      vertex -24.0315 11.7209 0
      vertex -24.4259 10.8751 0
    endloop
  endfacet
  facet normal 0 0 -1
    outer loop
      vertex -37.4554 16.6762 0
      vertex -24.4259 10.8751 0
      vertex -24.7906 10.016 0
    endloop
  endfacet
  facet normal 0 0 -1
    outer loop
      vertex -38.0145 15.3589 0
      vertex -24.7906 10.016 0
      vertex -25.125 9.14476 0
    endloop
  endfacet
  facet normal 0 0 -1
    outer loop
      vertex -19.65 31.6099 0
      vertex -22.9269 33.9905 0
      vertex -19.6491 31.6588 0
    endloop
  endfacet
  facet normal 0 0 -1
    outer loop
      vertex -38.5274 14.0228 0
      vertex -25.125 9.14476 0
      vertex -25.4289 8.26234 0
    endloop
  endfacet
  facet normal 0 0 -1
    outer loop
      vertex -38.9933 12.6697 0
      vertex -25.4289 8.26234 0
      vertex -25.7017 7.36985 0
    endloop
  endfacet
  facet normal 0 0 -1
    outer loop
      vertex -39.4117 11.3011 0
      vertex -25.7017 7.36985 0
      vertex -25.9433 6.46839 0
    endloop
  endfacet
  facet normal 0 0 -1
    outer loop
      vertex -39.7821 9.9188 0
      vertex -25.9433 6.46839 0
      vertex -26.1532 5.55904 0
    endloop
  endfacet
  facet normal 0 0 -1
    outer loop
      vertex -40.104 8.52438 0
      vertex -26.1532 5.55904 0
      vertex -26.3313 4.64292 0
    endloop
  endfacet
  facet normal 0 -0 -1
    outer loop
      vertex -22.9269 33.9905 0
      vertex -19.65 31.6099 0
      vertex -24.0992 33.1697 0
    endloop
  endfacet
  facet normal 0 0 -1
    outer loop
      vertex -40.3771 7.11957 0
      vertex -26.3313 4.64292 0
      vertex -26.4773 3.72114 0
    endloop
  endfacet
  facet normal 0 0 -1
    outer loop
      vertex -40.601 5.7061 0
      vertex -26.4773 3.72114 0
      vertex -26.591 2.79483 0
    endloop
  endfacet
  facet normal 0 0 -1
    outer loop
      vertex -40.7754 4.28567 0
      vertex -26.591 2.79483 0
      vertex -26.6724 1.86511 0
    endloop
  endfacet
  facet normal 0 0 -1
    outer loop
      vertex -40.9001 2.86001 0
      vertex -26.6724 1.86511 0
      vertex -26.7212 0.933125 0
    endloop
  endfacet
  facet normal 0 0 -1
    outer loop
      vertex -40.975 1.43088 0
      vertex -26.7212 0.933125 0
      vertex -26.7375 0 0
    endloop
  endfacet
  facet normal -0 0 -1
    outer loop
      vertex -24.4259 -10.8751 0
      vertex -37.4554 -16.6762 0
      vertex -24.7906 -10.016 0
    endloop
  endfacet
  facet normal 0 0 -1
    outer loop
      vertex -19.6491 31.5611 0
      vertex -24.0992 33.1697 0
      vertex -19.65 31.6099 0
    endloop
  endfacet
  facet normal 0 0 -1
    outer loop
      vertex -38.0145 -15.3589 0
      vertex -24.7906 -10.016 0
      vertex -37.4554 -16.6762 0
    endloop
  endfacet
  facet normal 0 0 -1
    outer loop
      vertex -19.8698 17.8909 0
      vertex -28.481 29.4929 0
      vertex -27.4344 30.4689 0
    endloop
  endfacet
  facet normal -0 0 -1
    outer loop
      vertex -24.7906 -10.016 0
      vertex -38.0145 -15.3589 0
      vertex -25.125 -9.14476 0
    endloop
  endfacet
  facet normal 0 0 -1
    outer loop
      vertex -19.8698 17.8909 0
      vertex -29.4929 28.481 0
      vertex -28.481 29.4929 0
    endloop
  endfacet
  facet normal 0 0 -1
    outer loop
      vertex -38.5274 -14.0228 0
      vertex -25.125 -9.14476 0
      vertex -38.0145 -15.3589 0
    endloop
  endfacet
  facet normal 0 0 -1
    outer loop
      vertex -19.8698 17.8909 0
      vertex -30.4689 27.4344 0
      vertex -29.4929 28.481 0
    endloop
  endfacet
  facet normal -0 0 -1
    outer loop
      vertex -25.125 -9.14476 0
      vertex -38.5274 -14.0228 0
      vertex -25.4289 -8.26234 0
    endloop
  endfacet
  facet normal 0 0 -1
    outer loop
      vertex -20.4821 17.1865 0
      vertex -31.4078 26.3543 0
      vertex -30.4689 27.4344 0
    endloop
  endfacet
  facet normal 0 0 -1
    outer loop
      vertex -38.9933 -12.6697 0
      vertex -25.4289 -8.26234 0
      vertex -38.5274 -14.0228 0
    endloop
  endfacet
  facet normal 0 0 -1
    outer loop
      vertex -21.0694 16.4612 0
      vertex -32.3084 25.2421 0
      vertex -31.4078 26.3543 0
    endloop
  endfacet
  facet normal -0 0 -1
    outer loop
      vertex -25.4289 -8.26234 0
      vertex -38.9933 -12.6697 0
      vertex -25.7017 -7.36985 0
    endloop
  endfacet
  facet normal 0 0 -1
    outer loop
      vertex -21.6311 15.7159 0
      vertex -33.1697 24.0992 0
      vertex -32.3084 25.2421 0
    endloop
  endfacet
  facet normal 0 0 -1
    outer loop
      vertex -39.4117 -11.3011 0
      vertex -25.7017 -7.36985 0
      vertex -38.9933 -12.6697 0
    endloop
  endfacet
  facet normal 0 0 -1
    outer loop
      vertex -22.1664 14.9514 0
      vertex -33.9905 22.9269 0
      vertex -33.1697 24.0992 0
    endloop
  endfacet
  facet normal -0 0 -1
    outer loop
      vertex -25.7017 -7.36985 0
      vertex -39.4117 -11.3011 0
      vertex -25.9433 -6.46839 0
    endloop
  endfacet
  facet normal 0 0 -1
    outer loop
      vertex -22.6747 14.1687 0
      vertex -34.77 21.7267 0
      vertex -33.9905 22.9269 0
    endloop
  endfacet
  facet normal 0 0 -1
    outer loop
      vertex -39.7821 -9.9188 0
      vertex -25.9433 -6.46839 0
      vertex -39.4117 -11.3011 0
    endloop
  endfacet
  facet normal 0 0 -1
    outer loop
      vertex -23.1554 13.3687 0
      vertex -35.507 20.5 0
      vertex -34.77 21.7267 0
    endloop
  endfacet
  facet normal -0 0 -1
    outer loop
      vertex -25.9433 -6.46839 0
      vertex -39.7821 -9.9188 0
      vertex -26.1532 -5.55904 0
    endloop
  endfacet
  facet normal 0 0 -1
    outer loop
      vertex -23.6078 12.5525 0
      vertex -36.2009 19.2483 0
      vertex -35.507 20.5 0
    endloop
  endfacet
  facet normal 0 0 -1
    outer loop
      vertex -40.104 -8.52438 0
      vertex -26.1532 -5.55904 0
      vertex -39.7821 -9.9188 0
    endloop
  endfacet
  facet normal 0 0 -1
    outer loop
      vertex -24.0315 11.7209 0
      vertex -36.8506 17.9732 0
      vertex -36.2009 19.2483 0
    endloop
  endfacet
  facet normal -0 0 -1
    outer loop
      vertex -26.1532 -5.55904 0
      vertex -40.104 -8.52438 0
      vertex -26.3313 -4.64292 0
    endloop
  endfacet
  facet normal 0 0 -1
    outer loop
      vertex -24.4259 10.8751 0
      vertex -37.4554 16.6762 0
      vertex -36.8506 17.9732 0
    endloop
  endfacet
  facet normal 0 0 -1
    outer loop
      vertex -40.3771 -7.11957 0
      vertex -26.3313 -4.64292 0
      vertex -40.104 -8.52438 0
    endloop
  endfacet
  facet normal 0 0 -1
    outer loop
      vertex -24.7906 10.016 0
      vertex -38.0145 15.3589 0
      vertex -37.4554 16.6762 0
    endloop
  endfacet
  facet normal -0 0 -1
    outer loop
      vertex -26.3313 -4.64292 0
      vertex -40.3771 -7.11957 0
      vertex -26.4773 -3.72114 0
    endloop
  endfacet
  facet normal 0 0 -1
    outer loop
      vertex -25.125 9.14476 0
      vertex -38.5274 14.0228 0
      vertex -38.0145 15.3589 0
    endloop
  endfacet
  facet normal 0 0 -1
    outer loop
      vertex -40.601 -5.7061 0
      vertex -26.4773 -3.72114 0
      vertex -40.3771 -7.11957 0
    endloop
  endfacet
  facet normal 0 0 -1
    outer loop
      vertex -25.4289 8.26234 0
      vertex -38.9933 12.6697 0
      vertex -38.5274 14.0228 0
    endloop
  endfacet
  facet normal -0 0 -1
    outer loop
      vertex -26.4773 -3.72114 0
      vertex -40.601 -5.7061 0
      vertex -26.591 -2.79483 0
    endloop
  endfacet
  facet normal 0 0 -1
    outer loop
      vertex -25.7017 7.36985 0
      vertex -39.4117 11.3011 0
      vertex -38.9933 12.6697 0
    endloop
  endfacet
  facet normal 0 0 -1
    outer loop
      vertex -40.7754 -4.28567 0
      vertex -26.591 -2.79483 0
      vertex -40.601 -5.7061 0
    endloop
  endfacet
  facet normal 0 0 -1
    outer loop
      vertex -25.9433 6.46839 0
      vertex -39.7821 9.9188 0
      vertex -39.4117 11.3011 0
    endloop
  endfacet
  facet normal -0 0 -1
    outer loop
      vertex -26.591 -2.79483 0
      vertex -40.7754 -4.28567 0
      vertex -26.6724 -1.86511 0
    endloop
  endfacet
  facet normal 0 0 -1
    outer loop
      vertex -26.1532 5.55904 0
      vertex -40.104 8.52438 0
      vertex -39.7821 9.9188 0
    endloop
  endfacet
  facet normal 0 0 -1
    outer loop
      vertex -40.9001 -2.86001 0
      vertex -26.6724 -1.86511 0
      vertex -40.7754 -4.28567 0
    endloop
  endfacet
  facet normal 0 0 -1
    outer loop
      vertex -26.3313 4.64292 0
      vertex -40.3771 7.11957 0
      vertex -40.104 8.52438 0
    endloop
  endfacet
  facet normal -0 0 -1
    outer loop
      vertex -26.6724 -1.86511 0
      vertex -40.9001 -2.86001 0
      vertex -26.7212 -0.933125 0
    endloop
  endfacet
  facet normal 0 0 -1
    outer loop
      vertex -26.4773 3.72114 0
      vertex -40.601 5.7061 0
      vertex -40.3771 7.11957 0
    endloop
  endfacet
  facet normal 0 0 -1
    outer loop
      vertex -40.975 -1.43088 0
      vertex -26.7212 -0.933125 0
      vertex -40.9001 -2.86001 0
    endloop
  endfacet
  facet normal 0 0 -1
    outer loop
      vertex -26.591 2.79483 0
      vertex -40.7754 4.28567 0
      vertex -40.601 5.7061 0
    endloop
  endfacet
  facet normal -0 0 -1
    outer loop
      vertex -26.7212 -0.933125 0
      vertex -40.975 -1.43088 0
      vertex -26.7375 0 0
    endloop
  endfacet
  facet normal 0 0 -1
    outer loop
      vertex -26.6724 1.86511 0
      vertex -40.9001 2.86001 0
      vertex -40.7754 4.28567 0
    endloop
  endfacet
  facet normal 0 0 -1
    outer loop
      vertex -41 0 0
      vertex -26.7375 0 0
      vertex -40.975 -1.43088 0
    endloop
  endfacet
  facet normal 0 0 -1
    outer loop
      vertex -26.7212 0.933125 0
      vertex -40.975 1.43088 0
      vertex -40.9001 2.86001 0
    endloop
  endfacet
  facet normal 0 0 -1
    outer loop
      vertex -26.7375 0 0
      vertex -41 0 0
      vertex -40.975 1.43088 0
    endloop
  endfacet
  facet normal 0 0 -1
    outer loop
      vertex 37.8694 -0.291076 0
      vertex 41 0 0
      vertex 40.975 -1.43088 0
    endloop
  endfacet
  facet normal 0 0 -1
    outer loop
      vertex 37.6032 -0.861925 0
      vertex 40.975 -1.43088 0
      vertex 40.9001 -2.86001 0
    endloop
  endfacet
  facet normal 0 0 -1
    outer loop
      vertex 41 0 0
      vertex 37.8787 -0.243107 0
      vertex 37.8864 -0.194842 0
    endloop
  endfacet
  facet normal 0 0 -1
    outer loop
      vertex 37.2 -1.21243 0
      vertex 40.9001 -2.86001 0
      vertex 40.7754 -4.28567 0
    endloop
  endfacet
  facet normal 0 0 -1
    outer loop
      vertex 41 0 0
      vertex 37.8923 -0.146339 0
      vertex 37.8966 -0.0976582 0
    endloop
  endfacet
  facet normal 0 0 -1
    outer loop
      vertex 36.7911 -1.36941 0
      vertex 40.7754 -4.28567 0
      vertex 40.601 -5.7061 0
    endloop
  endfacet
  facet normal -0 0 -1
    outer loop
      vertex 41 0 0
      vertex 37.8991 -0.0488586 0
      vertex 37.9 0 0
    endloop
  endfacet
  facet normal 0 0 -1
    outer loop
      vertex 36.4511 -1.39915 0
      vertex 40.601 -5.7061 0
      vertex 40.3771 -7.11957 0
    endloop
  endfacet
  facet normal 0 0 -1
    outer loop
      vertex 37.8966 0.0976582 0
      vertex 41 0 0
      vertex 37.8991 0.0488586 0
    endloop
  endfacet
  facet normal 0 0 -1
    outer loop
      vertex 36.1613 -1.35841 0
      vertex 40.3771 -7.11957 0
      vertex 40.104 -8.52438 0
    endloop
  endfacet
  facet normal 0 0 -1
    outer loop
      vertex 37.8864 0.194842 0
      vertex 41 0 0
      vertex 37.8923 0.146339 0
    endloop
  endfacet
  facet normal 0 0 -1
    outer loop
      vertex 35.9756 -1.29806 0
      vertex 40.104 -8.52438 0
      vertex 39.7821 -9.9188 0
    endloop
  endfacet
  facet normal 0 0 -1
    outer loop
      vertex 37.8787 0.243107 0
      vertex 41 0 0
      vertex 37.8864 0.194842 0
    endloop
  endfacet
  facet normal 0 0 -1
    outer loop
      vertex 25.9433 -6.46839 0
      vertex 39.7821 -9.9188 0
      vertex 39.4117 -11.3011 0
    endloop
  endfacet
  facet normal 0 0 -1
    outer loop
      vertex 37.8694 0.291076 0
      vertex 41 0 0
      vertex 37.8787 0.243107 0
    endloop
  endfacet
  facet normal 0 0 -1
    outer loop
      vertex 25.7017 -7.36985 0
      vertex 39.4117 -11.3011 0
      vertex 38.9933 -12.6697 0
    endloop
  endfacet
  facet normal 0 0 -1
    outer loop
      vertex 41 0 0
      vertex 37.8694 0.291076 0
      vertex 40.975 1.43088 0
    endloop
  endfacet
  facet normal 0 0 -1
    outer loop
      vertex 25.7017 -7.36985 0
      vertex 38.9933 -12.6697 0
      vertex 38.5274 -14.0228 0
    endloop
  endfacet
  facet normal 0 0 -1
    outer loop
      vertex 37.8458 0.385892 0
      vertex 40.975 1.43088 0
      vertex 37.8584 0.33869 0
    endloop
  endfacet
  facet normal 0 0 -1
    outer loop
      vertex 25.7017 -7.36985 0
      vertex 38.5274 -14.0228 0
      vertex 38.0145 -15.3589 0
    endloop
  endfacet
  facet normal 0 0 -1
    outer loop
      vertex 37.8315 0.432623 0
      vertex 40.975 1.43088 0
      vertex 37.8458 0.385892 0
    endloop
  endfacet
  facet normal 0 0 -1
    outer loop
      vertex 37.8156 0.478827 0
      vertex 40.975 1.43088 0
      vertex 37.8315 0.432623 0
    endloop
  endfacet
  facet normal 0 0 -1
    outer loop
      vertex 37.8584 0.33869 0
      vertex 40.975 1.43088 0
      vertex 37.8694 0.291076 0
    endloop
  endfacet
  facet normal 0 0 -1
    outer loop
      vertex 37.8923 0.146339 0
      vertex 41 0 0
      vertex 37.8966 0.0976582 0
    endloop
  endfacet
  facet normal 0 0 -1
    outer loop
      vertex 37.8991 0.0488586 0
      vertex 41 0 0
      vertex 37.9 0 0
    endloop
  endfacet
  facet normal 0 0 -1
    outer loop
      vertex 41 0 0
      vertex 37.8966 -0.0976582 0
      vertex 37.8991 -0.0488586 0
    endloop
  endfacet
  facet normal 0 0 -1
    outer loop
      vertex 41 0 0
      vertex 37.8864 -0.194842 0
      vertex 37.8923 -0.146339 0
    endloop
  endfacet
  facet normal 0 0 -1
    outer loop
      vertex 41 0 0
      vertex 37.8694 -0.291076 0
      vertex 37.8787 -0.243107 0
    endloop
  endfacet
  facet normal 0 0 -1
    outer loop
      vertex 40.975 -1.43088 0
      vertex 37.8584 -0.33869 0
      vertex 37.8694 -0.291076 0
    endloop
  endfacet
  facet normal 0 0 -1
    outer loop
      vertex 40.975 -1.43088 0
      vertex 37.8458 -0.385892 0
      vertex 37.8584 -0.33869 0
    endloop
  endfacet
  facet normal 0 0 -1
    outer loop
      vertex 40.975 -1.43088 0
      vertex 37.8315 -0.432623 0
      vertex 37.8458 -0.385892 0
    endloop
  endfacet
  facet normal 0 0 -1
    outer loop
      vertex 40.975 -1.43088 0
      vertex 37.8156 -0.478827 0
      vertex 37.8315 -0.432623 0
    endloop
  endfacet
  facet normal 0 0 -1
    outer loop
      vertex 40.975 -1.43088 0
      vertex 37.7981 -0.524448 0
      vertex 37.8156 -0.478827 0
    endloop
  endfacet
  facet normal 0 0 -1
    outer loop
      vertex 40.975 -1.43088 0
      vertex 37.779 -0.56943 0
      vertex 37.7981 -0.524448 0
    endloop
  endfacet
  facet normal 0 0 -1
    outer loop
      vertex 40.975 -1.43088 0
      vertex 37.7583 -0.613719 0
      vertex 37.779 -0.56943 0
    endloop
  endfacet
  facet normal 0 0 -1
    outer loop
      vertex 40.975 -1.43088 0
      vertex 37.7361 -0.65726 0
      vertex 37.7583 -0.613719 0
    endloop
  endfacet
  facet normal 0 0 -1
    outer loop
      vertex 40.975 -1.43088 0
      vertex 37.7124 -0.7 0
      vertex 37.7361 -0.65726 0
    endloop
  endfacet
  facet normal 0 0 -1
    outer loop
      vertex 40.975 -1.43088 0
      vertex 37.6873 -0.741886 0
      vertex 37.7124 -0.7 0
    endloop
  endfacet
  facet normal 0 0 -1
    outer loop
      vertex 40.975 -1.43088 0
      vertex 37.6607 -0.782869 0
      vertex 37.6873 -0.741886 0
    endloop
  endfacet
  facet normal 0 0 -1
    outer loop
      vertex 40.975 -1.43088 0
      vertex 37.6326 -0.822899 0
      vertex 37.6607 -0.782869 0
    endloop
  endfacet
  facet normal 0 0 -1
    outer loop
      vertex 40.975 -1.43088 0
      vertex 37.6032 -0.861925 0
      vertex 37.6326 -0.822899 0
    endloop
  endfacet
  facet normal 0 0 -1
    outer loop
      vertex 40.9001 -2.86001 0
      vertex 37.5725 -0.899902 0
      vertex 37.6032 -0.861925 0
    endloop
  endfacet
  facet normal 0 0 -1
    outer loop
      vertex 40.9001 -2.86001 0
      vertex 37.5404 -0.936783 0
      vertex 37.5725 -0.899902 0
    endloop
  endfacet
  facet normal 0 0 -1
    outer loop
      vertex 40.9001 -2.86001 0
      vertex 37.5071 -0.972521 0
      vertex 37.5404 -0.936783 0
    endloop
  endfacet
  facet normal 0 0 -1
    outer loop
      vertex 40.9001 -2.86001 0
      vertex 37.4725 -1.00708 0
      vertex 37.5071 -0.972521 0
    endloop
  endfacet
  facet normal 0 0 -1
    outer loop
      vertex 25.7017 -7.36985 0
      vertex 38.0145 -15.3589 0
      vertex 37.4554 -16.6762 0
    endloop
  endfacet
  facet normal 0 0 -1
    outer loop
      vertex 40.9001 -2.86001 0
      vertex 37.4368 -1.0404 0
      vertex 37.4725 -1.00708 0
    endloop
  endfacet
  facet normal 0 0 -1
    outer loop
      vertex 40.9001 -2.86001 0
      vertex 37.3999 -1.07246 0
      vertex 37.4368 -1.0404 0
    endloop
  endfacet
  facet normal 0 0 -1
    outer loop
      vertex 40.9001 -2.86001 0
      vertex 37.3619 -1.10321 0
      vertex 37.3999 -1.07246 0
    endloop
  endfacet
  facet normal 0 0 -1
    outer loop
      vertex 40.9001 -2.86001 0
      vertex 37.3229 -1.13262 0
      vertex 37.3619 -1.10321 0
    endloop
  endfacet
  facet normal 0 0 -1
    outer loop
      vertex 40.9001 -2.86001 0
      vertex 37.2829 -1.16065 0
      vertex 37.3229 -1.13262 0
    endloop
  endfacet
  facet normal 0 0 -1
    outer loop
      vertex 40.9001 -2.86001 0
      vertex 37.2419 -1.18727 0
      vertex 37.2829 -1.16065 0
    endloop
  endfacet
  facet normal 0 0 -1
    outer loop
      vertex 40.9001 -2.86001 0
      vertex 37.2 -1.21243 0
      vertex 37.2419 -1.18727 0
    endloop
  endfacet
  facet normal 0 0 -1
    outer loop
      vertex 40.7754 -4.28567 0
      vertex 37.1573 -1.23613 0
      vertex 37.2 -1.21243 0
    endloop
  endfacet
  facet normal 0 0 -1
    outer loop
      vertex 40.7754 -4.28567 0
      vertex 37.1137 -1.25831 0
      vertex 37.1573 -1.23613 0
    endloop
  endfacet
  facet normal 0 0 -1
    outer loop
      vertex 40.7754 -4.28567 0
      vertex 37.0694 -1.27896 0
      vertex 37.1137 -1.25831 0
    endloop
  endfacet
  facet normal 0 0 -1
    outer loop
      vertex 40.7754 -4.28567 0
      vertex 37.0244 -1.29806 0
      vertex 37.0694 -1.27896 0
    endloop
  endfacet
  facet normal 0 0 -1
    outer loop
      vertex 40.7754 -4.28567 0
      vertex 36.9788 -1.31557 0
      vertex 37.0244 -1.29806 0
    endloop
  endfacet
  facet normal 0 0 -1
    outer loop
      vertex 40.7754 -4.28567 0
      vertex 36.9326 -1.33148 0
      vertex 36.9788 -1.31557 0
    endloop
  endfacet
  facet normal 0 0 -1
    outer loop
      vertex 40.7754 -4.28567 0
      vertex 36.8859 -1.34577 0
      vertex 36.9326 -1.33148 0
    endloop
  endfacet
  facet normal 0 0 -1
    outer loop
      vertex 25.7017 -7.36985 0
      vertex 37.4554 -16.6762 0
      vertex 36.8506 -17.9732 0
    endloop
  endfacet
  facet normal 0 0 -1
    outer loop
      vertex 40.7754 -4.28567 0
      vertex 36.8387 -1.35841 0
      vertex 36.8859 -1.34577 0
    endloop
  endfacet
  facet normal 0 0 -1
    outer loop
      vertex 40.7754 -4.28567 0
      vertex 36.7911 -1.36941 0
      vertex 36.8387 -1.35841 0
    endloop
  endfacet
  facet normal 0 0 -1
    outer loop
      vertex 40.601 -5.7061 0
      vertex 36.7431 -1.37873 0
      vertex 36.7911 -1.36941 0
    endloop
  endfacet
  facet normal 0 0 -1
    outer loop
      vertex 40.601 -5.7061 0
      vertex 36.6948 -1.38637 0
      vertex 36.7431 -1.37873 0
    endloop
  endfacet
  facet normal 0 0 -1
    outer loop
      vertex 40.601 -5.7061 0
      vertex 36.6463 -1.39233 0
      vertex 36.6948 -1.38637 0
    endloop
  endfacet
  facet normal 0 0 -1
    outer loop
      vertex 40.601 -5.7061 0
      vertex 36.5977 -1.39659 0
      vertex 36.6463 -1.39233 0
    endloop
  endfacet
  facet normal 0 0 -1
    outer loop
      vertex 40.601 -5.7061 0
      vertex 36.5489 -1.39915 0
      vertex 36.5977 -1.39659 0
    endloop
  endfacet
  facet normal 0 0 -1
    outer loop
      vertex 40.601 -5.7061 0
      vertex 36.5 -1.4 0
      vertex 36.5489 -1.39915 0
    endloop
  endfacet
  facet normal 0 0 -1
    outer loop
      vertex 40.601 -5.7061 0
      vertex 36.4511 -1.39915 0
      vertex 36.5 -1.4 0
    endloop
  endfacet
  facet normal 0 0 -1
    outer loop
      vertex 40.3771 -7.11957 0
      vertex 36.4023 -1.39659 0
      vertex 36.4511 -1.39915 0
    endloop
  endfacet
  facet normal 0 0 -1
    outer loop
      vertex 40.3771 -7.11957 0
      vertex 36.3537 -1.39233 0
      vertex 36.4023 -1.39659 0
    endloop
  endfacet
  facet normal 0 0 -1
    outer loop
      vertex 40.3771 -7.11957 0
      vertex 36.3052 -1.38637 0
      vertex 36.3537 -1.39233 0
    endloop
  endfacet
  facet normal 0 0 -1
    outer loop
      vertex 40.3771 -7.11957 0
      vertex 36.2569 -1.37873 0
      vertex 36.3052 -1.38637 0
    endloop
  endfacet
  facet normal 0 0 -1
    outer loop
      vertex 40.3771 -7.11957 0
      vertex 36.2089 -1.36941 0
      vertex 36.2569 -1.37873 0
    endloop
  endfacet
  facet normal 0 0 -1
    outer loop
      vertex 25.7017 -7.36985 0
      vertex 36.8506 -17.9732 0
      vertex 36.2009 -19.2483 0
    endloop
  endfacet
  facet normal 0 0 -1
    outer loop
      vertex 39.4117 -11.3011 0
      vertex 25.7017 -7.36985 0
      vertex 25.9433 -6.46839 0
    endloop
  endfacet
  facet normal 0 0 -1
    outer loop
      vertex 40.3771 -7.11957 0
      vertex 36.1613 -1.35841 0
      vertex 36.2089 -1.36941 0
    endloop
  endfacet
  facet normal 0 0 -1
    outer loop
      vertex 40.104 -8.52438 0
      vertex 36.1141 -1.34577 0
      vertex 36.1613 -1.35841 0
    endloop
  endfacet
  facet normal 0 0 -1
    outer loop
      vertex 40.104 -8.52438 0
      vertex 36.0674 -1.33148 0
      vertex 36.1141 -1.34577 0
    endloop
  endfacet
  facet normal 0 0 -1
    outer loop
      vertex 39.7821 -9.9188 0
      vertex 25.9433 -6.46839 0
      vertex 35.9306 -1.27896 0
    endloop
  endfacet
  facet normal 0 0 -1
    outer loop
      vertex 40.104 -8.52438 0
      vertex 36.0212 -1.31557 0
      vertex 36.0674 -1.33148 0
    endloop
  endfacet
  facet normal 0 0 -1
    outer loop
      vertex 40.104 -8.52438 0
      vertex 35.9756 -1.29806 0
      vertex 36.0212 -1.31557 0
    endloop
  endfacet
  facet normal 0 0 -1
    outer loop
      vertex 39.7821 -9.9188 0
      vertex 35.9306 -1.27896 0
      vertex 35.9756 -1.29806 0
    endloop
  endfacet
  facet normal -0 0 -1
    outer loop
      vertex 35.9306 -1.27896 0
      vertex 25.9433 -6.46839 0
      vertex 35.8863 -1.25831 0
    endloop
  endfacet
  facet normal 0 -0 -1
    outer loop
      vertex 26.1532 -5.55904 0
      vertex 35.8863 -1.25831 0
      vertex 25.9433 -6.46839 0
    endloop
  endfacet
  facet normal -0 0 -1
    outer loop
      vertex 35.8863 -1.25831 0
      vertex 26.1532 -5.55904 0
      vertex 35.8427 -1.23613 0
    endloop
  endfacet
  facet normal -0 0 -1
    outer loop
      vertex 35.8427 -1.23613 0
      vertex 26.1532 -5.55904 0
      vertex 35.8 -1.21243 0
    endloop
  endfacet
  facet normal -0 0 -1
    outer loop
      vertex 35.8 -1.21243 0
      vertex 26.1532 -5.55904 0
      vertex 35.7581 -1.18727 0
    endloop
  endfacet
  facet normal -0 0 -1
    outer loop
      vertex 35.7581 -1.18727 0
      vertex 26.1532 -5.55904 0
      vertex 35.7171 -1.16065 0
    endloop
  endfacet
  facet normal 0 -0 -1
    outer loop
      vertex 26.3313 -4.64292 0
      vertex 35.7171 -1.16065 0
      vertex 26.1532 -5.55904 0
    endloop
  endfacet
  facet normal -0 0 -1
    outer loop
      vertex 35.7171 -1.16065 0
      vertex 26.3313 -4.64292 0
      vertex 35.6771 -1.13262 0
    endloop
  endfacet
  facet normal 0 0 -1
    outer loop
      vertex 25.7017 -7.36985 0
      vertex 36.2009 -19.2483 0
      vertex 35.507 -20.5 0
    endloop
  endfacet
  facet normal -0 0 -1
    outer loop
      vertex 35.6771 -1.13262 0
      vertex 26.3313 -4.64292 0
      vertex 35.6381 -1.10321 0
    endloop
  endfacet
  facet normal -0 0 -1
    outer loop
      vertex 35.6381 -1.10321 0
      vertex 26.3313 -4.64292 0
      vertex 35.6001 -1.07246 0
    endloop
  endfacet
  facet normal -0 0 -1
    outer loop
      vertex 35.6001 -1.07246 0
      vertex 26.3313 -4.64292 0
      vertex 35.5632 -1.0404 0
    endloop
  endfacet
  facet normal -0 0 -1
    outer loop
      vertex 35.5632 -1.0404 0
      vertex 26.3313 -4.64292 0
      vertex 35.5275 -1.00708 0
    endloop
  endfacet
  facet normal 0 -0 -1
    outer loop
      vertex 26.4773 -3.72114 0
      vertex 35.5275 -1.00708 0
      vertex 26.3313 -4.64292 0
    endloop
  endfacet
  facet normal -0 0 -1
    outer loop
      vertex 35.5275 -1.00708 0
      vertex 26.4773 -3.72114 0
      vertex 35.4929 -0.972521 0
    endloop
  endfacet
  facet normal -0 0 -1
    outer loop
      vertex 35.4929 -0.972521 0
      vertex 26.4773 -3.72114 0
      vertex 35.4596 -0.936783 0
    endloop
  endfacet
  facet normal -0 0 -1
    outer loop
      vertex 35.4596 -0.936783 0
      vertex 26.4773 -3.72114 0
      vertex 35.4275 -0.899902 0
    endloop
  endfacet
  facet normal -0 0 -1
    outer loop
      vertex 35.4275 -0.899902 0
      vertex 26.4773 -3.72114 0
      vertex 35.3968 -0.861925 0
    endloop
  endfacet
  facet normal -0 0 -1
    outer loop
      vertex 35.3968 -0.861925 0
      vertex 26.4773 -3.72114 0
      vertex 35.3674 -0.822899 0
    endloop
  endfacet
  facet normal 0 -0 -1
    outer loop
      vertex 26.591 -2.79483 0
      vertex 35.3674 -0.822899 0
      vertex 26.4773 -3.72114 0
    endloop
  endfacet
  facet normal -0 0 -1
    outer loop
      vertex 35.3674 -0.822899 0
      vertex 26.591 -2.79483 0
      vertex 35.3393 -0.782869 0
    endloop
  endfacet
  facet normal -0 0 -1
    outer loop
      vertex 35.3393 -0.782869 0
      vertex 26.591 -2.79483 0
      vertex 35.3127 -0.741886 0
    endloop
  endfacet
  facet normal -0 0 -1
    outer loop
      vertex 35.3127 -0.741886 0
      vertex 26.591 -2.79483 0
      vertex 35.2876 -0.7 0
    endloop
  endfacet
  facet normal -0 0 -1
    outer loop
      vertex 35.2876 -0.7 0
      vertex 26.591 -2.79483 0
      vertex 35.2639 -0.65726 0
    endloop
  endfacet
  facet normal -0 0 -1
    outer loop
      vertex 35.2639 -0.65726 0
      vertex 26.591 -2.79483 0
      vertex 35.2417 -0.613719 0
    endloop
  endfacet
  facet normal 0 -0 -1
    outer loop
      vertex 26.6724 -1.86511 0
      vertex 35.2417 -0.613719 0
      vertex 26.591 -2.79483 0
    endloop
  endfacet
  facet normal -0 0 -1
    outer loop
      vertex 35.2417 -0.613719 0
      vertex 26.6724 -1.86511 0
      vertex 35.221 -0.56943 0
    endloop
  endfacet
  facet normal -0 0 -1
    outer loop
      vertex 35.221 -0.56943 0
      vertex 26.6724 -1.86511 0
      vertex 35.2019 -0.524448 0
    endloop
  endfacet
  facet normal -0 0 -1
    outer loop
      vertex 35.2019 -0.524448 0
      vertex 26.6724 -1.86511 0
      vertex 35.1844 -0.478827 0
    endloop
  endfacet
  facet normal -0 0 -1
    outer loop
      vertex 35.1844 -0.478827 0
      vertex 26.6724 -1.86511 0
      vertex 35.1685 -0.432623 0
    endloop
  endfacet
  facet normal -0 0 -1
    outer loop
      vertex 35.1685 -0.432623 0
      vertex 26.6724 -1.86511 0
      vertex 35.1542 -0.385892 0
    endloop
  endfacet
  facet normal 0 -0 -1
    outer loop
      vertex 26.7212 -0.933125 0
      vertex 35.1542 -0.385892 0
      vertex 26.6724 -1.86511 0
    endloop
  endfacet
  facet normal 0 0 -1
    outer loop
      vertex 25.7017 -7.36985 0
      vertex 35.507 -20.5 0
      vertex 34.77 -21.7267 0
    endloop
  endfacet
  facet normal 0 0 -1
    outer loop
      vertex 37.7981 0.524448 0
      vertex 40.975 1.43088 0
      vertex 37.8156 0.478827 0
    endloop
  endfacet
  facet normal 0 0 -1
    outer loop
      vertex 37.779 0.56943 0
      vertex 40.975 1.43088 0
      vertex 37.7981 0.524448 0
    endloop
  endfacet
  facet normal 0 0 -1
    outer loop
      vertex 37.7583 0.613719 0
      vertex 40.975 1.43088 0
      vertex 37.779 0.56943 0
    endloop
  endfacet
  facet normal 0 0 -1
    outer loop
      vertex 37.7361 0.65726 0
      vertex 40.975 1.43088 0
      vertex 37.7583 0.613719 0
    endloop
  endfacet
  facet normal 0 0 -1
    outer loop
      vertex 37.7124 0.7 0
      vertex 40.975 1.43088 0
      vertex 37.7361 0.65726 0
    endloop
  endfacet
  facet normal 0 0 -1
    outer loop
      vertex 37.6873 0.741886 0
      vertex 40.975 1.43088 0
      vertex 37.7124 0.7 0
    endloop
  endfacet
  facet normal 0 0 -1
    outer loop
      vertex 37.6607 0.782869 0
      vertex 40.975 1.43088 0
      vertex 37.6873 0.741886 0
    endloop
  endfacet
  facet normal 0 0 -1
    outer loop
      vertex 37.6326 0.822899 0
      vertex 40.975 1.43088 0
      vertex 37.6607 0.782869 0
    endloop
  endfacet
  facet normal 0 0 -1
    outer loop
      vertex 37.6032 0.861925 0
      vertex 40.975 1.43088 0
      vertex 37.6326 0.822899 0
    endloop
  endfacet
  facet normal -0 0 -1
    outer loop
      vertex 40.975 1.43088 0
      vertex 37.6032 0.861925 0
      vertex 40.9001 2.86001 0
    endloop
  endfacet
  facet normal 0 0 -1
    outer loop
      vertex 37.5725 0.899902 0
      vertex 40.9001 2.86001 0
      vertex 37.6032 0.861925 0
    endloop
  endfacet
  facet normal 0 0 -1
    outer loop
      vertex 37.5404 0.936783 0
      vertex 40.9001 2.86001 0
      vertex 37.5725 0.899902 0
    endloop
  endfacet
  facet normal 0 0 -1
    outer loop
      vertex 37.5071 0.972521 0
      vertex 40.9001 2.86001 0
      vertex 37.5404 0.936783 0
    endloop
  endfacet
  facet normal 0 0 -1
    outer loop
      vertex 37.4725 1.00708 0
      vertex 40.9001 2.86001 0
      vertex 37.5071 0.972521 0
    endloop
  endfacet
  facet normal 0 0 -1
    outer loop
      vertex 37.4368 1.0404 0
      vertex 40.9001 2.86001 0
      vertex 37.4725 1.00708 0
    endloop
  endfacet
  facet normal 0 0 -1
    outer loop
      vertex 37.3999 1.07246 0
      vertex 40.9001 2.86001 0
      vertex 37.4368 1.0404 0
    endloop
  endfacet
  facet normal 0 0 -1
    outer loop
      vertex 37.3619 1.10321 0
      vertex 40.9001 2.86001 0
      vertex 37.3999 1.07246 0
    endloop
  endfacet
  facet normal 0 0 -1
    outer loop
      vertex 37.3229 1.13262 0
      vertex 40.9001 2.86001 0
      vertex 37.3619 1.10321 0
    endloop
  endfacet
  facet normal 0 0 -1
    outer loop
      vertex 37.2829 1.16065 0
      vertex 40.9001 2.86001 0
      vertex 37.3229 1.13262 0
    endloop
  endfacet
  facet normal 0 0 -1
    outer loop
      vertex 37.2419 1.18727 0
      vertex 40.9001 2.86001 0
      vertex 37.2829 1.16065 0
    endloop
  endfacet
  facet normal 0 0 -1
    outer loop
      vertex 37.2 1.21243 0
      vertex 40.9001 2.86001 0
      vertex 37.2419 1.18727 0
    endloop
  endfacet
  facet normal -0 0 -1
    outer loop
      vertex 40.9001 2.86001 0
      vertex 37.2 1.21243 0
      vertex 40.7754 4.28567 0
    endloop
  endfacet
  facet normal 0 0 -1
    outer loop
      vertex 37.1573 1.23613 0
      vertex 40.7754 4.28567 0
      vertex 37.2 1.21243 0
    endloop
  endfacet
  facet normal 0 0 -1
    outer loop
      vertex 37.1137 1.25831 0
      vertex 40.7754 4.28567 0
      vertex 37.1573 1.23613 0
    endloop
  endfacet
  facet normal 0 0 -1
    outer loop
      vertex 37.0694 1.27896 0
      vertex 40.7754 4.28567 0
      vertex 37.1137 1.25831 0
    endloop
  endfacet
  facet normal 0 0 -1
    outer loop
      vertex 37.0244 1.29806 0
      vertex 40.7754 4.28567 0
      vertex 37.0694 1.27896 0
    endloop
  endfacet
  facet normal 0 0 -1
    outer loop
      vertex 36.9788 1.31557 0
      vertex 40.7754 4.28567 0
      vertex 37.0244 1.29806 0
    endloop
  endfacet
  facet normal 0 0 -1
    outer loop
      vertex 36.9326 1.33148 0
      vertex 40.7754 4.28567 0
      vertex 36.9788 1.31557 0
    endloop
  endfacet
  facet normal 0 0 -1
    outer loop
      vertex 36.8859 1.34577 0
      vertex 40.7754 4.28567 0
      vertex 36.9326 1.33148 0
    endloop
  endfacet
  facet normal 0 0 -1
    outer loop
      vertex 36.8387 1.35841 0
      vertex 40.7754 4.28567 0
      vertex 36.8859 1.34577 0
    endloop
  endfacet
  facet normal 0 0 -1
    outer loop
      vertex 36.7911 1.36941 0
      vertex 40.7754 4.28567 0
      vertex 36.8387 1.35841 0
    endloop
  endfacet
  facet normal -0 0 -1
    outer loop
      vertex 40.7754 4.28567 0
      vertex 36.7911 1.36941 0
      vertex 40.601 5.7061 0
    endloop
  endfacet
  facet normal 0 0 -1
    outer loop
      vertex 36.7431 1.37873 0
      vertex 40.601 5.7061 0
      vertex 36.7911 1.36941 0
    endloop
  endfacet
  facet normal 0 0 -1
    outer loop
      vertex 36.6948 1.38637 0
      vertex 40.601 5.7061 0
      vertex 36.7431 1.37873 0
    endloop
  endfacet
  facet normal 0 0 -1
    outer loop
      vertex 36.6463 1.39233 0
      vertex 40.601 5.7061 0
      vertex 36.6948 1.38637 0
    endloop
  endfacet
  facet normal 0 0 -1
    outer loop
      vertex 36.5977 1.39659 0
      vertex 40.601 5.7061 0
      vertex 36.6463 1.39233 0
    endloop
  endfacet
  facet normal 0 0 -1
    outer loop
      vertex 36.5489 1.39915 0
      vertex 40.601 5.7061 0
      vertex 36.5977 1.39659 0
    endloop
  endfacet
  facet normal 0 0 -1
    outer loop
      vertex 36.5 1.4 0
      vertex 40.601 5.7061 0
      vertex 36.5489 1.39915 0
    endloop
  endfacet
  facet normal 0 0 -1
    outer loop
      vertex 36.4511 1.39915 0
      vertex 40.601 5.7061 0
      vertex 36.5 1.4 0
    endloop
  endfacet
  facet normal -0 0 -1
    outer loop
      vertex 40.601 5.7061 0
      vertex 36.4511 1.39915 0
      vertex 40.3771 7.11957 0
    endloop
  endfacet
  facet normal 0 0 -1
    outer loop
      vertex 36.4023 1.39659 0
      vertex 40.3771 7.11957 0
      vertex 36.4511 1.39915 0
    endloop
  endfacet
  facet normal 0 0 -1
    outer loop
      vertex 36.3537 1.39233 0
      vertex 40.3771 7.11957 0
      vertex 36.4023 1.39659 0
    endloop
  endfacet
  facet normal 0 0 -1
    outer loop
      vertex 36.3052 1.38637 0
      vertex 40.3771 7.11957 0
      vertex 36.3537 1.39233 0
    endloop
  endfacet
  facet normal 0 0 -1
    outer loop
      vertex 36.2569 1.37873 0
      vertex 40.3771 7.11957 0
      vertex 36.3052 1.38637 0
    endloop
  endfacet
  facet normal 0 0 -1
    outer loop
      vertex 36.2089 1.36941 0
      vertex 40.3771 7.11957 0
      vertex 36.2569 1.37873 0
    endloop
  endfacet
  facet normal 0 0 -1
    outer loop
      vertex 36.1613 1.35841 0
      vertex 40.3771 7.11957 0
      vertex 36.2089 1.36941 0
    endloop
  endfacet
  facet normal -0 0 -1
    outer loop
      vertex 40.3771 7.11957 0
      vertex 36.1613 1.35841 0
      vertex 40.104 8.52438 0
    endloop
  endfacet
  facet normal 0 0 -1
    outer loop
      vertex 36.1141 1.34577 0
      vertex 40.104 8.52438 0
      vertex 36.1613 1.35841 0
    endloop
  endfacet
  facet normal 0 0 -1
    outer loop
      vertex 36.0674 1.33148 0
      vertex 40.104 8.52438 0
      vertex 36.1141 1.34577 0
    endloop
  endfacet
  facet normal 0 0 -1
    outer loop
      vertex 36.0212 1.31557 0
      vertex 40.104 8.52438 0
      vertex 36.0674 1.33148 0
    endloop
  endfacet
  facet normal 0 0 -1
    outer loop
      vertex 35.9756 1.29806 0
      vertex 40.104 8.52438 0
      vertex 36.0212 1.31557 0
    endloop
  endfacet
  facet normal -0 0 -1
    outer loop
      vertex 40.104 8.52438 0
      vertex 35.9756 1.29806 0
      vertex 39.7821 9.9188 0
    endloop
  endfacet
  facet normal 0 0 -1
    outer loop
      vertex 35.9306 1.27896 0
      vertex 39.7821 9.9188 0
      vertex 35.9756 1.29806 0
    endloop
  endfacet
  facet normal 0 0 -1
    outer loop
      vertex 25.9433 6.46839 0
      vertex 35.8863 1.25831 0
      vertex 26.1532 5.55904 0
    endloop
  endfacet
  facet normal 0 0 -1
    outer loop
      vertex 35.7581 1.18727 0
      vertex 26.1532 5.55904 0
      vertex 35.8 1.21243 0
    endloop
  endfacet
  facet normal 0 0 -1
    outer loop
      vertex 26.1532 5.55904 0
      vertex 35.7171 1.16065 0
      vertex 26.3313 4.64292 0
    endloop
  endfacet
  facet normal 0 0 -1
    outer loop
      vertex 35.6771 1.13262 0
      vertex 26.3313 4.64292 0
      vertex 35.7171 1.16065 0
    endloop
  endfacet
  facet normal 0 0 -1
    outer loop
      vertex 35.6381 1.10321 0
      vertex 26.3313 4.64292 0
      vertex 35.6771 1.13262 0
    endloop
  endfacet
  facet normal 0 0 -1
    outer loop
      vertex 35.5632 1.0404 0
      vertex 26.3313 4.64292 0
      vertex 35.6001 1.07246 0
    endloop
  endfacet
  facet normal 0 0 -1
    outer loop
      vertex 26.3313 4.64292 0
      vertex 35.5632 1.0404 0
      vertex 26.4773 3.72114 0
    endloop
  endfacet
  facet normal 0 0 -1
    outer loop
      vertex 35.6001 1.07246 0
      vertex 26.3313 4.64292 0
      vertex 35.6381 1.10321 0
    endloop
  endfacet
  facet normal 0 0 -1
    outer loop
      vertex 35.7171 1.16065 0
      vertex 26.1532 5.55904 0
      vertex 35.7581 1.18727 0
    endloop
  endfacet
  facet normal 0 0 -1
    outer loop
      vertex 35.8 1.21243 0
      vertex 26.1532 5.55904 0
      vertex 35.8427 1.23613 0
    endloop
  endfacet
  facet normal 0 0 -1
    outer loop
      vertex 35.8863 1.25831 0
      vertex 25.9433 6.46839 0
      vertex 35.9306 1.27896 0
    endloop
  endfacet
  facet normal 0 0 -1
    outer loop
      vertex 35.8427 1.23613 0
      vertex 26.1532 5.55904 0
      vertex 35.8863 1.25831 0
    endloop
  endfacet
  facet normal 0 0 -1
    outer loop
      vertex 35.5275 1.00708 0
      vertex 26.4773 3.72114 0
      vertex 35.5632 1.0404 0
    endloop
  endfacet
  facet normal 0 0 -1
    outer loop
      vertex 35.4929 0.972521 0
      vertex 26.4773 3.72114 0
      vertex 35.5275 1.00708 0
    endloop
  endfacet
  facet normal 0 0 -1
    outer loop
      vertex 35.4596 0.936783 0
      vertex 26.4773 3.72114 0
      vertex 35.4929 0.972521 0
    endloop
  endfacet
  facet normal 0 0 -1
    outer loop
      vertex 35.4275 0.899902 0
      vertex 26.4773 3.72114 0
      vertex 35.4596 0.936783 0
    endloop
  endfacet
  facet normal 0 0 -1
    outer loop
      vertex 35.3968 0.861925 0
      vertex 26.4773 3.72114 0
      vertex 35.4275 0.899902 0
    endloop
  endfacet
  facet normal 0 0 -1
    outer loop
      vertex 35.9306 1.27896 0
      vertex 25.9433 6.46839 0
      vertex 39.7821 9.9188 0
    endloop
  endfacet
  facet normal 0 0 -1
    outer loop
      vertex 26.4773 3.72114 0
      vertex 35.3968 0.861925 0
      vertex 26.591 2.79483 0
    endloop
  endfacet
  facet normal 0 0 -1
    outer loop
      vertex 35.3674 0.822899 0
      vertex 26.591 2.79483 0
      vertex 35.3968 0.861925 0
    endloop
  endfacet
  facet normal 0 0 -1
    outer loop
      vertex 35.3393 0.782869 0
      vertex 26.591 2.79483 0
      vertex 35.3674 0.822899 0
    endloop
  endfacet
  facet normal 0 0 -1
    outer loop
      vertex 35.3127 0.741886 0
      vertex 26.591 2.79483 0
      vertex 35.3393 0.782869 0
    endloop
  endfacet
  facet normal 0 0 -1
    outer loop
      vertex 35.2876 0.7 0
      vertex 26.591 2.79483 0
      vertex 35.3127 0.741886 0
    endloop
  endfacet
  facet normal 0 0 -1
    outer loop
      vertex 35.2639 0.65726 0
      vertex 26.591 2.79483 0
      vertex 35.2876 0.7 0
    endloop
  endfacet
  facet normal 0 0 -1
    outer loop
      vertex 26.591 2.79483 0
      vertex 35.2639 0.65726 0
      vertex 26.6724 1.86511 0
    endloop
  endfacet
  facet normal 0 0 -1
    outer loop
      vertex 35.2417 0.613719 0
      vertex 26.6724 1.86511 0
      vertex 35.2639 0.65726 0
    endloop
  endfacet
  facet normal 0 0 -1
    outer loop
      vertex 35.221 0.56943 0
      vertex 26.6724 1.86511 0
      vertex 35.2417 0.613719 0
    endloop
  endfacet
  facet normal 0 0 -1
    outer loop
      vertex 35.2019 0.524448 0
      vertex 26.6724 1.86511 0
      vertex 35.221 0.56943 0
    endloop
  endfacet
  facet normal 0 0 -1
    outer loop
      vertex 35.1844 0.478827 0
      vertex 26.6724 1.86511 0
      vertex 35.2019 0.524448 0
    endloop
  endfacet
  facet normal 0 0 -1
    outer loop
      vertex 35.1685 0.432623 0
      vertex 26.6724 1.86511 0
      vertex 35.1844 0.478827 0
    endloop
  endfacet
  facet normal 0 0 -1
    outer loop
      vertex 35.1542 0.385892 0
      vertex 26.6724 1.86511 0
      vertex 35.1685 0.432623 0
    endloop
  endfacet
  facet normal 0 0 -1
    outer loop
      vertex 26.6724 1.86511 0
      vertex 35.1542 0.385892 0
      vertex 26.7212 0.933125 0
    endloop
  endfacet
  facet normal 0 0 -1
    outer loop
      vertex 35.1416 0.33869 0
      vertex 26.7212 0.933125 0
      vertex 35.1542 0.385892 0
    endloop
  endfacet
  facet normal 0 0 -1
    outer loop
      vertex 35.1306 0.291076 0
      vertex 26.7212 0.933125 0
      vertex 35.1416 0.33869 0
    endloop
  endfacet
  facet normal 0 0 -1
    outer loop
      vertex 35.1213 0.243107 0
      vertex 26.7212 0.933125 0
      vertex 35.1306 0.291076 0
    endloop
  endfacet
  facet normal 0 0 -1
    outer loop
      vertex 35.1136 0.194842 0
      vertex 26.7212 0.933125 0
      vertex 35.1213 0.243107 0
    endloop
  endfacet
  facet normal 0 0 -1
    outer loop
      vertex 35.1077 0.146339 0
      vertex 26.7212 0.933125 0
      vertex 35.1136 0.194842 0
    endloop
  endfacet
  facet normal 0 0 -1
    outer loop
      vertex 26.7212 0.933125 0
      vertex 35.1077 0.146339 0
      vertex 26.7375 0 0
    endloop
  endfacet
  facet normal 0 0 -1
    outer loop
      vertex 26.7375 0 0
      vertex 35.1077 0.146339 0
      vertex 35.1034 0.0976582 0
    endloop
  endfacet
  facet normal 0 0 -1
    outer loop
      vertex 26.7375 0 0
      vertex 35.1034 0.0976582 0
      vertex 35.1009 0.0488586 0
    endloop
  endfacet
  facet normal -0 0 -1
    outer loop
      vertex 39.7821 9.9188 0
      vertex 25.9433 6.46839 0
      vertex 39.4117 11.3011 0
    endloop
  endfacet
  facet normal 0 0 -1
    outer loop
      vertex 26.7375 0 0
      vertex 35.1009 0.0488586 0
      vertex 35.1 0 0
    endloop
  endfacet
  facet normal -0 0 -1
    outer loop
      vertex 35.1542 -0.385892 0
      vertex 26.7212 -0.933125 0
      vertex 35.1416 -0.33869 0
    endloop
  endfacet
  facet normal 0 0 -1
    outer loop
      vertex 22.6747 -14.1687 0
      vertex 34.77 -21.7267 0
      vertex 33.9905 -22.9269 0
    endloop
  endfacet
  facet normal 0 0 -1
    outer loop
      vertex 25.7017 7.36985 0
      vertex 39.4117 11.3011 0
      vertex 25.9433 6.46839 0
    endloop
  endfacet
  facet normal 0 0 -1
    outer loop
      vertex 22.1664 -14.9514 0
      vertex 33.9905 -22.9269 0
      vertex 33.1697 -24.0992 0
    endloop
  endfacet
  facet normal -0 0 -1
    outer loop
      vertex 39.4117 11.3011 0
      vertex 25.7017 7.36985 0
      vertex 38.9933 12.6697 0
    endloop
  endfacet
  facet normal 0 0 -1
    outer loop
      vertex 21.6311 -15.7159 0
      vertex 33.1697 -24.0992 0
      vertex 32.3084 -25.2421 0
    endloop
  endfacet
  facet normal 0 0 -1
    outer loop
      vertex 25.4289 8.26234 0
      vertex 38.9933 12.6697 0
      vertex 25.7017 7.36985 0
    endloop
  endfacet
  facet normal 0 0 -1
    outer loop
      vertex 21.0694 -16.4612 0
      vertex 32.3084 -25.2421 0
      vertex 31.4078 -26.3543 0
    endloop
  endfacet
  facet normal -0 0 -1
    outer loop
      vertex 38.9933 12.6697 0
      vertex 25.4289 8.26234 0
      vertex 38.5274 14.0228 0
    endloop
  endfacet
  facet normal 0 0 -1
    outer loop
      vertex 20.4821 -17.1865 0
      vertex 31.4078 -26.3543 0
      vertex 30.4689 -27.4344 0
    endloop
  endfacet
  facet normal 0 0 -1
    outer loop
      vertex 25.125 9.14476 0
      vertex 38.5274 14.0228 0
      vertex 25.4289 8.26234 0
    endloop
  endfacet
  facet normal 0 0 -1
    outer loop
      vertex 19.8698 -17.8909 0
      vertex 30.4689 -27.4344 0
      vertex 29.4929 -28.481 0
    endloop
  endfacet
  facet normal -0 0 -1
    outer loop
      vertex 38.5274 14.0228 0
      vertex 25.125 9.14476 0
      vertex 38.0145 15.3589 0
    endloop
  endfacet
  facet normal 0 0 -1
    outer loop
      vertex 19.2333 -18.5734 0
      vertex 29.4929 -28.481 0
      vertex 28.481 -29.4929 0
    endloop
  endfacet
  facet normal 0 0 -1
    outer loop
      vertex 24.7906 10.016 0
      vertex 38.0145 15.3589 0
      vertex 25.125 9.14476 0
    endloop
  endfacet
  facet normal 0 0 -1
    outer loop
      vertex 18.5734 -19.2333 0
      vertex 28.481 -29.4929 0
      vertex 27.4344 -30.4689 0
    endloop
  endfacet
  facet normal -0 0 -1
    outer loop
      vertex 38.0145 15.3589 0
      vertex 24.7906 10.016 0
      vertex 37.4554 16.6762 0
    endloop
  endfacet
  facet normal 0 0 -1
    outer loop
      vertex 24.4259 10.8751 0
      vertex 37.4554 16.6762 0
      vertex 24.7906 10.016 0
    endloop
  endfacet
  facet normal 0 0 -1
    outer loop
      vertex 35.1009 -0.0488586 0
      vertex 26.7375 0 0
      vertex 35.1 0 0
    endloop
  endfacet
  facet normal 0 0 -1
    outer loop
      vertex 35.1034 -0.0976582 0
      vertex 26.7375 0 0
      vertex 35.1009 -0.0488586 0
    endloop
  endfacet
  facet normal 0 0 -1
    outer loop
      vertex 35.1077 -0.146339 0
      vertex 26.7375 0 0
      vertex 35.1034 -0.0976582 0
    endloop
  endfacet
  facet normal 0 -0 -1
    outer loop
      vertex 26.7375 0 0
      vertex 35.1077 -0.146339 0
      vertex 26.7212 -0.933125 0
    endloop
  endfacet
  facet normal 0 0 -1
    outer loop
      vertex 17.8909 -19.8698 0
      vertex 27.4344 -30.4689 0
      vertex 26.3543 -31.4078 0
    endloop
  endfacet
  facet normal -0 0 -1
    outer loop
      vertex 35.1136 -0.194842 0
      vertex 26.7212 -0.933125 0
      vertex 35.1077 -0.146339 0
    endloop
  endfacet
  facet normal -0 0 -1
    outer loop
      vertex 35.1213 -0.243107 0
      vertex 26.7212 -0.933125 0
      vertex 35.1136 -0.194842 0
    endloop
  endfacet
  facet normal -0 0 -1
    outer loop
      vertex 35.1306 -0.291076 0
      vertex 26.7212 -0.933125 0
      vertex 35.1213 -0.243107 0
    endloop
  endfacet
  facet normal -0 0 -1
    outer loop
      vertex 35.1416 -0.33869 0
      vertex 26.7212 -0.933125 0
      vertex 35.1306 -0.291076 0
    endloop
  endfacet
  facet normal 0 0 -1
    outer loop
      vertex 34.77 -21.7267 0
      vertex 25.4289 -8.26234 0
      vertex 25.7017 -7.36985 0
    endloop
  endfacet
  facet normal 0 0 -1
    outer loop
      vertex 17.1865 -20.4821 0
      vertex 26.3543 -31.4078 0
      vertex 25.2421 -32.3084 0
    endloop
  endfacet
  facet normal 0 0 -1
    outer loop
      vertex 34.77 -21.7267 0
      vertex 25.125 -9.14476 0
      vertex 25.4289 -8.26234 0
    endloop
  endfacet
  facet normal 0 0 -1
    outer loop
      vertex 34.77 -21.7267 0
      vertex 24.7906 -10.016 0
      vertex 25.125 -9.14476 0
    endloop
  endfacet
  facet normal 0 0 -1
    outer loop
      vertex 34.77 -21.7267 0
      vertex 24.4259 -10.8751 0
      vertex 24.7906 -10.016 0
    endloop
  endfacet
  facet normal 0 0 -1
    outer loop
      vertex 16.4612 -21.0694 0
      vertex 25.2421 -32.3084 0
      vertex 24.0992 -33.1697 0
    endloop
  endfacet
  facet normal 0 0 -1
    outer loop
      vertex 34.77 -21.7267 0
      vertex 24.0315 -11.7209 0
      vertex 24.4259 -10.8751 0
    endloop
  endfacet
  facet normal 0 0 -1
    outer loop
      vertex 34.77 -21.7267 0
      vertex 23.6078 -12.5525 0
      vertex 24.0315 -11.7209 0
    endloop
  endfacet
  facet normal 0 0 -1
    outer loop
      vertex 34.77 -21.7267 0
      vertex 23.1554 -13.3687 0
      vertex 23.6078 -12.5525 0
    endloop
  endfacet
  facet normal 0 0 -1
    outer loop
      vertex 15.7159 -21.6311 0
      vertex 24.0992 -33.1697 0
      vertex 22.9269 -33.9905 0
    endloop
  endfacet
  facet normal 0 0 -1
    outer loop
      vertex 34.77 -21.7267 0
      vertex 22.6747 -14.1687 0
      vertex 23.1554 -13.3687 0
    endloop
  endfacet
  facet normal 0 0 -1
    outer loop
      vertex 33.9905 -22.9269 0
      vertex 22.1664 -14.9514 0
      vertex 22.6747 -14.1687 0
    endloop
  endfacet
  facet normal 0 0 -1
    outer loop
      vertex 14.9514 -22.1664 0
      vertex 22.9269 -33.9905 0
      vertex 21.7267 -34.77 0
    endloop
  endfacet
  facet normal 0 0 -1
    outer loop
      vertex 33.1697 -24.0992 0
      vertex 21.6311 -15.7159 0
      vertex 22.1664 -14.9514 0
    endloop
  endfacet
  facet normal 0 0 -1
    outer loop
      vertex 32.3084 -25.2421 0
      vertex 21.0694 -16.4612 0
      vertex 21.6311 -15.7159 0
    endloop
  endfacet
  facet normal 0 0 -1
    outer loop
      vertex 14.1687 -22.6747 0
      vertex 21.7267 -34.77 0
      vertex 20.5 -35.507 0
    endloop
  endfacet
  facet normal 0 0 -1
    outer loop
      vertex 31.4078 -26.3543 0
      vertex 20.4821 -17.1865 0
      vertex 21.0694 -16.4612 0
    endloop
  endfacet
  facet normal 0 0 -1
    outer loop
      vertex 30.4689 -27.4344 0
      vertex 19.8698 -17.8909 0
      vertex 20.4821 -17.1865 0
    endloop
  endfacet
  facet normal 0 0 -1
    outer loop
      vertex 13.3687 -23.1554 0
      vertex 20.5 -35.507 0
      vertex 19.2483 -36.2009 0
    endloop
  endfacet
  facet normal 0 0 -1
    outer loop
      vertex 29.4929 -28.481 0
      vertex 19.2333 -18.5734 0
      vertex 19.8698 -17.8909 0
    endloop
  endfacet
  facet normal 0 0 -1
    outer loop
      vertex 28.481 -29.4929 0
      vertex 18.5734 -19.2333 0
      vertex 19.2333 -18.5734 0
    endloop
  endfacet
  facet normal 0 0 -1
    outer loop
      vertex 12.5525 -23.6078 0
      vertex 19.2483 -36.2009 0
      vertex 17.9732 -36.8506 0
    endloop
  endfacet
  facet normal 0 0 -1
    outer loop
      vertex 27.4344 -30.4689 0
      vertex 17.8909 -19.8698 0
      vertex 18.5734 -19.2333 0
    endloop
  endfacet
  facet normal 0 0 -1
    outer loop
      vertex 26.3543 -31.4078 0
      vertex 17.1865 -20.4821 0
      vertex 17.8909 -19.8698 0
    endloop
  endfacet
  facet normal 0 0 -1
    outer loop
      vertex 11.7209 -24.0315 0
      vertex 17.9732 -36.8506 0
      vertex 16.6762 -37.4554 0
    endloop
  endfacet
  facet normal 0 0 -1
    outer loop
      vertex 25.2421 -32.3084 0
      vertex 16.4612 -21.0694 0
      vertex 17.1865 -20.4821 0
    endloop
  endfacet
  facet normal 0 0 -1
    outer loop
      vertex 24.0992 -33.1697 0
      vertex 15.7159 -21.6311 0
      vertex 16.4612 -21.0694 0
    endloop
  endfacet
  facet normal 0 0 -1
    outer loop
      vertex 10.8751 -24.4259 0
      vertex 16.6762 -37.4554 0
      vertex 15.3589 -38.0145 0
    endloop
  endfacet
  facet normal 0 0 -1
    outer loop
      vertex 22.9269 -33.9905 0
      vertex 14.9514 -22.1664 0
      vertex 15.7159 -21.6311 0
    endloop
  endfacet
  facet normal 0 0 -1
    outer loop
      vertex 21.7267 -34.77 0
      vertex 14.1687 -22.6747 0
      vertex 14.9514 -22.1664 0
    endloop
  endfacet
  facet normal 0 0 -1
    outer loop
      vertex 10.016 -24.7906 0
      vertex 15.3589 -38.0145 0
      vertex 14.0228 -38.5274 0
    endloop
  endfacet
  facet normal 0 0 -1
    outer loop
      vertex 20.5 -35.507 0
      vertex 13.3687 -23.1554 0
      vertex 14.1687 -22.6747 0
    endloop
  endfacet
  facet normal 0 0 -1
    outer loop
      vertex 9.14476 -25.125 0
      vertex 14.0228 -38.5274 0
      vertex 12.6697 -38.9933 0
    endloop
  endfacet
  facet normal 0 0 -1
    outer loop
      vertex 19.2483 -36.2009 0
      vertex 12.5525 -23.6078 0
      vertex 13.3687 -23.1554 0
    endloop
  endfacet
  facet normal 0 0 -1
    outer loop
      vertex 17.9732 -36.8506 0
      vertex 11.7209 -24.0315 0
      vertex 12.5525 -23.6078 0
    endloop
  endfacet
  facet normal 0 0 -1
    outer loop
      vertex 8.26234 -25.4289 0
      vertex 12.6697 -38.9933 0
      vertex 11.3011 -39.4117 0
    endloop
  endfacet
  facet normal 0 0 -1
    outer loop
      vertex 16.6762 -37.4554 0
      vertex 10.8751 -24.4259 0
      vertex 11.7209 -24.0315 0
    endloop
  endfacet
  facet normal 0 0 -1
    outer loop
      vertex 15.3589 -38.0145 0
      vertex 10.016 -24.7906 0
      vertex 10.8751 -24.4259 0
    endloop
  endfacet
  facet normal 0 0 -1
    outer loop
      vertex 7.36985 -25.7017 0
      vertex 11.3011 -39.4117 0
      vertex 9.9188 -39.7821 0
    endloop
  endfacet
  facet normal 0 0 -1
    outer loop
      vertex 14.0228 -38.5274 0
      vertex 9.14476 -25.125 0
      vertex 10.016 -24.7906 0
    endloop
  endfacet
  facet normal 0 0 -1
    outer loop
      vertex 6.46839 -25.9433 0
      vertex 9.9188 -39.7821 0
      vertex 8.52438 -40.104 0
    endloop
  endfacet
  facet normal 0 0 -1
    outer loop
      vertex 12.6697 -38.9933 0
      vertex 8.26234 -25.4289 0
      vertex 9.14476 -25.125 0
    endloop
  endfacet
  facet normal 0 0 -1
    outer loop
      vertex 11.3011 -39.4117 0
      vertex 7.36985 -25.7017 0
      vertex 8.26234 -25.4289 0
    endloop
  endfacet
  facet normal 0 0 -1
    outer loop
      vertex 5.55904 -26.1532 0
      vertex 8.52438 -40.104 0
      vertex 7.11957 -40.3771 0
    endloop
  endfacet
  facet normal 0 0 -1
    outer loop
      vertex 9.9188 -39.7821 0
      vertex 6.46839 -25.9433 0
      vertex 7.36985 -25.7017 0
    endloop
  endfacet
  facet normal 0 0 -1
    outer loop
      vertex 4.64292 -26.3313 0
      vertex 7.11957 -40.3771 0
      vertex 5.7061 -40.601 0
    endloop
  endfacet
  facet normal 0 0 -1
    outer loop
      vertex 8.52438 -40.104 0
      vertex 5.55904 -26.1532 0
      vertex 6.46839 -25.9433 0
    endloop
  endfacet
  facet normal 0 0 -1
    outer loop
      vertex 7.11957 -40.3771 0
      vertex 4.64292 -26.3313 0
      vertex 5.55904 -26.1532 0
    endloop
  endfacet
  facet normal 0 0 -1
    outer loop
      vertex 3.72114 -26.4773 0
      vertex 5.7061 -40.601 0
      vertex 4.28567 -40.7754 0
    endloop
  endfacet
  facet normal 0 0 -1
    outer loop
      vertex 5.7061 -40.601 0
      vertex 3.72114 -26.4773 0
      vertex 4.64292 -26.3313 0
    endloop
  endfacet
  facet normal 0 0 -1
    outer loop
      vertex 2.79483 -26.591 0
      vertex 4.28567 -40.7754 0
      vertex 2.86001 -40.9001 0
    endloop
  endfacet
  facet normal 0 0 -1
    outer loop
      vertex 4.28567 -40.7754 0
      vertex 2.79483 -26.591 0
      vertex 3.72114 -26.4773 0
    endloop
  endfacet
  facet normal 0 0 -1
    outer loop
      vertex 2.86001 -40.9001 0
      vertex 1.86511 -26.6724 0
      vertex 2.79483 -26.591 0
    endloop
  endfacet
  facet normal 0 0 -1
    outer loop
      vertex 1.43088 -40.975 0
      vertex 1.86511 -26.6724 0
      vertex 2.86001 -40.9001 0
    endloop
  endfacet
  facet normal 0 0 -1
    outer loop
      vertex 1.43088 -40.975 0
      vertex 0.933125 -26.7212 0
      vertex 1.86511 -26.6724 0
    endloop
  endfacet
  facet normal 0 0 -1
    outer loop
      vertex 0 -41 0
      vertex 0.933125 -26.7212 0
      vertex 1.43088 -40.975 0
    endloop
  endfacet
  facet normal 0 0 -1
    outer loop
      vertex 0 -41 0
      vertex 0 -26.7375 0
      vertex 0.933125 -26.7212 0
    endloop
  endfacet
  facet normal 0 0 -1
    outer loop
      vertex 0 -41 0
      vertex -0.933125 -26.7212 0
      vertex 0 -26.7375 0
    endloop
  endfacet
  facet normal 0 0 -1
    outer loop
      vertex -1.43088 -40.975 0
      vertex -0.933125 -26.7212 0
      vertex 0 -41 0
    endloop
  endfacet
  facet normal 0 0 -1
    outer loop
      vertex -1.43088 -40.975 0
      vertex -1.86511 -26.6724 0
      vertex -0.933125 -26.7212 0
    endloop
  endfacet
  facet normal 0 0 -1
    outer loop
      vertex -2.86001 -40.9001 0
      vertex -1.86511 -26.6724 0
      vertex -1.43088 -40.975 0
    endloop
  endfacet
  facet normal -0 0 -1
    outer loop
      vertex -1.86511 -26.6724 0
      vertex -2.86001 -40.9001 0
      vertex -2.79483 -26.591 0
    endloop
  endfacet
  facet normal 0 0 -1
    outer loop
      vertex -4.28567 -40.7754 0
      vertex -2.79483 -26.591 0
      vertex -2.86001 -40.9001 0
    endloop
  endfacet
  facet normal -0 0 -1
    outer loop
      vertex -2.79483 -26.591 0
      vertex -4.28567 -40.7754 0
      vertex -3.72114 -26.4773 0
    endloop
  endfacet
  facet normal 0 0 -1
    outer loop
      vertex -5.7061 -40.601 0
      vertex -3.72114 -26.4773 0
      vertex -4.28567 -40.7754 0
    endloop
  endfacet
  facet normal -0 0 -1
    outer loop
      vertex -3.72114 -26.4773 0
      vertex -5.7061 -40.601 0
      vertex -4.64292 -26.3313 0
    endloop
  endfacet
  facet normal 0 0 -1
    outer loop
      vertex -7.11957 -40.3771 0
      vertex -4.64292 -26.3313 0
      vertex -5.7061 -40.601 0
    endloop
  endfacet
  facet normal -0 0 -1
    outer loop
      vertex -4.64292 -26.3313 0
      vertex -7.11957 -40.3771 0
      vertex -5.55904 -26.1532 0
    endloop
  endfacet
  facet normal 0 0 -1
    outer loop
      vertex -8.52438 -40.104 0
      vertex -5.55904 -26.1532 0
      vertex -7.11957 -40.3771 0
    endloop
  endfacet
  facet normal -0 0 -1
    outer loop
      vertex -5.55904 -26.1532 0
      vertex -8.52438 -40.104 0
      vertex -6.46839 -25.9433 0
    endloop
  endfacet
  facet normal 0 0 -1
    outer loop
      vertex -9.9188 -39.7821 0
      vertex -6.46839 -25.9433 0
      vertex -8.52438 -40.104 0
    endloop
  endfacet
  facet normal -0 0 -1
    outer loop
      vertex -6.46839 -25.9433 0
      vertex -9.9188 -39.7821 0
      vertex -7.36985 -25.7017 0
    endloop
  endfacet
  facet normal 0 0 -1
    outer loop
      vertex -11.3011 -39.4117 0
      vertex -7.36985 -25.7017 0
      vertex -9.9188 -39.7821 0
    endloop
  endfacet
  facet normal 0 0 -1
    outer loop
      vertex -16.8509 -31.6588 0
      vertex -7.36985 -25.7017 0
      vertex -11.3011 -39.4117 0
    endloop
  endfacet
  facet normal 0 0 -1
    outer loop
      vertex -16.8509 -31.6588 0
      vertex -8.26234 -25.4289 0
      vertex -7.36985 -25.7017 0
    endloop
  endfacet
  facet normal 0 0 -1
    outer loop
      vertex -16.8509 -31.5611 0
      vertex -8.26234 -25.4289 0
      vertex -16.85 -31.6099 0
    endloop
  endfacet
  facet normal 0 0 -1
    outer loop
      vertex -16.8534 -31.5123 0
      vertex -8.26234 -25.4289 0
      vertex -16.8509 -31.5611 0
    endloop
  endfacet
  facet normal -0 0 -1
    outer loop
      vertex -8.26234 -25.4289 0
      vertex -16.8534 -31.5123 0
      vertex -9.14476 -25.125 0
    endloop
  endfacet
  facet normal 0 0 -1
    outer loop
      vertex -16.8577 -31.4636 0
      vertex -9.14476 -25.125 0
      vertex -16.8534 -31.5123 0
    endloop
  endfacet
  facet normal 0 0 -1
    outer loop
      vertex -16.8509 -31.6588 0
      vertex -11.3011 -39.4117 0
      vertex -12.6697 -38.9933 0
    endloop
  endfacet
  facet normal 0 0 -1
    outer loop
      vertex -16.8713 -31.3668 0
      vertex -9.14476 -25.125 0
      vertex -16.8636 -31.4151 0
    endloop
  endfacet
  facet normal 0 0 -1
    outer loop
      vertex -16.8509 -31.6588 0
      vertex -12.6697 -38.9933 0
      vertex -14.0228 -38.5274 0
    endloop
  endfacet
  facet normal 0 0 -1
    outer loop
      vertex -16.8806 -31.3189 0
      vertex -9.14476 -25.125 0
      vertex -16.8713 -31.3668 0
    endloop
  endfacet
  facet normal 0 0 -1
    outer loop
      vertex -16.9042 -31.224 0
      vertex -10.016 -24.7906 0
      vertex -16.8916 -31.2712 0
    endloop
  endfacet
  facet normal 0 0 -1
    outer loop
      vertex -16.8509 -31.6588 0
      vertex -14.0228 -38.5274 0
      vertex -15.3589 -38.0145 0
    endloop
  endfacet
  facet normal 0 0 -1
    outer loop
      vertex -16.8916 -31.2712 0
      vertex -10.016 -24.7906 0
      vertex -16.8806 -31.3189 0
    endloop
  endfacet
  facet normal 0 0 -1
    outer loop
      vertex -16.9344 -31.1311 0
      vertex -10.016 -24.7906 0
      vertex -16.9185 -31.1773 0
    endloop
  endfacet
  facet normal 0 0 -1
    outer loop
      vertex -17.2096 -32.5467 0
      vertex -15.3589 -38.0145 0
      vertex -16.6762 -37.4554 0
    endloop
  endfacet
  facet normal 0 0 -1
    outer loop
      vertex -16.8636 -31.4151 0
      vertex -9.14476 -25.125 0
      vertex -16.8577 -31.4636 0
    endloop
  endfacet
  facet normal -0 0 -1
    outer loop
      vertex -9.14476 -25.125 0
      vertex -16.8806 -31.3189 0
      vertex -10.016 -24.7906 0
    endloop
  endfacet
  facet normal 0 0 -1
    outer loop
      vertex -16.9185 -31.1773 0
      vertex -10.016 -24.7906 0
      vertex -16.9042 -31.224 0
    endloop
  endfacet
  facet normal 0 0 -1
    outer loop
      vertex -16.9519 -31.0855 0
      vertex -10.016 -24.7906 0
      vertex -16.9344 -31.1311 0
    endloop
  endfacet
  facet normal -0 0 -1
    outer loop
      vertex -10.016 -24.7906 0
      vertex -16.9519 -31.0855 0
      vertex -10.8751 -24.4259 0
    endloop
  endfacet
  facet normal 0 0 -1
    outer loop
      vertex -16.971 -31.0405 0
      vertex -10.8751 -24.4259 0
      vertex -16.9519 -31.0855 0
    endloop
  endfacet
  facet normal 0 0 -1
    outer loop
      vertex -16.9917 -30.9962 0
      vertex -10.8751 -24.4259 0
      vertex -16.971 -31.0405 0
    endloop
  endfacet
  facet normal 0 0 -1
    outer loop
      vertex -17.0139 -30.9527 0
      vertex -10.8751 -24.4259 0
      vertex -16.9917 -30.9962 0
    endloop
  endfacet
  facet normal 0 0 -1
    outer loop
      vertex -17.0376 -30.9099 0
      vertex -10.8751 -24.4259 0
      vertex -17.0139 -30.9527 0
    endloop
  endfacet
  facet normal 0 0 -1
    outer loop
      vertex -17.0627 -30.868 0
      vertex -10.8751 -24.4259 0
      vertex -17.0376 -30.9099 0
    endloop
  endfacet
  facet normal -0 0 -1
    outer loop
      vertex -10.8751 -24.4259 0
      vertex -17.0627 -30.868 0
      vertex -11.7209 -24.0315 0
    endloop
  endfacet
  facet normal 0 0 -1
    outer loop
      vertex -17.0893 -30.8271 0
      vertex -11.7209 -24.0315 0
      vertex -17.0627 -30.868 0
    endloop
  endfacet
  facet normal 0 0 -1
    outer loop
      vertex -17.1174 -30.787 0
      vertex -11.7209 -24.0315 0
      vertex -17.0893 -30.8271 0
    endloop
  endfacet
  facet normal 0 0 -1
    outer loop
      vertex -17.1468 -30.748 0
      vertex -11.7209 -24.0315 0
      vertex -17.1174 -30.787 0
    endloop
  endfacet
  facet normal 0 0 -1
    outer loop
      vertex -17.1775 -30.71 0
      vertex -11.7209 -24.0315 0
      vertex -17.1468 -30.748 0
    endloop
  endfacet
  facet normal 0 0 -1
    outer loop
      vertex -17.2096 -30.6731 0
      vertex -11.7209 -24.0315 0
      vertex -17.1775 -30.71 0
    endloop
  endfacet
  facet normal 0 0 -1
    outer loop
      vertex -17.2429 -30.6374 0
      vertex -11.7209 -24.0315 0
      vertex -17.2096 -30.6731 0
    endloop
  endfacet
  facet normal -0 0 -1
    outer loop
      vertex -11.7209 -24.0315 0
      vertex -17.2429 -30.6374 0
      vertex -12.5525 -23.6078 0
    endloop
  endfacet
  facet normal 0 0 -1
    outer loop
      vertex -17.2775 -30.6029 0
      vertex -12.5525 -23.6078 0
      vertex -17.2429 -30.6374 0
    endloop
  endfacet
  facet normal 0 0 -1
    outer loop
      vertex -17.3132 -30.5695 0
      vertex -12.5525 -23.6078 0
      vertex -17.2775 -30.6029 0
    endloop
  endfacet
  facet normal 0 0 -1
    outer loop
      vertex -17.3501 -30.5375 0
      vertex -12.5525 -23.6078 0
      vertex -17.3132 -30.5695 0
    endloop
  endfacet
  facet normal 0 0 -1
    outer loop
      vertex -17.3881 -30.5067 0
      vertex -12.5525 -23.6078 0
      vertex -17.3501 -30.5375 0
    endloop
  endfacet
  facet normal 0 0 -1
    outer loop
      vertex -17.4271 -30.4773 0
      vertex -12.5525 -23.6078 0
      vertex -17.3881 -30.5067 0
    endloop
  endfacet
  facet normal -0 0 -1
    outer loop
      vertex -12.5525 -23.6078 0
      vertex -17.4271 -30.4773 0
      vertex -13.3687 -23.1554 0
    endloop
  endfacet
  facet normal 0 0 -1
    outer loop
      vertex -17.4671 -30.4493 0
      vertex -13.3687 -23.1554 0
      vertex -17.4271 -30.4773 0
    endloop
  endfacet
  facet normal 0 0 -1
    outer loop
      vertex -17.5081 -30.4227 0
      vertex -13.3687 -23.1554 0
      vertex -17.4671 -30.4493 0
    endloop
  endfacet
  facet normal 0 0 -1
    outer loop
      vertex -17.55 -30.3975 0
      vertex -13.3687 -23.1554 0
      vertex -17.5081 -30.4227 0
    endloop
  endfacet
  facet normal 0 0 -1
    outer loop
      vertex -17.5927 -30.3738 0
      vertex -13.3687 -23.1554 0
      vertex -17.55 -30.3975 0
    endloop
  endfacet
  facet normal 0 0 -1
    outer loop
      vertex -17.6363 -30.3516 0
      vertex -13.3687 -23.1554 0
      vertex -17.5927 -30.3738 0
    endloop
  endfacet
  facet normal 0 0 -1
    outer loop
      vertex -17.6806 -30.331 0
      vertex -13.3687 -23.1554 0
      vertex -17.6363 -30.3516 0
    endloop
  endfacet
  facet normal -0 0 -1
    outer loop
      vertex -13.3687 -23.1554 0
      vertex -17.6806 -30.331 0
      vertex -14.1687 -22.6747 0
    endloop
  endfacet
  facet normal 0 0 -1
    outer loop
      vertex -17.7256 -30.3119 0
      vertex -14.1687 -22.6747 0
      vertex -17.6806 -30.331 0
    endloop
  endfacet
  facet normal 0 0 -1
    outer loop
      vertex -17.7712 -30.2944 0
      vertex -14.1687 -22.6747 0
      vertex -17.7256 -30.3119 0
    endloop
  endfacet
  facet normal 0 0 -1
    outer loop
      vertex -17.8174 -30.2784 0
      vertex -14.1687 -22.6747 0
      vertex -17.7712 -30.2944 0
    endloop
  endfacet
  facet normal 0 0 -1
    outer loop
      vertex -17.8641 -30.2642 0
      vertex -14.1687 -22.6747 0
      vertex -17.8174 -30.2784 0
    endloop
  endfacet
  facet normal 0 0 -1
    outer loop
      vertex -17.9113 -30.2515 0
      vertex -14.1687 -22.6747 0
      vertex -17.8641 -30.2642 0
    endloop
  endfacet
  facet normal -0 0 -1
    outer loop
      vertex -14.1687 -22.6747 0
      vertex -17.9113 -30.2515 0
      vertex -14.9514 -22.1664 0
    endloop
  endfacet
  facet normal 0 0 -1
    outer loop
      vertex -17.9589 -30.2405 0
      vertex -14.9514 -22.1664 0
      vertex -17.9113 -30.2515 0
    endloop
  endfacet
  facet normal 0 0 -1
    outer loop
      vertex -18.0069 -30.2312 0
      vertex -14.9514 -22.1664 0
      vertex -17.9589 -30.2405 0
    endloop
  endfacet
  facet normal 0 0 -1
    outer loop
      vertex -18.0552 -30.2236 0
      vertex -14.9514 -22.1664 0
      vertex -18.0069 -30.2312 0
    endloop
  endfacet
  facet normal 0 0 -1
    outer loop
      vertex -18.1037 -30.2176 0
      vertex -14.9514 -22.1664 0
      vertex -18.0552 -30.2236 0
    endloop
  endfacet
  facet normal 0 0 -1
    outer loop
      vertex -18.1523 -30.2133 0
      vertex -14.9514 -22.1664 0
      vertex -18.1037 -30.2176 0
    endloop
  endfacet
  facet normal -0 0 -1
    outer loop
      vertex -14.9514 -22.1664 0
      vertex -18.1523 -30.2133 0
      vertex -15.7159 -21.6311 0
    endloop
  endfacet
  facet normal 0 0 -1
    outer loop
      vertex -18.2011 -30.2108 0
      vertex -15.7159 -21.6311 0
      vertex -18.1523 -30.2133 0
    endloop
  endfacet
  facet normal 0 0 -1
    outer loop
      vertex -18.25 -30.2099 0
      vertex -15.7159 -21.6311 0
      vertex -18.2011 -30.2108 0
    endloop
  endfacet
  facet normal 0 0 -1
    outer loop
      vertex -18.2989 -30.2108 0
      vertex -15.7159 -21.6311 0
      vertex -18.25 -30.2099 0
    endloop
  endfacet
  facet normal 0 0 -1
    outer loop
      vertex -18.3477 -30.2133 0
      vertex -15.7159 -21.6311 0
      vertex -18.2989 -30.2108 0
    endloop
  endfacet
  facet normal 0 0 -1
    outer loop
      vertex -18.3963 -30.2176 0
      vertex -15.7159 -21.6311 0
      vertex -18.3477 -30.2133 0
    endloop
  endfacet
  facet normal -0 0 -1
    outer loop
      vertex -15.7159 -21.6311 0
      vertex -18.3963 -30.2176 0
      vertex -16.4612 -21.0694 0
    endloop
  endfacet
  facet normal 0 0 -1
    outer loop
      vertex -18.4448 -30.2236 0
      vertex -16.4612 -21.0694 0
      vertex -18.3963 -30.2176 0
    endloop
  endfacet
  facet normal 0 0 -1
    outer loop
      vertex -18.4931 -30.2312 0
      vertex -16.4612 -21.0694 0
      vertex -18.4448 -30.2236 0
    endloop
  endfacet
  facet normal 0 0 -1
    outer loop
      vertex -18.5411 -30.2405 0
      vertex -16.4612 -21.0694 0
      vertex -18.4931 -30.2312 0
    endloop
  endfacet
  facet normal 0 0 -1
    outer loop
      vertex -18.5887 -30.2515 0
      vertex -16.4612 -21.0694 0
      vertex -18.5411 -30.2405 0
    endloop
  endfacet
  facet normal 0 0 -1
    outer loop
      vertex -18.6359 -30.2642 0
      vertex -16.4612 -21.0694 0
      vertex -18.5887 -30.2515 0
    endloop
  endfacet
  facet normal -0 0 -1
    outer loop
      vertex -16.4612 -21.0694 0
      vertex -18.6359 -30.2642 0
      vertex -17.1865 -20.4821 0
    endloop
  endfacet
  facet normal 0 0 -1
    outer loop
      vertex -18.6826 -30.2784 0
      vertex -17.1865 -20.4821 0
      vertex -18.6359 -30.2642 0
    endloop
  endfacet
  facet normal 0 0 -1
    outer loop
      vertex -18.7288 -30.2944 0
      vertex -17.1865 -20.4821 0
      vertex -18.6826 -30.2784 0
    endloop
  endfacet
  facet normal 0 0 -1
    outer loop
      vertex -18.7744 -30.3119 0
      vertex -17.1865 -20.4821 0
      vertex -18.7288 -30.2944 0
    endloop
  endfacet
  facet normal 0 0 -1
    outer loop
      vertex -18.8194 -30.331 0
      vertex -17.1865 -20.4821 0
      vertex -18.7744 -30.3119 0
    endloop
  endfacet
  facet normal 0 0 -1
    outer loop
      vertex -18.8637 -30.3516 0
      vertex -17.1865 -20.4821 0
      vertex -18.8194 -30.331 0
    endloop
  endfacet
  facet normal -0 0 -1
    outer loop
      vertex -17.1865 -20.4821 0
      vertex -18.8637 -30.3516 0
      vertex -17.8909 -19.8698 0
    endloop
  endfacet
  facet normal 0 0 -1
    outer loop
      vertex -18.9073 -30.3738 0
      vertex -17.8909 -19.8698 0
      vertex -18.8637 -30.3516 0
    endloop
  endfacet
  facet normal 0 0 -1
    outer loop
      vertex -18.95 -30.3975 0
      vertex -17.8909 -19.8698 0
      vertex -18.9073 -30.3738 0
    endloop
  endfacet
  facet normal 0 0 -1
    outer loop
      vertex -18.9919 -30.4227 0
      vertex -17.8909 -19.8698 0
      vertex -18.95 -30.3975 0
    endloop
  endfacet
  facet normal 0 0 -1
    outer loop
      vertex -19.0329 -30.4493 0
      vertex -17.8909 -19.8698 0
      vertex -18.9919 -30.4227 0
    endloop
  endfacet
  facet normal -0 0 -1
    outer loop
      vertex -17.8909 -19.8698 0
      vertex -19.0329 -30.4493 0
      vertex -18.5734 -19.2333 0
    endloop
  endfacet
  facet normal 0 0 -1
    outer loop
      vertex -19.0729 -30.4773 0
      vertex -18.5734 -19.2333 0
      vertex -19.0329 -30.4493 0
    endloop
  endfacet
  facet normal 0 0 -1
    outer loop
      vertex -19.1119 -30.5067 0
      vertex -18.5734 -19.2333 0
      vertex -19.0729 -30.4773 0
    endloop
  endfacet
  facet normal 0 0 -1
    outer loop
      vertex -19.1499 -30.5375 0
      vertex -18.5734 -19.2333 0
      vertex -19.1119 -30.5067 0
    endloop
  endfacet
  facet normal 0 0 -1
    outer loop
      vertex -19.1868 -30.5695 0
      vertex -18.5734 -19.2333 0
      vertex -19.1499 -30.5375 0
    endloop
  endfacet
  facet normal 0 0 -1
    outer loop
      vertex -19.2333 -18.5734 0
      vertex -19.1868 -30.5695 0
      vertex -19.2225 -30.6029 0
    endloop
  endfacet
  facet normal 0 0 -1
    outer loop
      vertex -19.1868 -30.5695 0
      vertex -19.2333 -18.5734 0
      vertex -18.5734 -19.2333 0
    endloop
  endfacet
  facet normal 0 0 -1
    outer loop
      vertex -19.2571 -30.6374 0
      vertex -19.2333 -18.5734 0
      vertex -19.2225 -30.6029 0
    endloop
  endfacet
  facet normal 0 0 -1
    outer loop
      vertex -19.2904 -30.6731 0
      vertex -19.2333 -18.5734 0
      vertex -19.2571 -30.6374 0
    endloop
  endfacet
  facet normal 0 0 -1
    outer loop
      vertex -19.3225 -30.71 0
      vertex -19.2333 -18.5734 0
      vertex -19.2904 -30.6731 0
    endloop
  endfacet
  facet normal 0 0 -1
    outer loop
      vertex -19.8698 -17.8909 0
      vertex -19.3225 -30.71 0
      vertex -19.3532 -30.748 0
    endloop
  endfacet
  facet normal 0 0 -1
    outer loop
      vertex -19.8698 -17.8909 0
      vertex -19.3532 -30.748 0
      vertex -19.3826 -30.787 0
    endloop
  endfacet
  facet normal 0 0 -1
    outer loop
      vertex -19.8698 -17.8909 0
      vertex -19.3826 -30.787 0
      vertex -19.4107 -30.8271 0
    endloop
  endfacet
  facet normal 0 0 -1
    outer loop
      vertex -20.4821 -17.1865 0
      vertex -19.4107 -30.8271 0
      vertex -19.4373 -30.868 0
    endloop
  endfacet
  facet normal 0 0 -1
    outer loop
      vertex -20.4821 -17.1865 0
      vertex -19.4373 -30.868 0
      vertex -19.4624 -30.9099 0
    endloop
  endfacet
  facet normal 0 0 -1
    outer loop
      vertex -20.4821 -17.1865 0
      vertex -19.4624 -30.9099 0
      vertex -19.4861 -30.9527 0
    endloop
  endfacet
  facet normal 0 0 -1
    outer loop
      vertex -20.4821 -17.1865 0
      vertex -19.4861 -30.9527 0
      vertex -19.5083 -30.9962 0
    endloop
  endfacet
  facet normal 0 0 -1
    outer loop
      vertex -20.4821 -17.1865 0
      vertex -19.5083 -30.9962 0
      vertex -19.529 -31.0405 0
    endloop
  endfacet
  facet normal 0 0 -1
    outer loop
      vertex -20.4821 -17.1865 0
      vertex -19.529 -31.0405 0
      vertex -19.5481 -31.0855 0
    endloop
  endfacet
  facet normal 0 0 -1
    outer loop
      vertex -20.4821 -17.1865 0
      vertex -19.5481 -31.0855 0
      vertex -19.5656 -31.1311 0
    endloop
  endfacet
  facet normal 0 0 -1
    outer loop
      vertex -20.4821 -17.1865 0
      vertex -19.5656 -31.1311 0
      vertex -19.5815 -31.1773 0
    endloop
  endfacet
  facet normal 0 0 -1
    outer loop
      vertex -20.4821 -17.1865 0
      vertex -19.5815 -31.1773 0
      vertex -19.5958 -31.224 0
    endloop
  endfacet
  facet normal 0 0 -1
    outer loop
      vertex -20.4821 -17.1865 0
      vertex -19.5958 -31.224 0
      vertex -19.6084 -31.2712 0
    endloop
  endfacet
  facet normal 0 0 -1
    outer loop
      vertex -20.4821 -17.1865 0
      vertex -19.6084 -31.2712 0
      vertex -19.6194 -31.3189 0
    endloop
  endfacet
  facet normal 0 0 -1
    outer loop
      vertex -20.4821 -17.1865 0
      vertex -19.6194 -31.3189 0
      vertex -19.6287 -31.3668 0
    endloop
  endfacet
  facet normal 0 0 -1
    outer loop
      vertex -20.4821 -17.1865 0
      vertex -19.6287 -31.3668 0
      vertex -19.6364 -31.4151 0
    endloop
  endfacet
  facet normal 0 0 -1
    outer loop
      vertex -20.4821 -17.1865 0
      vertex -19.6364 -31.4151 0
      vertex -19.6423 -31.4636 0
    endloop
  endfacet
  facet normal 0 0 -1
    outer loop
      vertex -20.4821 -17.1865 0
      vertex -19.6423 -31.4636 0
      vertex -19.6466 -31.5123 0
    endloop
  endfacet
  facet normal 0 0 -1
    outer loop
      vertex -20.4821 -17.1865 0
      vertex -19.6466 -31.5123 0
      vertex -19.6491 -31.5611 0
    endloop
  endfacet
  facet normal 0 0 -1
    outer loop
      vertex -19.3225 -30.71 0
      vertex -19.8698 -17.8909 0
      vertex -19.2333 -18.5734 0
    endloop
  endfacet
  facet normal 0 0 -1
    outer loop
      vertex -24.0992 -33.1697 0
      vertex -19.6491 -31.5611 0
      vertex -19.65 -31.6099 0
    endloop
  endfacet
  facet normal -0.707107 0.707107 0
    outer loop
      vertex -29.4929 28.481 0
      vertex -28.481 29.4929 3
      vertex -28.481 29.4929 0
    endloop
  endfacet
  facet normal -0.707107 0.707107 0
    outer loop
      vertex -28.481 29.4929 3
      vertex -29.4929 28.481 0
      vertex -29.4929 28.481 3
    endloop
  endfacet
  facet normal 0.325562 0.945521 -0
    outer loop
      vertex 14.0228 38.5274 0
      vertex 12.6697 38.9933 3
      vertex 14.0228 38.5274 3
    endloop
  endfacet
  facet normal 0.325562 0.945521 0
    outer loop
      vertex 12.6697 38.9933 3
      vertex 14.0228 38.5274 0
      vertex 12.6697 38.9933 0
    endloop
  endfacet
  facet normal -0.838645 -0.544679 0
    outer loop
      vertex -33.9905 -22.9269 0
      vertex -34.77 -21.7267 3
      vertex -34.77 -21.7267 0
    endloop
  endfacet
  facet normal -0.838645 -0.544679 0
    outer loop
      vertex -34.77 -21.7267 3
      vertex -33.9905 -22.9269 0
      vertex -33.9905 -22.9269 3
    endloop
  endfacet
  facet normal -0.707107 -0.707107 0
    outer loop
      vertex -28.481 -29.4929 0
      vertex -29.4929 -28.481 3
      vertex -29.4929 -28.481 0
    endloop
  endfacet
  facet normal -0.707107 -0.707107 0
    outer loop
      vertex -29.4929 -28.481 3
      vertex -28.481 -29.4929 0
      vertex -28.481 -29.4929 3
    endloop
  endfacet
  facet normal 0.292357 0.956309 -0
    outer loop
      vertex 12.6697 38.9933 0
      vertex 11.3011 39.4117 3
      vertex 12.6697 38.9933 3
    endloop
  endfacet
  facet normal 0.292357 0.956309 0
    outer loop
      vertex 11.3011 39.4117 3
      vertex 12.6697 38.9933 0
      vertex 11.3011 39.4117 0
    endloop
  endfacet
  facet normal 0.731343 0.682009 0
    outer loop
      vertex 30.4689 27.4344 3
      vertex 29.4929 28.481 0
      vertex 29.4929 28.481 3
    endloop
  endfacet
  facet normal 0.731343 0.682009 0
    outer loop
      vertex 29.4929 28.481 0
      vertex 30.4689 27.4344 3
      vertex 30.4689 27.4344 0
    endloop
  endfacet
  facet normal -0.956309 0.292357 0
    outer loop
      vertex -39.4117 11.3011 0
      vertex -38.9933 12.6697 3
      vertex -38.9933 12.6697 0
    endloop
  endfacet
  facet normal -0.956309 0.292357 0
    outer loop
      vertex -38.9933 12.6697 3
      vertex -39.4117 11.3011 0
      vertex -39.4117 11.3011 3
    endloop
  endfacet
  facet normal -0.601843 -0.798614 0
    outer loop
      vertex -25.2421 -32.3084 0
      vertex -24.0992 -33.1697 3
      vertex -25.2421 -32.3084 3
    endloop
  endfacet
  facet normal -0.601843 -0.798614 -0
    outer loop
      vertex -24.0992 -33.1697 3
      vertex -25.2421 -32.3084 0
      vertex -24.0992 -33.1697 0
    endloop
  endfacet
  facet normal 0.258828 0.965923 -0
    outer loop
      vertex 11.3011 39.4117 0
      vertex 9.9188 39.7821 3
      vertex 11.3011 39.4117 3
    endloop
  endfacet
  facet normal 0.258828 0.965923 0
    outer loop
      vertex 9.9188 39.7821 3
      vertex 11.3011 39.4117 0
      vertex 9.9188 39.7821 0
    endloop
  endfacet
  facet normal -0.999847 -0.0174691 0
    outer loop
      vertex -40.975 -1.43088 0
      vertex -41 0 3
      vertex -41 0 0
    endloop
  endfacet
  facet normal -0.999847 -0.0174691 0
    outer loop
      vertex -41 0 3
      vertex -40.975 -1.43088 0
      vertex -40.975 -1.43088 3
    endloop
  endfacet
  facet normal 0.999847 -0.0174691 0
    outer loop
      vertex 40.975 -1.43088 3
      vertex 41 0 0
      vertex 41 0 3
    endloop
  endfacet
  facet normal 0.999847 -0.0174691 0
    outer loop
      vertex 41 0 0
      vertex 40.975 -1.43088 3
      vertex 40.975 -1.43088 0
    endloop
  endfacet
  facet normal -0.992547 0.121865 0
    outer loop
      vertex -40.7754 4.28567 0
      vertex -40.601 5.7061 3
      vertex -40.601 5.7061 0
    endloop
  endfacet
  facet normal -0.992547 0.121865 0
    outer loop
      vertex -40.601 5.7061 3
      vertex -40.7754 4.28567 0
      vertex -40.7754 4.28567 3
    endloop
  endfacet
  facet normal -0.190831 0.981623 0
    outer loop
      vertex -7.11957 40.3771 0
      vertex -8.52438 40.104 3
      vertex -7.11957 40.3771 3
    endloop
  endfacet
  facet normal -0.190831 0.981623 0
    outer loop
      vertex -8.52438 40.104 3
      vertex -7.11957 40.3771 0
      vertex -8.52438 40.104 0
    endloop
  endfacet
  facet normal 0.707107 0.707107 0
    outer loop
      vertex 29.4929 28.481 3
      vertex 28.481 29.4929 0
      vertex 28.481 29.4929 3
    endloop
  endfacet
  facet normal 0.707107 0.707107 0
    outer loop
      vertex 28.481 29.4929 0
      vertex 29.4929 28.481 3
      vertex 29.4929 28.481 0
    endloop
  endfacet
  facet normal 0.629303 -0.77716 0
    outer loop
      vertex 25.2421 -32.3084 0
      vertex 26.3543 -31.4078 3
      vertex 25.2421 -32.3084 3
    endloop
  endfacet
  facet normal 0.629303 -0.77716 0
    outer loop
      vertex 26.3543 -31.4078 3
      vertex 25.2421 -32.3084 0
      vertex 26.3543 -31.4078 0
    endloop
  endfacet
  facet normal 0.224933 0.974374 -0
    outer loop
      vertex 9.9188 39.7821 0
      vertex 8.52438 40.104 3
      vertex 9.9188 39.7821 3
    endloop
  endfacet
  facet normal 0.224933 0.974374 0
    outer loop
      vertex 8.52438 40.104 3
      vertex 9.9188 39.7821 0
      vertex 8.52438 40.104 0
    endloop
  endfacet
  facet normal 0.156454 0.987685 -0
    outer loop
      vertex 7.11957 40.3771 0
      vertex 5.7061 40.601 3
      vertex 7.11957 40.3771 3
    endloop
  endfacet
  facet normal 0.156454 0.987685 0
    outer loop
      vertex 5.7061 40.601 3
      vertex 7.11957 40.3771 0
      vertex 5.7061 40.601 0
    endloop
  endfacet
  facet normal -0.224933 -0.974374 0
    outer loop
      vertex -9.9188 -39.7821 0
      vertex -8.52438 -40.104 3
      vertex -9.9188 -39.7821 3
    endloop
  endfacet
  facet normal -0.224933 -0.974374 -0
    outer loop
      vertex -8.52438 -40.104 3
      vertex -9.9188 -39.7821 0
      vertex -8.52438 -40.104 0
    endloop
  endfacet
  facet normal -0.987685 0.156454 0
    outer loop
      vertex -40.601 5.7061 0
      vertex -40.3771 7.11957 3
      vertex -40.3771 7.11957 0
    endloop
  endfacet
  facet normal -0.987685 0.156454 0
    outer loop
      vertex -40.3771 7.11957 3
      vertex -40.601 5.7061 0
      vertex -40.601 5.7061 3
    endloop
  endfacet
  facet normal -0.156454 -0.987685 0
    outer loop
      vertex -7.11957 -40.3771 0
      vertex -5.7061 -40.601 3
      vertex -7.11957 -40.3771 3
    endloop
  endfacet
  facet normal -0.156454 -0.987685 -0
    outer loop
      vertex -5.7061 -40.601 3
      vertex -7.11957 -40.3771 0
      vertex -5.7061 -40.601 0
    endloop
  endfacet
  facet normal -0.754715 0.656052 0
    outer loop
      vertex -31.4078 26.3543 0
      vertex -30.4689 27.4344 3
      vertex -30.4689 27.4344 0
    endloop
  endfacet
  facet normal -0.754715 0.656052 0
    outer loop
      vertex -30.4689 27.4344 3
      vertex -31.4078 26.3543 0
      vertex -31.4078 26.3543 3
    endloop
  endfacet
  facet normal -0.987685 -0.156454 0
    outer loop
      vertex -40.3771 -7.11957 0
      vertex -40.601 -5.7061 3
      vertex -40.601 -5.7061 0
    endloop
  endfacet
  facet normal -0.987685 -0.156454 0
    outer loop
      vertex -40.601 -5.7061 3
      vertex -40.3771 -7.11957 0
      vertex -40.3771 -7.11957 3
    endloop
  endfacet
  facet normal -0.573551 0.81917 0
    outer loop
      vertex -22.9269 33.9905 0
      vertex -24.0992 33.1697 3
      vertex -22.9269 33.9905 3
    endloop
  endfacet
  facet normal -0.573551 0.81917 0
    outer loop
      vertex -24.0992 33.1697 3
      vertex -22.9269 33.9905 0
      vertex -24.0992 33.1697 0
    endloop
  endfacet
  facet normal -0.92052 -0.390695 0
    outer loop
      vertex -37.4554 -16.6762 0
      vertex -38.0145 -15.3589 3
      vertex -38.0145 -15.3589 0
    endloop
  endfacet
  facet normal -0.92052 -0.390695 0
    outer loop
      vertex -38.0145 -15.3589 3
      vertex -37.4554 -16.6762 0
      vertex -37.4554 -16.6762 3
    endloop
  endfacet
  facet normal 0.891005 -0.453993 0
    outer loop
      vertex 36.2009 -19.2483 3
      vertex 36.8506 -17.9732 0
      vertex 36.8506 -17.9732 3
    endloop
  endfacet
  facet normal 0.891005 -0.453993 0
    outer loop
      vertex 36.8506 -17.9732 0
      vertex 36.2009 -19.2483 3
      vertex 36.2009 -19.2483 0
    endloop
  endfacet
  facet normal -0.891005 0.453993 0
    outer loop
      vertex -36.8506 17.9732 0
      vertex -36.2009 19.2483 3
      vertex -36.2009 19.2483 0
    endloop
  endfacet
  facet normal -0.891005 0.453993 0
    outer loop
      vertex -36.2009 19.2483 3
      vertex -36.8506 17.9732 0
      vertex -36.8506 17.9732 3
    endloop
  endfacet
  facet normal -0.857191 -0.514999 0
    outer loop
      vertex -34.77 -21.7267 0
      vertex -35.507 -20.5 3
      vertex -35.507 -20.5 0
    endloop
  endfacet
  facet normal -0.857191 -0.514999 0
    outer loop
      vertex -35.507 -20.5 3
      vertex -34.77 -21.7267 0
      vertex -34.77 -21.7267 3
    endloop
  endfacet
  facet normal -0.484848 0.874599 0
    outer loop
      vertex -19.2483 36.2009 0
      vertex -20.5 35.507 3
      vertex -19.2483 36.2009 3
    endloop
  endfacet
  facet normal -0.484848 0.874599 0
    outer loop
      vertex -20.5 35.507 3
      vertex -19.2483 36.2009 0
      vertex -20.5 35.507 0
    endloop
  endfacet
  facet normal 0.933576 0.35838 0
    outer loop
      vertex 38.5274 14.0228 3
      vertex 38.0145 15.3589 0
      vertex 38.0145 15.3589 3
    endloop
  endfacet
  facet normal 0.933576 0.35838 0
    outer loop
      vertex 38.0145 15.3589 0
      vertex 38.5274 14.0228 3
      vertex 38.5274 14.0228 0
    endloop
  endfacet
  facet normal -0.544679 0.838645 0
    outer loop
      vertex -21.7267 34.77 0
      vertex -22.9269 33.9905 3
      vertex -21.7267 34.77 3
    endloop
  endfacet
  facet normal -0.544679 0.838645 0
    outer loop
      vertex -22.9269 33.9905 3
      vertex -21.7267 34.77 0
      vertex -22.9269 33.9905 0
    endloop
  endfacet
  facet normal -0.77716 0.629303 0
    outer loop
      vertex -32.3084 25.2421 0
      vertex -31.4078 26.3543 3
      vertex -31.4078 26.3543 0
    endloop
  endfacet
  facet normal -0.77716 0.629303 0
    outer loop
      vertex -31.4078 26.3543 3
      vertex -32.3084 25.2421 0
      vertex -32.3084 25.2421 3
    endloop
  endfacet
  facet normal -0.544679 -0.838645 0
    outer loop
      vertex -22.9269 -33.9905 0
      vertex -21.7267 -34.77 3
      vertex -22.9269 -33.9905 3
    endloop
  endfacet
  facet normal -0.544679 -0.838645 -0
    outer loop
      vertex -21.7267 -34.77 3
      vertex -22.9269 -33.9905 0
      vertex -21.7267 -34.77 0
    endloop
  endfacet
  facet normal -0.656052 -0.754715 0
    outer loop
      vertex -27.4344 -30.4689 0
      vertex -26.3543 -31.4078 3
      vertex -27.4344 -30.4689 3
    endloop
  endfacet
  facet normal -0.656052 -0.754715 -0
    outer loop
      vertex -26.3543 -31.4078 3
      vertex -27.4344 -30.4689 0
      vertex -26.3543 -31.4078 0
    endloop
  endfacet
  facet normal 0.92052 0.390695 0
    outer loop
      vertex 38.0145 15.3589 3
      vertex 37.4554 16.6762 0
      vertex 37.4554 16.6762 3
    endloop
  endfacet
  facet normal 0.92052 0.390695 0
    outer loop
      vertex 37.4554 16.6762 0
      vertex 38.0145 15.3589 3
      vertex 38.0145 15.3589 0
    endloop
  endfacet
  facet normal 0.987685 0.156454 0
    outer loop
      vertex 40.601 5.7061 3
      vertex 40.3771 7.11957 0
      vertex 40.3771 7.11957 3
    endloop
  endfacet
  facet normal 0.987685 0.156454 0
    outer loop
      vertex 40.3771 7.11957 0
      vertex 40.601 5.7061 3
      vertex 40.601 5.7061 0
    endloop
  endfacet
  facet normal -0.798614 0.601843 0
    outer loop
      vertex -33.1697 24.0992 0
      vertex -32.3084 25.2421 3
      vertex -32.3084 25.2421 0
    endloop
  endfacet
  facet normal -0.798614 0.601843 0
    outer loop
      vertex -32.3084 25.2421 3
      vertex -33.1697 24.0992 0
      vertex -33.1697 24.0992 3
    endloop
  endfacet
  facet normal -0.92052 0.390695 0
    outer loop
      vertex -38.0145 15.3589 0
      vertex -37.4554 16.6762 3
      vertex -37.4554 16.6762 0
    endloop
  endfacet
  facet normal -0.92052 0.390695 0
    outer loop
      vertex -37.4554 16.6762 3
      vertex -38.0145 15.3589 0
      vertex -38.0145 15.3589 3
    endloop
  endfacet
  facet normal -0.390695 -0.92052 0
    outer loop
      vertex -16.6762 -37.4554 0
      vertex -15.3589 -38.0145 3
      vertex -16.6762 -37.4554 3
    endloop
  endfacet
  facet normal -0.390695 -0.92052 -0
    outer loop
      vertex -15.3589 -38.0145 3
      vertex -16.6762 -37.4554 0
      vertex -15.3589 -38.0145 0
    endloop
  endfacet
  facet normal -0.390695 0.92052 0
    outer loop
      vertex -15.3589 38.0145 0
      vertex -16.6762 37.4554 3
      vertex -15.3589 38.0145 3
    endloop
  endfacet
  facet normal -0.390695 0.92052 0
    outer loop
      vertex -16.6762 37.4554 3
      vertex -15.3589 38.0145 0
      vertex -16.6762 37.4554 0
    endloop
  endfacet
  facet normal -0.292357 0.956309 0
    outer loop
      vertex -11.3011 39.4117 0
      vertex -12.6697 38.9933 3
      vertex -11.3011 39.4117 3
    endloop
  endfacet
  facet normal -0.292357 0.956309 0
    outer loop
      vertex -12.6697 38.9933 3
      vertex -11.3011 39.4117 0
      vertex -12.6697 38.9933 0
    endloop
  endfacet
  facet normal -0.0523377 -0.998629 0
    outer loop
      vertex -2.86001 -40.9001 0
      vertex -1.43088 -40.975 3
      vertex -2.86001 -40.9001 3
    endloop
  endfacet
  facet normal -0.0523377 -0.998629 -0
    outer loop
      vertex -1.43088 -40.975 3
      vertex -2.86001 -40.9001 0
      vertex -1.43088 -40.975 0
    endloop
  endfacet
  facet normal -0.422618 0.906308 0
    outer loop
      vertex -16.6762 37.4554 0
      vertex -17.9732 36.8506 3
      vertex -16.6762 37.4554 3
    endloop
  endfacet
  facet normal -0.422618 0.906308 0
    outer loop
      vertex -17.9732 36.8506 3
      vertex -16.6762 37.4554 0
      vertex -17.9732 36.8506 0
    endloop
  endfacet
  facet normal -0.906308 -0.422618 0
    outer loop
      vertex -36.8506 -17.9732 0
      vertex -37.4554 -16.6762 3
      vertex -37.4554 -16.6762 0
    endloop
  endfacet
  facet normal -0.906308 -0.422618 0
    outer loop
      vertex -37.4554 -16.6762 3
      vertex -36.8506 -17.9732 0
      vertex -36.8506 -17.9732 3
    endloop
  endfacet
  facet normal -0.453993 -0.891005 0
    outer loop
      vertex -19.2483 -36.2009 0
      vertex -17.9732 -36.8506 3
      vertex -19.2483 -36.2009 3
    endloop
  endfacet
  facet normal -0.453993 -0.891005 -0
    outer loop
      vertex -17.9732 -36.8506 3
      vertex -19.2483 -36.2009 0
      vertex -17.9732 -36.8506 0
    endloop
  endfacet
  facet normal 0.81917 -0.573551 0
    outer loop
      vertex 33.1697 -24.0992 3
      vertex 33.9905 -22.9269 0
      vertex 33.9905 -22.9269 3
    endloop
  endfacet
  facet normal 0.81917 -0.573551 0
    outer loop
      vertex 33.9905 -22.9269 0
      vertex 33.1697 -24.0992 3
      vertex 33.1697 -24.0992 0
    endloop
  endfacet
  facet normal 0.601843 -0.798614 0
    outer loop
      vertex 24.0992 -33.1697 0
      vertex 25.2421 -32.3084 3
      vertex 24.0992 -33.1697 3
    endloop
  endfacet
  facet normal 0.601843 -0.798614 0
    outer loop
      vertex 25.2421 -32.3084 3
      vertex 24.0992 -33.1697 0
      vertex 25.2421 -32.3084 0
    endloop
  endfacet
  facet normal 0.453972 0.891016 -0
    outer loop
      vertex 12.5525 23.6078 -2
      vertex 11.7209 24.0315 0
      vertex 12.5525 23.6078 0
    endloop
  endfacet
  facet normal 0.453972 0.891016 0
    outer loop
      vertex 11.7209 24.0315 0
      vertex 12.5525 23.6078 -2
      vertex 11.7209 24.0315 -2
    endloop
  endfacet
  facet normal 0.998632 0.0522897 0
    outer loop
      vertex 26.7212 0.933125 0
      vertex 26.6724 1.86511 -2
      vertex 26.6724 1.86511 0
    endloop
  endfacet
  facet normal 0.998632 0.0522897 0
    outer loop
      vertex 26.6724 1.86511 -2
      vertex 26.7212 0.933125 0
      vertex 26.7212 0.933125 -2
    endloop
  endfacet
  facet normal 0.999847 0.0174655 0
    outer loop
      vertex 26.7375 0 0
      vertex 26.7212 0.933125 -2
      vertex 26.7212 0.933125 0
    endloop
  endfacet
  facet normal 0.999847 0.0174655 0
    outer loop
      vertex 26.7212 0.933125 -2
      vertex 26.7375 0 0
      vertex 26.7375 0 -2
    endloop
  endfacet
  facet normal 0.996189 0.0872196 0
    outer loop
      vertex 26.6724 1.86511 0
      vertex 26.591 2.79483 -2
      vertex 26.591 2.79483 0
    endloop
  endfacet
  facet normal 0.996189 0.0872196 0
    outer loop
      vertex 26.591 2.79483 -2
      vertex 26.6724 1.86511 0
      vertex 26.6724 1.86511 -2
    endloop
  endfacet
  facet normal -0.987688 -0.156439 0
    outer loop
      vertex -26.3313 -4.64292 -2
      vertex -26.4773 -3.72114 0
      vertex -26.4773 -3.72114 -2
    endloop
  endfacet
  facet normal -0.987688 -0.156439 0
    outer loop
      vertex -26.4773 -3.72114 0
      vertex -26.3313 -4.64292 -2
      vertex -26.3313 -4.64292 0
    endloop
  endfacet
  facet normal 0.422616 -0.906309 0
    outer loop
      vertex 10.8751 -24.4259 -2
      vertex 11.7209 -24.0315 0
      vertex 10.8751 -24.4259 0
    endloop
  endfacet
  facet normal 0.422616 -0.906309 0
    outer loop
      vertex 11.7209 -24.0315 0
      vertex 10.8751 -24.4259 -2
      vertex 11.7209 -24.0315 -2
    endloop
  endfacet
  facet normal 0.992551 0.121831 0
    outer loop
      vertex 26.591 2.79483 0
      vertex 26.4773 3.72114 -2
      vertex 26.4773 3.72114 0
    endloop
  endfacet
  facet normal 0.992551 0.121831 0
    outer loop
      vertex 26.4773 3.72114 -2
      vertex 26.591 2.79483 0
      vertex 26.591 2.79483 -2
    endloop
  endfacet
  facet normal -0.945499 -0.325624 0
    outer loop
      vertex -25.125 -9.14476 -2
      vertex -25.4289 -8.26234 0
      vertex -25.4289 -8.26234 -2
    endloop
  endfacet
  facet normal -0.945499 -0.325624 0
    outer loop
      vertex -25.4289 -8.26234 0
      vertex -25.125 -9.14476 -2
      vertex -25.125 -9.14476 0
    endloop
  endfacet
  facet normal -0.998632 0.0522897 0
    outer loop
      vertex -26.7212 0.933125 -2
      vertex -26.6724 1.86511 0
      vertex -26.6724 1.86511 -2
    endloop
  endfacet
  facet normal -0.998632 0.0522897 0
    outer loop
      vertex -26.6724 1.86511 0
      vertex -26.7212 0.933125 -2
      vertex -26.7212 0.933125 0
    endloop
  endfacet
  facet normal 0.974379 -0.22491 0
    outer loop
      vertex 25.9433 -6.46839 0
      vertex 26.1532 -5.55904 -2
      vertex 26.1532 -5.55904 0
    endloop
  endfacet
  facet normal 0.974379 -0.22491 0
    outer loop
      vertex 26.1532 -5.55904 -2
      vertex 25.9433 -6.46839 0
      vertex 25.9433 -6.46839 -2
    endloop
  endfacet
  facet normal 0.484787 0.874632 -0
    outer loop
      vertex 13.3687 23.1554 -2
      vertex 12.5525 23.6078 0
      vertex 13.3687 23.1554 0
    endloop
  endfacet
  facet normal 0.484787 0.874632 0
    outer loop
      vertex 12.5525 23.6078 0
      vertex 13.3687 23.1554 -2
      vertex 12.5525 23.6078 -2
    endloop
  endfacet
  facet normal -0.629297 0.777165 0
    outer loop
      vertex -16.4612 21.0694 -2
      vertex -17.1865 20.4821 0
      vertex -16.4612 21.0694 0
    endloop
  endfacet
  facet normal -0.629297 0.777165 0
    outer loop
      vertex -17.1865 20.4821 0
      vertex -16.4612 21.0694 -2
      vertex -17.1865 20.4821 -2
    endloop
  endfacet
  facet normal -0.956323 0.292311 0
    outer loop
      vertex -25.7017 7.36985 -2
      vertex -25.4289 8.26234 0
      vertex -25.4289 8.26234 -2
    endloop
  endfacet
  facet normal -0.956323 0.292311 0
    outer loop
      vertex -25.4289 8.26234 0
      vertex -25.7017 7.36985 -2
      vertex -25.7017 7.36985 0
    endloop
  endfacet
  facet normal 0.981622 0.190834 0
    outer loop
      vertex 26.3313 4.64292 0
      vertex 26.1532 5.55904 -2
      vertex 26.1532 5.55904 0
    endloop
  endfacet
  facet normal 0.981622 0.190834 0
    outer loop
      vertex 26.1532 5.55904 -2
      vertex 26.3313 4.64292 0
      vertex 26.3313 4.64292 -2
    endloop
  endfacet
  facet normal -0.656043 0.754723 0
    outer loop
      vertex -17.1865 20.4821 -2
      vertex -17.8909 19.8698 0
      vertex -17.1865 20.4821 0
    endloop
  endfacet
  facet normal -0.656043 0.754723 0
    outer loop
      vertex -17.8909 19.8698 0
      vertex -17.1865 20.4821 -2
      vertex -17.8909 19.8698 -2
    endloop
  endfacet
  facet normal -0.819156 -0.57357 0
    outer loop
      vertex -21.6311 -15.7159 -2
      vertex -22.1664 -14.9514 0
      vertex -22.1664 -14.9514 -2
    endloop
  endfacet
  facet normal -0.819156 -0.57357 0
    outer loop
      vertex -22.1664 -14.9514 0
      vertex -21.6311 -15.7159 -2
      vertex -21.6311 -15.7159 0
    endloop
  endfacet
  facet normal -0.0522897 0.998632 0
    outer loop
      vertex -0.933125 26.7212 -2
      vertex -1.86511 26.6724 0
      vertex -0.933125 26.7212 0
    endloop
  endfacet
  facet normal -0.0522897 0.998632 0
    outer loop
      vertex -1.86511 26.6724 0
      vertex -0.933125 26.7212 -2
      vertex -1.86511 26.6724 -2
    endloop
  endfacet
  facet normal 0.453972 -0.891016 0
    outer loop
      vertex 11.7209 -24.0315 -2
      vertex 12.5525 -23.6078 0
      vertex 11.7209 -24.0315 0
    endloop
  endfacet
  facet normal 0.453972 -0.891016 0
    outer loop
      vertex 12.5525 -23.6078 0
      vertex 11.7209 -24.0315 -2
      vertex 12.5525 -23.6078 -2
    endloop
  endfacet
  facet normal -0.57357 0.819156 0
    outer loop
      vertex -14.9514 22.1664 -2
      vertex -15.7159 21.6311 0
      vertex -14.9514 22.1664 0
    endloop
  endfacet
  facet normal -0.57357 0.819156 0
    outer loop
      vertex -15.7159 21.6311 0
      vertex -14.9514 22.1664 -2
      vertex -15.7159 21.6311 -2
    endloop
  endfacet
  facet normal -0.258874 -0.965911 0
    outer loop
      vertex -7.36985 -25.7017 -2
      vertex -6.46839 -25.9433 0
      vertex -7.36985 -25.7017 0
    endloop
  endfacet
  facet normal -0.258874 -0.965911 -0
    outer loop
      vertex -6.46839 -25.9433 0
      vertex -7.36985 -25.7017 -2
      vertex -6.46839 -25.9433 -2
    endloop
  endfacet
  facet normal 0.390762 -0.920492 0
    outer loop
      vertex 10.016 -24.7906 -2
      vertex 10.8751 -24.4259 0
      vertex 10.016 -24.7906 0
    endloop
  endfacet
  facet normal 0.390762 -0.920492 0
    outer loop
      vertex 10.8751 -24.4259 0
      vertex 10.016 -24.7906 -2
      vertex 10.8751 -24.4259 -2
    endloop
  endfacet
  facet normal -0.956323 -0.292311 0
    outer loop
      vertex -25.4289 -8.26234 -2
      vertex -25.7017 -7.36985 0
      vertex -25.7017 -7.36985 -2
    endloop
  endfacet
  facet normal -0.956323 -0.292311 0
    outer loop
      vertex -25.7017 -7.36985 0
      vertex -25.4289 -8.26234 -2
      vertex -25.4289 -8.26234 0
    endloop
  endfacet
  facet normal 0.57357 -0.819156 0
    outer loop
      vertex 14.9514 -22.1664 -2
      vertex 15.7159 -21.6311 0
      vertex 14.9514 -22.1664 0
    endloop
  endfacet
  facet normal 0.57357 -0.819156 0
    outer loop
      vertex 15.7159 -21.6311 0
      vertex 14.9514 -22.1664 -2
      vertex 15.7159 -21.6311 -2
    endloop
  endfacet
  facet normal 0.156439 -0.987688 0
    outer loop
      vertex 3.72114 -26.4773 -2
      vertex 4.64292 -26.3313 0
      vertex 3.72114 -26.4773 0
    endloop
  endfacet
  facet normal 0.156439 -0.987688 0
    outer loop
      vertex 4.64292 -26.3313 0
      vertex 3.72114 -26.4773 -2
      vertex 4.64292 -26.3313 -2
    endloop
  endfacet
  facet normal 0.292311 -0.956323 0
    outer loop
      vertex 7.36985 -25.7017 -2
      vertex 8.26234 -25.4289 0
      vertex 7.36985 -25.7017 0
    endloop
  endfacet
  facet normal 0.292311 -0.956323 0
    outer loop
      vertex 8.26234 -25.4289 0
      vertex 7.36985 -25.7017 -2
      vertex 8.26234 -25.4289 -2
    endloop
  endfacet
  facet normal -0.629297 -0.777165 0
    outer loop
      vertex -17.1865 -20.4821 -2
      vertex -16.4612 -21.0694 0
      vertex -17.1865 -20.4821 0
    endloop
  endfacet
  facet normal -0.629297 -0.777165 -0
    outer loop
      vertex -16.4612 -21.0694 0
      vertex -17.1865 -20.4821 -2
      vertex -16.4612 -21.0694 -2
    endloop
  endfacet
  facet normal 0.906309 -0.422616 0
    outer loop
      vertex 24.0315 -11.7209 0
      vertex 24.4259 -10.8751 -2
      vertex 24.4259 -10.8751 0
    endloop
  endfacet
  facet normal 0.906309 -0.422616 0
    outer loop
      vertex 24.4259 -10.8751 -2
      vertex 24.0315 -11.7209 0
      vertex 24.0315 -11.7209 -2
    endloop
  endfacet
  facet normal 0.933594 -0.358333 0
    outer loop
      vertex 24.7906 -10.016 0
      vertex 25.125 -9.14476 -2
      vertex 25.125 -9.14476 0
    endloop
  endfacet
  facet normal 0.933594 -0.358333 0
    outer loop
      vertex 25.125 -9.14476 -2
      vertex 24.7906 -10.016 0
      vertex 24.7906 -10.016 -2
    endloop
  endfacet
  facet normal -0.682032 -0.731322 0
    outer loop
      vertex -18.5734 -19.2333 -2
      vertex -17.8909 -19.8698 0
      vertex -18.5734 -19.2333 0
    endloop
  endfacet
  facet normal -0.682032 -0.731322 -0
    outer loop
      vertex -17.8909 -19.8698 0
      vertex -18.5734 -19.2333 -2
      vertex -17.8909 -19.8698 -2
    endloop
  endfacet
  facet normal -0.422616 -0.906309 0
    outer loop
      vertex -11.7209 -24.0315 -2
      vertex -10.8751 -24.4259 0
      vertex -11.7209 -24.0315 0
    endloop
  endfacet
  facet normal -0.422616 -0.906309 -0
    outer loop
      vertex -10.8751 -24.4259 0
      vertex -11.7209 -24.0315 -2
      vertex -10.8751 -24.4259 -2
    endloop
  endfacet
  facet normal 0.57357 0.819156 -0
    outer loop
      vertex 15.7159 21.6311 -2
      vertex 14.9514 22.1664 0
      vertex 15.7159 21.6311 0
    endloop
  endfacet
  facet normal 0.57357 0.819156 0
    outer loop
      vertex 14.9514 22.1664 0
      vertex 15.7159 21.6311 -2
      vertex 14.9514 22.1664 -2
    endloop
  endfacet
  facet normal 0.682032 0.731322 -0
    outer loop
      vertex 18.5734 19.2333 -2
      vertex 17.8909 19.8698 0
      vertex 18.5734 19.2333 0
    endloop
  endfacet
  facet normal 0.682032 0.731322 0
    outer loop
      vertex 17.8909 19.8698 0
      vertex 18.5734 19.2333 -2
      vertex 17.8909 19.8698 -2
    endloop
  endfacet
  facet normal 0.0174655 -0.999847 0
    outer loop
      vertex 0 -26.7375 -2
      vertex 0.933125 -26.7212 0
      vertex 0 -26.7375 0
    endloop
  endfacet
  facet normal 0.0174655 -0.999847 0
    outer loop
      vertex 0.933125 -26.7212 0
      vertex 0 -26.7375 -2
      vertex 0.933125 -26.7212 -2
    endloop
  endfacet
  facet normal -0.156439 0.987688 0
    outer loop
      vertex -3.72114 26.4773 -2
      vertex -4.64292 26.3313 0
      vertex -3.72114 26.4773 0
    endloop
  endfacet
  facet normal -0.156439 0.987688 0
    outer loop
      vertex -4.64292 26.3313 0
      vertex -3.72114 26.4773 -2
      vertex -4.64292 26.3313 -2
    endloop
  endfacet
  facet normal 0.121831 -0.992551 0
    outer loop
      vertex 2.79483 -26.591 -2
      vertex 3.72114 -26.4773 0
      vertex 2.79483 -26.591 0
    endloop
  endfacet
  facet normal 0.121831 -0.992551 0
    outer loop
      vertex 3.72114 -26.4773 0
      vertex 2.79483 -26.591 -2
      vertex 3.72114 -26.4773 -2
    endloop
  endfacet
  facet normal 0.798596 -0.601867 0
    outer loop
      vertex 21.0694 -16.4612 0
      vertex 21.6311 -15.7159 -2
      vertex 21.6311 -15.7159 0
    endloop
  endfacet
  facet normal 0.798596 -0.601867 0
    outer loop
      vertex 21.6311 -15.7159 -2
      vertex 21.0694 -16.4612 0
      vertex 21.0694 -16.4612 -2
    endloop
  endfacet
  facet normal 0.999847 -0.0174655 0
    outer loop
      vertex 26.7212 -0.933125 0
      vertex 26.7375 0 -2
      vertex 26.7375 0 0
    endloop
  endfacet
  facet normal 0.999847 -0.0174655 0
    outer loop
      vertex 26.7375 0 -2
      vertex 26.7212 -0.933125 0
      vertex 26.7212 -0.933125 -2
    endloop
  endfacet
  facet normal 0.707107 -0.707107 0
    outer loop
      vertex 18.5734 -19.2333 0
      vertex 19.2333 -18.5734 -2
      vertex 19.2333 -18.5734 0
    endloop
  endfacet
  facet normal 0.707107 -0.707107 0
    outer loop
      vertex 19.2333 -18.5734 -2
      vertex 18.5734 -19.2333 0
      vertex 18.5734 -19.2333 -2
    endloop
  endfacet
  facet normal 0.156439 0.987688 -0
    outer loop
      vertex 4.64292 26.3313 -2
      vertex 3.72114 26.4773 0
      vertex 4.64292 26.3313 0
    endloop
  endfacet
  facet normal 0.156439 0.987688 0
    outer loop
      vertex 3.72114 26.4773 0
      vertex 4.64292 26.3313 -2
      vertex 3.72114 26.4773 -2
    endloop
  endfacet
  facet normal 0.731322 -0.682032 0
    outer loop
      vertex 19.2333 -18.5734 0
      vertex 19.8698 -17.8909 -2
      vertex 19.8698 -17.8909 0
    endloop
  endfacet
  facet normal 0.731322 -0.682032 0
    outer loop
      vertex 19.8698 -17.8909 -2
      vertex 19.2333 -18.5734 0
      vertex 19.2333 -18.5734 -2
    endloop
  endfacet
  facet normal 0.974379 0.22491 0
    outer loop
      vertex 26.1532 5.55904 0
      vertex 25.9433 6.46839 -2
      vertex 25.9433 6.46839 0
    endloop
  endfacet
  facet normal 0.974379 0.22491 0
    outer loop
      vertex 25.9433 6.46839 -2
      vertex 26.1532 5.55904 0
      vertex 26.1532 5.55904 -2
    endloop
  endfacet
  facet normal -0.22491 -0.974379 0
    outer loop
      vertex -6.46839 -25.9433 -2
      vertex -5.55904 -26.1532 0
      vertex -6.46839 -25.9433 0
    endloop
  endfacet
  facet normal -0.22491 -0.974379 -0
    outer loop
      vertex -5.55904 -26.1532 0
      vertex -6.46839 -25.9433 -2
      vertex -5.55904 -26.1532 -2
    endloop
  endfacet
  facet normal 0.121831 0.992551 -0
    outer loop
      vertex 3.72114 26.4773 -2
      vertex 2.79483 26.591 0
      vertex 3.72114 26.4773 0
    endloop
  endfacet
  facet normal 0.121831 0.992551 0
    outer loop
      vertex 2.79483 26.591 0
      vertex 3.72114 26.4773 -2
      vertex 2.79483 26.591 -2
    endloop
  endfacet
  facet normal 0.945499 -0.325624 0
    outer loop
      vertex 25.125 -9.14476 0
      vertex 25.4289 -8.26234 -2
      vertex 25.4289 -8.26234 0
    endloop
  endfacet
  facet normal 0.945499 -0.325624 0
    outer loop
      vertex 25.4289 -8.26234 -2
      vertex 25.125 -9.14476 0
      vertex 25.125 -9.14476 -2
    endloop
  endfacet
  facet normal -0.874632 0.484787 0
    outer loop
      vertex -23.6078 12.5525 -2
      vertex -23.1554 13.3687 0
      vertex -23.1554 13.3687 -2
    endloop
  endfacet
  facet normal -0.874632 0.484787 0
    outer loop
      vertex -23.1554 13.3687 0
      vertex -23.6078 12.5525 -2
      vertex -23.6078 12.5525 0
    endloop
  endfacet
  facet normal 0.358333 -0.933594 0
    outer loop
      vertex 9.14476 -25.125 -2
      vertex 10.016 -24.7906 0
      vertex 9.14476 -25.125 0
    endloop
  endfacet
  facet normal 0.358333 -0.933594 0
    outer loop
      vertex 10.016 -24.7906 0
      vertex 9.14476 -25.125 -2
      vertex 10.016 -24.7906 -2
    endloop
  endfacet
  facet normal 0.754723 -0.656043 0
    outer loop
      vertex 19.8698 -17.8909 0
      vertex 20.4821 -17.1865 -2
      vertex 20.4821 -17.1865 0
    endloop
  endfacet
  facet normal 0.754723 -0.656043 0
    outer loop
      vertex 20.4821 -17.1865 -2
      vertex 19.8698 -17.8909 0
      vertex 19.8698 -17.8909 -2
    endloop
  endfacet
  facet normal 0.22491 0.974379 -0
    outer loop
      vertex 6.46839 25.9433 -2
      vertex 5.55904 26.1532 0
      vertex 6.46839 25.9433 0
    endloop
  endfacet
  facet normal 0.22491 0.974379 0
    outer loop
      vertex 5.55904 26.1532 0
      vertex 6.46839 25.9433 -2
      vertex 5.55904 26.1532 -2
    endloop
  endfacet
  facet normal 0.0872196 -0.996189 0
    outer loop
      vertex 1.86511 -26.6724 -2
      vertex 2.79483 -26.591 0
      vertex 1.86511 -26.6724 0
    endloop
  endfacet
  facet normal 0.0872196 -0.996189 0
    outer loop
      vertex 2.79483 -26.591 0
      vertex 1.86511 -26.6724 -2
      vertex 2.79483 -26.591 -2
    endloop
  endfacet
  facet normal 0.629297 -0.777165 0
    outer loop
      vertex 16.4612 -21.0694 -2
      vertex 17.1865 -20.4821 0
      vertex 16.4612 -21.0694 0
    endloop
  endfacet
  facet normal 0.629297 -0.777165 0
    outer loop
      vertex 17.1865 -20.4821 0
      vertex 16.4612 -21.0694 -2
      vertex 17.1865 -20.4821 -2
    endloop
  endfacet
  facet normal 0.998632 -0.0522897 0
    outer loop
      vertex 26.6724 -1.86511 0
      vertex 26.7212 -0.933125 -2
      vertex 26.7212 -0.933125 0
    endloop
  endfacet
  facet normal 0.998632 -0.0522897 0
    outer loop
      vertex 26.7212 -0.933125 -2
      vertex 26.6724 -1.86511 0
      vertex 26.6724 -1.86511 -2
    endloop
  endfacet
  facet normal -0.981622 -0.190834 0
    outer loop
      vertex -26.1532 -5.55904 -2
      vertex -26.3313 -4.64292 0
      vertex -26.3313 -4.64292 -2
    endloop
  endfacet
  facet normal -0.981622 -0.190834 0
    outer loop
      vertex -26.3313 -4.64292 0
      vertex -26.1532 -5.55904 -2
      vertex -26.1532 -5.55904 0
    endloop
  endfacet
  facet normal -0.933594 0.358333 0
    outer loop
      vertex -25.125 9.14476 -2
      vertex -24.7906 10.016 0
      vertex -24.7906 10.016 -2
    endloop
  endfacet
  facet normal -0.933594 0.358333 0
    outer loop
      vertex -24.7906 10.016 0
      vertex -25.125 9.14476 -2
      vertex -25.125 9.14476 0
    endloop
  endfacet
  facet normal 0.292311 0.956323 -0
    outer loop
      vertex 8.26234 25.4289 -2
      vertex 7.36985 25.7017 0
      vertex 8.26234 25.4289 0
    endloop
  endfacet
  facet normal 0.292311 0.956323 0
    outer loop
      vertex 7.36985 25.7017 0
      vertex 8.26234 25.4289 -2
      vertex 7.36985 25.7017 -2
    endloop
  endfacet
  facet normal -0.544646 -0.838666 0
    outer loop
      vertex -14.9514 -22.1664 -2
      vertex -14.1687 -22.6747 0
      vertex -14.9514 -22.1664 0
    endloop
  endfacet
  facet normal -0.544646 -0.838666 -0
    outer loop
      vertex -14.1687 -22.6747 0
      vertex -14.9514 -22.1664 -2
      vertex -14.1687 -22.6747 -2
    endloop
  endfacet
  facet normal -0.0174655 0.999847 0
    outer loop
      vertex 0 26.7375 -2
      vertex -0.933125 26.7212 0
      vertex 0 26.7375 0
    endloop
  endfacet
  facet normal -0.0174655 0.999847 0
    outer loop
      vertex -0.933125 26.7212 0
      vertex 0 26.7375 -2
      vertex -0.933125 26.7212 -2
    endloop
  endfacet
  facet normal -0.358333 0.933594 0
    outer loop
      vertex -9.14476 25.125 -2
      vertex -10.016 24.7906 0
      vertex -9.14476 25.125 0
    endloop
  endfacet
  facet normal -0.358333 0.933594 0
    outer loop
      vertex -10.016 24.7906 0
      vertex -9.14476 25.125 -2
      vertex -10.016 24.7906 -2
    endloop
  endfacet
  facet normal 0.819156 0.57357 0
    outer loop
      vertex 22.1664 14.9514 0
      vertex 21.6311 15.7159 -2
      vertex 21.6311 15.7159 0
    endloop
  endfacet
  facet normal 0.819156 0.57357 0
    outer loop
      vertex 21.6311 15.7159 -2
      vertex 22.1664 14.9514 0
      vertex 22.1664 14.9514 -2
    endloop
  endfacet
  facet normal -0.798596 0.601867 0
    outer loop
      vertex -21.6311 15.7159 -2
      vertex -21.0694 16.4612 0
      vertex -21.0694 16.4612 -2
    endloop
  endfacet
  facet normal -0.798596 0.601867 0
    outer loop
      vertex -21.0694 16.4612 0
      vertex -21.6311 15.7159 -2
      vertex -21.6311 15.7159 0
    endloop
  endfacet
  facet normal -0.731322 -0.682032 0
    outer loop
      vertex -19.2333 -18.5734 -2
      vertex -19.8698 -17.8909 0
      vertex -19.8698 -17.8909 -2
    endloop
  endfacet
  facet normal -0.731322 -0.682032 0
    outer loop
      vertex -19.8698 -17.8909 0
      vertex -19.2333 -18.5734 -2
      vertex -19.2333 -18.5734 0
    endloop
  endfacet
  facet normal -0.920492 -0.390762 0
    outer loop
      vertex -24.4259 -10.8751 -2
      vertex -24.7906 -10.016 0
      vertex -24.7906 -10.016 -2
    endloop
  endfacet
  facet normal -0.920492 -0.390762 0
    outer loop
      vertex -24.7906 -10.016 0
      vertex -24.4259 -10.8751 -2
      vertex -24.4259 -10.8751 0
    endloop
  endfacet
  facet normal -0.292311 0.956323 0
    outer loop
      vertex -7.36985 25.7017 -2
      vertex -8.26234 25.4289 0
      vertex -7.36985 25.7017 0
    endloop
  endfacet
  facet normal -0.292311 0.956323 0
    outer loop
      vertex -8.26234 25.4289 0
      vertex -7.36985 25.7017 -2
      vertex -8.26234 25.4289 -2
    endloop
  endfacet
  facet normal -0.996189 0.0872196 0
    outer loop
      vertex -26.6724 1.86511 -2
      vertex -26.591 2.79483 0
      vertex -26.591 2.79483 -2
    endloop
  endfacet
  facet normal -0.996189 0.0872196 0
    outer loop
      vertex -26.591 2.79483 0
      vertex -26.6724 1.86511 -2
      vertex -26.6724 1.86511 0
    endloop
  endfacet
  facet normal -0.707107 0.707107 0
    outer loop
      vertex -19.2333 18.5734 -2
      vertex -18.5734 19.2333 0
      vertex -18.5734 19.2333 -2
    endloop
  endfacet
  facet normal -0.707107 0.707107 0
    outer loop
      vertex -18.5734 19.2333 0
      vertex -19.2333 18.5734 -2
      vertex -19.2333 18.5734 0
    endloop
  endfacet
  facet normal -0.838666 -0.544646 0
    outer loop
      vertex -22.1664 -14.9514 -2
      vertex -22.6747 -14.1687 0
      vertex -22.6747 -14.1687 -2
    endloop
  endfacet
  facet normal -0.838666 -0.544646 0
    outer loop
      vertex -22.6747 -14.1687 0
      vertex -22.1664 -14.9514 -2
      vertex -22.1664 -14.9514 0
    endloop
  endfacet
  facet normal 0.325624 -0.945499 0
    outer loop
      vertex 8.26234 -25.4289 -2
      vertex 9.14476 -25.125 0
      vertex 8.26234 -25.4289 0
    endloop
  endfacet
  facet normal 0.325624 -0.945499 0
    outer loop
      vertex 9.14476 -25.125 0
      vertex 8.26234 -25.4289 -2
      vertex 9.14476 -25.125 -2
    endloop
  endfacet
  facet normal -0.484787 0.874632 0
    outer loop
      vertex -12.5525 23.6078 -2
      vertex -13.3687 23.1554 0
      vertex -12.5525 23.6078 0
    endloop
  endfacet
  facet normal -0.484787 0.874632 0
    outer loop
      vertex -13.3687 23.1554 0
      vertex -12.5525 23.6078 -2
      vertex -13.3687 23.1554 -2
    endloop
  endfacet
  facet normal 0.544646 0.838666 -0
    outer loop
      vertex 14.9514 22.1664 -2
      vertex 14.1687 22.6747 0
      vertex 14.9514 22.1664 0
    endloop
  endfacet
  facet normal 0.544646 0.838666 0
    outer loop
      vertex 14.1687 22.6747 0
      vertex 14.9514 22.1664 -2
      vertex 14.1687 22.6747 -2
    endloop
  endfacet
  facet normal -0.874632 -0.484787 0
    outer loop
      vertex -23.1554 -13.3687 -2
      vertex -23.6078 -12.5525 0
      vertex -23.6078 -12.5525 -2
    endloop
  endfacet
  facet normal -0.874632 -0.484787 0
    outer loop
      vertex -23.6078 -12.5525 0
      vertex -23.1554 -13.3687 -2
      vertex -23.1554 -13.3687 0
    endloop
  endfacet
  facet normal 0.777165 -0.629297 0
    outer loop
      vertex 20.4821 -17.1865 0
      vertex 21.0694 -16.4612 -2
      vertex 21.0694 -16.4612 0
    endloop
  endfacet
  facet normal 0.777165 -0.629297 0
    outer loop
      vertex 21.0694 -16.4612 -2
      vertex 20.4821 -17.1865 0
      vertex 20.4821 -17.1865 -2
    endloop
  endfacet
  facet normal 0.956323 -0.292311 0
    outer loop
      vertex 25.4289 -8.26234 0
      vertex 25.7017 -7.36985 -2
      vertex 25.7017 -7.36985 0
    endloop
  endfacet
  facet normal 0.956323 -0.292311 0
    outer loop
      vertex 25.7017 -7.36985 -2
      vertex 25.4289 -8.26234 0
      vertex 25.4289 -8.26234 -2
    endloop
  endfacet
  facet normal 0.629297 0.777165 -0
    outer loop
      vertex 17.1865 20.4821 -2
      vertex 16.4612 21.0694 0
      vertex 17.1865 20.4821 0
    endloop
  endfacet
  facet normal 0.629297 0.777165 0
    outer loop
      vertex 16.4612 21.0694 0
      vertex 17.1865 20.4821 -2
      vertex 16.4612 21.0694 -2
    endloop
  endfacet
  facet normal -0.515047 -0.857162 0
    outer loop
      vertex -14.1687 -22.6747 -2
      vertex -13.3687 -23.1554 0
      vertex -14.1687 -22.6747 0
    endloop
  endfacet
  facet normal -0.515047 -0.857162 -0
    outer loop
      vertex -13.3687 -23.1554 0
      vertex -14.1687 -22.6747 -2
      vertex -13.3687 -23.1554 -2
    endloop
  endfacet
  facet normal -0.857162 0.515047 0
    outer loop
      vertex -23.1554 13.3687 -2
      vertex -22.6747 14.1687 0
      vertex -22.6747 14.1687 -2
    endloop
  endfacet
  facet normal -0.857162 0.515047 0
    outer loop
      vertex -22.6747 14.1687 0
      vertex -23.1554 13.3687 -2
      vertex -23.1554 13.3687 0
    endloop
  endfacet
  facet normal 0.906309 0.422616 0
    outer loop
      vertex 24.4259 10.8751 0
      vertex 24.0315 11.7209 -2
      vertex 24.0315 11.7209 0
    endloop
  endfacet
  facet normal 0.906309 0.422616 0
    outer loop
      vertex 24.0315 11.7209 -2
      vertex 24.4259 10.8751 0
      vertex 24.4259 10.8751 -2
    endloop
  endfacet
  facet normal -0.999847 -0.0174655 0
    outer loop
      vertex -26.7212 -0.933125 -2
      vertex -26.7375 0 0
      vertex -26.7375 0 -2
    endloop
  endfacet
  facet normal -0.999847 -0.0174655 0
    outer loop
      vertex -26.7375 0 0
      vertex -26.7212 -0.933125 -2
      vertex -26.7212 -0.933125 0
    endloop
  endfacet
  facet normal -0.121831 0.992551 0
    outer loop
      vertex -2.79483 26.591 -2
      vertex -3.72114 26.4773 0
      vertex -2.79483 26.591 0
    endloop
  endfacet
  facet normal -0.121831 0.992551 0
    outer loop
      vertex -3.72114 26.4773 0
      vertex -2.79483 26.591 -2
      vertex -3.72114 26.4773 -2
    endloop
  endfacet
  facet normal 0.956323 0.292311 0
    outer loop
      vertex 25.7017 7.36985 0
      vertex 25.4289 8.26234 -2
      vertex 25.4289 8.26234 0
    endloop
  endfacet
  facet normal 0.956323 0.292311 0
    outer loop
      vertex 25.4289 8.26234 -2
      vertex 25.7017 7.36985 0
      vertex 25.7017 7.36985 -2
    endloop
  endfacet
  facet normal 0.987688 0.156439 0
    outer loop
      vertex 26.4773 3.72114 0
      vertex 26.3313 4.64292 -2
      vertex 26.3313 4.64292 0
    endloop
  endfacet
  facet normal 0.987688 0.156439 0
    outer loop
      vertex 26.3313 4.64292 -2
      vertex 26.4773 3.72114 0
      vertex 26.4773 3.72114 -2
    endloop
  endfacet
  facet normal 0.190834 0.981622 -0
    outer loop
      vertex 5.55904 26.1532 -2
      vertex 4.64292 26.3313 0
      vertex 5.55904 26.1532 0
    endloop
  endfacet
  facet normal 0.190834 0.981622 0
    outer loop
      vertex 4.64292 26.3313 0
      vertex 5.55904 26.1532 -2
      vertex 4.64292 26.3313 -2
    endloop
  endfacet
  facet normal 0.544646 -0.838666 0
    outer loop
      vertex 14.1687 -22.6747 -2
      vertex 14.9514 -22.1664 0
      vertex 14.1687 -22.6747 0
    endloop
  endfacet
  facet normal 0.544646 -0.838666 0
    outer loop
      vertex 14.9514 -22.1664 0
      vertex 14.1687 -22.6747 -2
      vertex 14.9514 -22.1664 -2
    endloop
  endfacet
  facet normal -0.0522897 -0.998632 0
    outer loop
      vertex -1.86511 -26.6724 -2
      vertex -0.933125 -26.7212 0
      vertex -1.86511 -26.6724 0
    endloop
  endfacet
  facet normal -0.0522897 -0.998632 -0
    outer loop
      vertex -0.933125 -26.7212 0
      vertex -1.86511 -26.6724 -2
      vertex -0.933125 -26.7212 -2
    endloop
  endfacet
  facet normal -0.0174655 -0.999847 0
    outer loop
      vertex -0.933125 -26.7212 -2
      vertex 0 -26.7375 0
      vertex -0.933125 -26.7212 0
    endloop
  endfacet
  facet normal -0.0174655 -0.999847 -0
    outer loop
      vertex 0 -26.7375 0
      vertex -0.933125 -26.7212 -2
      vertex 0 -26.7375 -2
    endloop
  endfacet
  facet normal 0.933594 0.358333 0
    outer loop
      vertex 25.125 9.14476 0
      vertex 24.7906 10.016 -2
      vertex 24.7906 10.016 0
    endloop
  endfacet
  facet normal 0.933594 0.358333 0
    outer loop
      vertex 24.7906 10.016 -2
      vertex 25.125 9.14476 0
      vertex 25.125 9.14476 -2
    endloop
  endfacet
  facet normal 0.731322 0.682032 0
    outer loop
      vertex 19.8698 17.8909 0
      vertex 19.2333 18.5734 -2
      vertex 19.2333 18.5734 0
    endloop
  endfacet
  facet normal 0.731322 0.682032 0
    outer loop
      vertex 19.2333 18.5734 -2
      vertex 19.8698 17.8909 0
      vertex 19.8698 17.8909 -2
    endloop
  endfacet
  facet normal 0.874632 -0.484787 0
    outer loop
      vertex 23.1554 -13.3687 0
      vertex 23.6078 -12.5525 -2
      vertex 23.6078 -12.5525 0
    endloop
  endfacet
  facet normal 0.874632 -0.484787 0
    outer loop
      vertex 23.6078 -12.5525 -2
      vertex 23.1554 -13.3687 0
      vertex 23.1554 -13.3687 -2
    endloop
  endfacet
  facet normal -0.992551 -0.121831 0
    outer loop
      vertex -26.4773 -3.72114 -2
      vertex -26.591 -2.79483 0
      vertex -26.591 -2.79483 -2
    endloop
  endfacet
  facet normal -0.992551 -0.121831 0
    outer loop
      vertex -26.591 -2.79483 0
      vertex -26.4773 -3.72114 -2
      vertex -26.4773 -3.72114 0
    endloop
  endfacet
  facet normal 0.996189 -0.0872196 0
    outer loop
      vertex 26.591 -2.79483 0
      vertex 26.6724 -1.86511 -2
      vertex 26.6724 -1.86511 0
    endloop
  endfacet
  facet normal 0.996189 -0.0872196 0
    outer loop
      vertex 26.6724 -1.86511 -2
      vertex 26.591 -2.79483 0
      vertex 26.591 -2.79483 -2
    endloop
  endfacet
  facet normal -0.798596 -0.601867 0
    outer loop
      vertex -21.0694 -16.4612 -2
      vertex -21.6311 -15.7159 0
      vertex -21.6311 -15.7159 -2
    endloop
  endfacet
  facet normal -0.798596 -0.601867 0
    outer loop
      vertex -21.6311 -15.7159 0
      vertex -21.0694 -16.4612 -2
      vertex -21.0694 -16.4612 0
    endloop
  endfacet
  facet normal 0.987688 -0.156439 0
    outer loop
      vertex 26.3313 -4.64292 0
      vertex 26.4773 -3.72114 -2
      vertex 26.4773 -3.72114 0
    endloop
  endfacet
  facet normal 0.987688 -0.156439 0
    outer loop
      vertex 26.4773 -3.72114 -2
      vertex 26.3313 -4.64292 0
      vertex 26.3313 -4.64292 -2
    endloop
  endfacet
  facet normal 0.190834 -0.981622 0
    outer loop
      vertex 4.64292 -26.3313 -2
      vertex 5.55904 -26.1532 0
      vertex 4.64292 -26.3313 0
    endloop
  endfacet
  facet normal 0.190834 -0.981622 0
    outer loop
      vertex 5.55904 -26.1532 0
      vertex 4.64292 -26.3313 -2
      vertex 5.55904 -26.1532 -2
    endloop
  endfacet
  facet normal -0.601867 0.798596 0
    outer loop
      vertex -15.7159 21.6311 -2
      vertex -16.4612 21.0694 0
      vertex -15.7159 21.6311 0
    endloop
  endfacet
  facet normal -0.601867 0.798596 0
    outer loop
      vertex -16.4612 21.0694 0
      vertex -15.7159 21.6311 -2
      vertex -16.4612 21.0694 -2
    endloop
  endfacet
  facet normal -0.965911 -0.258874 0
    outer loop
      vertex -25.7017 -7.36985 -2
      vertex -25.9433 -6.46839 0
      vertex -25.9433 -6.46839 -2
    endloop
  endfacet
  facet normal -0.965911 -0.258874 0
    outer loop
      vertex -25.9433 -6.46839 0
      vertex -25.7017 -7.36985 -2
      vertex -25.7017 -7.36985 0
    endloop
  endfacet
  facet normal 0.601867 0.798596 -0
    outer loop
      vertex 16.4612 21.0694 -2
      vertex 15.7159 21.6311 0
      vertex 16.4612 21.0694 0
    endloop
  endfacet
  facet normal 0.601867 0.798596 0
    outer loop
      vertex 15.7159 21.6311 0
      vertex 16.4612 21.0694 -2
      vertex 15.7159 21.6311 -2
    endloop
  endfacet
  facet normal -0.22491 0.974379 0
    outer loop
      vertex -5.55904 26.1532 -2
      vertex -6.46839 25.9433 0
      vertex -5.55904 26.1532 0
    endloop
  endfacet
  facet normal -0.22491 0.974379 0
    outer loop
      vertex -6.46839 25.9433 0
      vertex -5.55904 26.1532 -2
      vertex -6.46839 25.9433 -2
    endloop
  endfacet
  facet normal -0.981622 0.190834 0
    outer loop
      vertex -26.3313 4.64292 -2
      vertex -26.1532 5.55904 0
      vertex -26.1532 5.55904 -2
    endloop
  endfacet
  facet normal -0.981622 0.190834 0
    outer loop
      vertex -26.1532 5.55904 0
      vertex -26.3313 4.64292 -2
      vertex -26.3313 4.64292 0
    endloop
  endfacet
  facet normal -0.777165 0.629297 0
    outer loop
      vertex -21.0694 16.4612 -2
      vertex -20.4821 17.1865 0
      vertex -20.4821 17.1865 -2
    endloop
  endfacet
  facet normal -0.777165 0.629297 0
    outer loop
      vertex -20.4821 17.1865 0
      vertex -21.0694 16.4612 -2
      vertex -21.0694 16.4612 0
    endloop
  endfacet
  facet normal -0.920492 0.390762 0
    outer loop
      vertex -24.7906 10.016 -2
      vertex -24.4259 10.8751 0
      vertex -24.4259 10.8751 -2
    endloop
  endfacet
  facet normal -0.920492 0.390762 0
    outer loop
      vertex -24.4259 10.8751 0
      vertex -24.7906 10.016 -2
      vertex -24.7906 10.016 0
    endloop
  endfacet
  facet normal -0.987688 0.156439 0
    outer loop
      vertex -26.4773 3.72114 -2
      vertex -26.3313 4.64292 0
      vertex -26.3313 4.64292 -2
    endloop
  endfacet
  facet normal -0.987688 0.156439 0
    outer loop
      vertex -26.3313 4.64292 0
      vertex -26.4773 3.72114 -2
      vertex -26.4773 3.72114 0
    endloop
  endfacet
  facet normal 0.484787 -0.874632 0
    outer loop
      vertex 12.5525 -23.6078 -2
      vertex 13.3687 -23.1554 0
      vertex 12.5525 -23.6078 0
    endloop
  endfacet
  facet normal 0.484787 -0.874632 0
    outer loop
      vertex 13.3687 -23.1554 0
      vertex 12.5525 -23.6078 -2
      vertex 13.3687 -23.1554 -2
    endloop
  endfacet
  facet normal 0.515047 0.857162 -0
    outer loop
      vertex 14.1687 22.6747 -2
      vertex 13.3687 23.1554 0
      vertex 14.1687 22.6747 0
    endloop
  endfacet
  facet normal 0.515047 0.857162 0
    outer loop
      vertex 13.3687 23.1554 0
      vertex 14.1687 22.6747 -2
      vertex 13.3687 23.1554 -2
    endloop
  endfacet
  facet normal 0.325624 0.945499 -0
    outer loop
      vertex 9.14476 25.125 -2
      vertex 8.26234 25.4289 0
      vertex 9.14476 25.125 0
    endloop
  endfacet
  facet normal 0.325624 0.945499 0
    outer loop
      vertex 8.26234 25.4289 0
      vertex 9.14476 25.125 -2
      vertex 8.26234 25.4289 -2
    endloop
  endfacet
  facet normal 0.707107 0.707107 0
    outer loop
      vertex 19.2333 18.5734 0
      vertex 18.5734 19.2333 -2
      vertex 18.5734 19.2333 0
    endloop
  endfacet
  facet normal 0.707107 0.707107 0
    outer loop
      vertex 18.5734 19.2333 -2
      vertex 19.2333 18.5734 0
      vertex 19.2333 18.5734 -2
    endloop
  endfacet
  facet normal 0.819156 -0.57357 0
    outer loop
      vertex 21.6311 -15.7159 0
      vertex 22.1664 -14.9514 -2
      vertex 22.1664 -14.9514 0
    endloop
  endfacet
  facet normal 0.819156 -0.57357 0
    outer loop
      vertex 22.1664 -14.9514 -2
      vertex 21.6311 -15.7159 0
      vertex 21.6311 -15.7159 -2
    endloop
  endfacet
  facet normal -0.325624 0.945499 0
    outer loop
      vertex -8.26234 25.4289 -2
      vertex -9.14476 25.125 0
      vertex -8.26234 25.4289 0
    endloop
  endfacet
  facet normal -0.325624 0.945499 0
    outer loop
      vertex -9.14476 25.125 0
      vertex -8.26234 25.4289 -2
      vertex -9.14476 25.125 -2
    endloop
  endfacet
  facet normal -0.906309 0.422616 0
    outer loop
      vertex -24.4259 10.8751 -2
      vertex -24.0315 11.7209 0
      vertex -24.0315 11.7209 -2
    endloop
  endfacet
  facet normal -0.906309 0.422616 0
    outer loop
      vertex -24.0315 11.7209 0
      vertex -24.4259 10.8751 -2
      vertex -24.4259 10.8751 0
    endloop
  endfacet
  facet normal 0.920492 0.390762 0
    outer loop
      vertex 24.7906 10.016 0
      vertex 24.4259 10.8751 -2
      vertex 24.4259 10.8751 0
    endloop
  endfacet
  facet normal 0.920492 0.390762 0
    outer loop
      vertex 24.4259 10.8751 -2
      vertex 24.7906 10.016 0
      vertex 24.7906 10.016 -2
    endloop
  endfacet
  facet normal 0.965911 -0.258874 0
    outer loop
      vertex 25.7017 -7.36985 0
      vertex 25.9433 -6.46839 -2
      vertex 25.9433 -6.46839 0
    endloop
  endfacet
  facet normal 0.965911 -0.258874 0
    outer loop
      vertex 25.9433 -6.46839 -2
      vertex 25.7017 -7.36985 0
      vertex 25.7017 -7.36985 -2
    endloop
  endfacet
  facet normal 0.981622 -0.190834 0
    outer loop
      vertex 26.1532 -5.55904 0
      vertex 26.3313 -4.64292 -2
      vertex 26.3313 -4.64292 0
    endloop
  endfacet
  facet normal 0.981622 -0.190834 0
    outer loop
      vertex 26.3313 -4.64292 -2
      vertex 26.1532 -5.55904 0
      vertex 26.1532 -5.55904 -2
    endloop
  endfacet
  facet normal -0.777165 -0.629297 0
    outer loop
      vertex -20.4821 -17.1865 -2
      vertex -21.0694 -16.4612 0
      vertex -21.0694 -16.4612 -2
    endloop
  endfacet
  facet normal -0.777165 -0.629297 0
    outer loop
      vertex -21.0694 -16.4612 0
      vertex -20.4821 -17.1865 -2
      vertex -20.4821 -17.1865 0
    endloop
  endfacet
  facet normal 0.891016 0.453972 0
    outer loop
      vertex 24.0315 11.7209 0
      vertex 23.6078 12.5525 -2
      vertex 23.6078 12.5525 0
    endloop
  endfacet
  facet normal 0.891016 0.453972 0
    outer loop
      vertex 23.6078 12.5525 -2
      vertex 24.0315 11.7209 0
      vertex 24.0315 11.7209 -2
    endloop
  endfacet
  facet normal 0 0 -1
    outer loop
      vertex 1.4 0 -2
      vertex 26.7375 0 -2
      vertex 26.7212 -0.933125 -2
    endloop
  endfacet
  facet normal 0 0 -1
    outer loop
      vertex 1.39915 -0.0488586 -2
      vertex 26.7212 -0.933125 -2
      vertex 26.6724 -1.86511 -2
    endloop
  endfacet
  facet normal 0 0 -1
    outer loop
      vertex 26.7375 0 -2
      vertex 1.4 0 -2
      vertex 26.7212 0.933125 -2
    endloop
  endfacet
  facet normal 0 0 -1
    outer loop
      vertex 1.39659 -0.0976582 -2
      vertex 26.6724 -1.86511 -2
      vertex 26.591 -2.79483 -2
    endloop
  endfacet
  facet normal 0 0 -1
    outer loop
      vertex 1.39915 0.0488586 -2
      vertex 26.7212 0.933125 -2
      vertex 1.4 0 -2
    endloop
  endfacet
  facet normal 0 0 -1
    outer loop
      vertex 1.39233 -0.146339 -2
      vertex 26.591 -2.79483 -2
      vertex 26.4773 -3.72114 -2
    endloop
  endfacet
  facet normal -0 0 -1
    outer loop
      vertex 26.7212 0.933125 -2
      vertex 1.39915 0.0488586 -2
      vertex 26.6724 1.86511 -2
    endloop
  endfacet
  facet normal 0 0 -1
    outer loop
      vertex 1.38637 -0.194842 -2
      vertex 26.4773 -3.72114 -2
      vertex 26.3313 -4.64292 -2
    endloop
  endfacet
  facet normal 0 0 -1
    outer loop
      vertex 1.39659 0.0976582 -2
      vertex 26.6724 1.86511 -2
      vertex 1.39915 0.0488586 -2
    endloop
  endfacet
  facet normal 0 0 -1
    outer loop
      vertex 1.37873 -0.243107 -2
      vertex 26.3313 -4.64292 -2
      vertex 26.1532 -5.55904 -2
    endloop
  endfacet
  facet normal -0 0 -1
    outer loop
      vertex 26.6724 1.86511 -2
      vertex 1.39659 0.0976582 -2
      vertex 26.591 2.79483 -2
    endloop
  endfacet
  facet normal 0 0 -1
    outer loop
      vertex 1.36941 -0.291076 -2
      vertex 26.1532 -5.55904 -2
      vertex 25.9433 -6.46839 -2
    endloop
  endfacet
  facet normal 0 0 -1
    outer loop
      vertex 1.39233 0.146339 -2
      vertex 26.591 2.79483 -2
      vertex 1.39659 0.0976582 -2
    endloop
  endfacet
  facet normal 0 0 -1
    outer loop
      vertex 1.35841 -0.33869 -2
      vertex 25.9433 -6.46839 -2
      vertex 25.7017 -7.36985 -2
    endloop
  endfacet
  facet normal -0 0 -1
    outer loop
      vertex 26.591 2.79483 -2
      vertex 1.39233 0.146339 -2
      vertex 26.4773 3.72114 -2
    endloop
  endfacet
  facet normal 0 0 -1
    outer loop
      vertex 1.34577 -0.385892 -2
      vertex 25.7017 -7.36985 -2
      vertex 25.4289 -8.26234 -2
    endloop
  endfacet
  facet normal 0 0 -1
    outer loop
      vertex 1.38637 0.194842 -2
      vertex 26.4773 3.72114 -2
      vertex 1.39233 0.146339 -2
    endloop
  endfacet
  facet normal 0 0 -1
    outer loop
      vertex 1.33148 -0.432623 -2
      vertex 25.4289 -8.26234 -2
      vertex 25.125 -9.14476 -2
    endloop
  endfacet
  facet normal -0 0 -1
    outer loop
      vertex 26.4773 3.72114 -2
      vertex 1.38637 0.194842 -2
      vertex 26.3313 4.64292 -2
    endloop
  endfacet
  facet normal 0 0 -1
    outer loop
      vertex 1.31557 -0.478827 -2
      vertex 25.125 -9.14476 -2
      vertex 24.7906 -10.016 -2
    endloop
  endfacet
  facet normal 0 0 -1
    outer loop
      vertex 1.37873 0.243107 -2
      vertex 26.3313 4.64292 -2
      vertex 1.38637 0.194842 -2
    endloop
  endfacet
  facet normal 0 0 -1
    outer loop
      vertex 1.29806 -0.524448 -2
      vertex 24.7906 -10.016 -2
      vertex 24.4259 -10.8751 -2
    endloop
  endfacet
  facet normal -0 0 -1
    outer loop
      vertex 26.3313 4.64292 -2
      vertex 1.37873 0.243107 -2
      vertex 26.1532 5.55904 -2
    endloop
  endfacet
  facet normal 0 0 -1
    outer loop
      vertex 1.27896 -0.56943 -2
      vertex 24.4259 -10.8751 -2
      vertex 24.0315 -11.7209 -2
    endloop
  endfacet
  facet normal 0 0 -1
    outer loop
      vertex 1.36941 0.291076 -2
      vertex 26.1532 5.55904 -2
      vertex 1.37873 0.243107 -2
    endloop
  endfacet
  facet normal 0 0 -1
    outer loop
      vertex 1.25831 -0.613719 -2
      vertex 24.0315 -11.7209 -2
      vertex 23.6078 -12.5525 -2
    endloop
  endfacet
  facet normal -0 0 -1
    outer loop
      vertex 26.1532 5.55904 -2
      vertex 1.36941 0.291076 -2
      vertex 25.9433 6.46839 -2
    endloop
  endfacet
  facet normal 0 0 -1
    outer loop
      vertex 1.23613 -0.65726 -2
      vertex 23.6078 -12.5525 -2
      vertex 23.1554 -13.3687 -2
    endloop
  endfacet
  facet normal 0 0 -1
    outer loop
      vertex 1.35841 0.33869 -2
      vertex 25.9433 6.46839 -2
      vertex 1.36941 0.291076 -2
    endloop
  endfacet
  facet normal 0 0 -1
    outer loop
      vertex 1.21243 -0.7 -2
      vertex 23.1554 -13.3687 -2
      vertex 22.6747 -14.1687 -2
    endloop
  endfacet
  facet normal -0 0 -1
    outer loop
      vertex 25.9433 6.46839 -2
      vertex 1.35841 0.33869 -2
      vertex 25.7017 7.36985 -2
    endloop
  endfacet
  facet normal 0 0 -1
    outer loop
      vertex 1.18727 -0.741886 -2
      vertex 22.6747 -14.1687 -2
      vertex 22.1664 -14.9514 -2
    endloop
  endfacet
  facet normal 0 0 -1
    outer loop
      vertex 1.34577 0.385892 -2
      vertex 25.7017 7.36985 -2
      vertex 1.35841 0.33869 -2
    endloop
  endfacet
  facet normal 0 0 -1
    outer loop
      vertex 1.16065 -0.782869 -2
      vertex 22.1664 -14.9514 -2
      vertex 21.6311 -15.7159 -2
    endloop
  endfacet
  facet normal -0 0 -1
    outer loop
      vertex 25.7017 7.36985 -2
      vertex 1.34577 0.385892 -2
      vertex 25.4289 8.26234 -2
    endloop
  endfacet
  facet normal 0 0 -1
    outer loop
      vertex 1.13262 -0.822899 -2
      vertex 21.6311 -15.7159 -2
      vertex 21.0694 -16.4612 -2
    endloop
  endfacet
  facet normal 0 0 -1
    outer loop
      vertex 1.33148 0.432623 -2
      vertex 25.4289 8.26234 -2
      vertex 1.34577 0.385892 -2
    endloop
  endfacet
  facet normal 0 0 -1
    outer loop
      vertex 1.10321 -0.861925 -2
      vertex 21.0694 -16.4612 -2
      vertex 20.4821 -17.1865 -2
    endloop
  endfacet
  facet normal -0 0 -1
    outer loop
      vertex 25.4289 8.26234 -2
      vertex 1.33148 0.432623 -2
      vertex 25.125 9.14476 -2
    endloop
  endfacet
  facet normal 0 0 -1
    outer loop
      vertex 1.07246 -0.899902 -2
      vertex 20.4821 -17.1865 -2
      vertex 19.8698 -17.8909 -2
    endloop
  endfacet
  facet normal 0 0 -1
    outer loop
      vertex 1.31557 0.478827 -2
      vertex 25.125 9.14476 -2
      vertex 1.33148 0.432623 -2
    endloop
  endfacet
  facet normal 0 0 -1
    outer loop
      vertex 1.0404 -0.936783 -2
      vertex 19.8698 -17.8909 -2
      vertex 19.2333 -18.5734 -2
    endloop
  endfacet
  facet normal -0 0 -1
    outer loop
      vertex 25.125 9.14476 -2
      vertex 1.31557 0.478827 -2
      vertex 24.7906 10.016 -2
    endloop
  endfacet
  facet normal 0 0 -1
    outer loop
      vertex 1.00708 -0.972521 -2
      vertex 19.2333 -18.5734 -2
      vertex 18.5734 -19.2333 -2
    endloop
  endfacet
  facet normal 0 0 -1
    outer loop
      vertex 1.29806 0.524448 -2
      vertex 24.7906 10.016 -2
      vertex 1.31557 0.478827 -2
    endloop
  endfacet
  facet normal 0 0 -1
    outer loop
      vertex 0.972521 -1.00708 -2
      vertex 18.5734 -19.2333 -2
      vertex 17.8909 -19.8698 -2
    endloop
  endfacet
  facet normal -0 0 -1
    outer loop
      vertex 24.7906 10.016 -2
      vertex 1.29806 0.524448 -2
      vertex 24.4259 10.8751 -2
    endloop
  endfacet
  facet normal 0 0 -1
    outer loop
      vertex 0.936783 -1.0404 -2
      vertex 17.8909 -19.8698 -2
      vertex 17.1865 -20.4821 -2
    endloop
  endfacet
  facet normal 0 0 -1
    outer loop
      vertex 1.27896 0.56943 -2
      vertex 24.4259 10.8751 -2
      vertex 1.29806 0.524448 -2
    endloop
  endfacet
  facet normal 0 0 -1
    outer loop
      vertex 0.899902 -1.07246 -2
      vertex 17.1865 -20.4821 -2
      vertex 16.4612 -21.0694 -2
    endloop
  endfacet
  facet normal -0 0 -1
    outer loop
      vertex 24.4259 10.8751 -2
      vertex 1.27896 0.56943 -2
      vertex 24.0315 11.7209 -2
    endloop
  endfacet
  facet normal 0 0 -1
    outer loop
      vertex 0.861925 -1.10321 -2
      vertex 16.4612 -21.0694 -2
      vertex 15.7159 -21.6311 -2
    endloop
  endfacet
  facet normal 0 0 -1
    outer loop
      vertex 1.25831 0.613719 -2
      vertex 24.0315 11.7209 -2
      vertex 1.27896 0.56943 -2
    endloop
  endfacet
  facet normal 0 0 -1
    outer loop
      vertex 0.822899 -1.13262 -2
      vertex 15.7159 -21.6311 -2
      vertex 14.9514 -22.1664 -2
    endloop
  endfacet
  facet normal -0 0 -1
    outer loop
      vertex 24.0315 11.7209 -2
      vertex 1.25831 0.613719 -2
      vertex 23.6078 12.5525 -2
    endloop
  endfacet
  facet normal 0 0 -1
    outer loop
      vertex 0.782869 -1.16065 -2
      vertex 14.9514 -22.1664 -2
      vertex 14.1687 -22.6747 -2
    endloop
  endfacet
  facet normal 0 0 -1
    outer loop
      vertex 1.23613 0.65726 -2
      vertex 23.6078 12.5525 -2
      vertex 1.25831 0.613719 -2
    endloop
  endfacet
  facet normal 0 0 -1
    outer loop
      vertex 0.741886 -1.18727 -2
      vertex 14.1687 -22.6747 -2
      vertex 13.3687 -23.1554 -2
    endloop
  endfacet
  facet normal -0 0 -1
    outer loop
      vertex 23.6078 12.5525 -2
      vertex 1.23613 0.65726 -2
      vertex 23.1554 13.3687 -2
    endloop
  endfacet
  facet normal 0 0 -1
    outer loop
      vertex 0.7 -1.21243 -2
      vertex 13.3687 -23.1554 -2
      vertex 12.5525 -23.6078 -2
    endloop
  endfacet
  facet normal 0 0 -1
    outer loop
      vertex 1.21243 0.7 -2
      vertex 23.1554 13.3687 -2
      vertex 1.23613 0.65726 -2
    endloop
  endfacet
  facet normal 0 0 -1
    outer loop
      vertex 0.65726 -1.23613 -2
      vertex 12.5525 -23.6078 -2
      vertex 11.7209 -24.0315 -2
    endloop
  endfacet
  facet normal -0 0 -1
    outer loop
      vertex 23.1554 13.3687 -2
      vertex 1.21243 0.7 -2
      vertex 22.6747 14.1687 -2
    endloop
  endfacet
  facet normal 0 0 -1
    outer loop
      vertex 0.613719 -1.25831 -2
      vertex 11.7209 -24.0315 -2
      vertex 10.8751 -24.4259 -2
    endloop
  endfacet
  facet normal 0 0 -1
    outer loop
      vertex 1.18727 0.741886 -2
      vertex 22.6747 14.1687 -2
      vertex 1.21243 0.7 -2
    endloop
  endfacet
  facet normal 0 0 -1
    outer loop
      vertex 0.56943 -1.27896 -2
      vertex 10.8751 -24.4259 -2
      vertex 10.016 -24.7906 -2
    endloop
  endfacet
  facet normal -0 0 -1
    outer loop
      vertex 22.6747 14.1687 -2
      vertex 1.18727 0.741886 -2
      vertex 22.1664 14.9514 -2
    endloop
  endfacet
  facet normal 0 0 -1
    outer loop
      vertex 0.524448 -1.29806 -2
      vertex 10.016 -24.7906 -2
      vertex 9.14476 -25.125 -2
    endloop
  endfacet
  facet normal 0 0 -1
    outer loop
      vertex 1.16065 0.782869 -2
      vertex 22.1664 14.9514 -2
      vertex 1.18727 0.741886 -2
    endloop
  endfacet
  facet normal 0 0 -1
    outer loop
      vertex 0.478827 -1.31557 -2
      vertex 9.14476 -25.125 -2
      vertex 8.26234 -25.4289 -2
    endloop
  endfacet
  facet normal -0 0 -1
    outer loop
      vertex 22.1664 14.9514 -2
      vertex 1.16065 0.782869 -2
      vertex 21.6311 15.7159 -2
    endloop
  endfacet
  facet normal 0 0 -1
    outer loop
      vertex 0.432623 -1.33148 -2
      vertex 8.26234 -25.4289 -2
      vertex 7.36985 -25.7017 -2
    endloop
  endfacet
  facet normal 0 0 -1
    outer loop
      vertex 1.13262 0.822899 -2
      vertex 21.6311 15.7159 -2
      vertex 1.16065 0.782869 -2
    endloop
  endfacet
  facet normal 0 0 -1
    outer loop
      vertex 0.385892 -1.34577 -2
      vertex 7.36985 -25.7017 -2
      vertex 6.46839 -25.9433 -2
    endloop
  endfacet
  facet normal -0 0 -1
    outer loop
      vertex 21.6311 15.7159 -2
      vertex 1.13262 0.822899 -2
      vertex 21.0694 16.4612 -2
    endloop
  endfacet
  facet normal 0 0 -1
    outer loop
      vertex 0.33869 -1.35841 -2
      vertex 6.46839 -25.9433 -2
      vertex 5.55904 -26.1532 -2
    endloop
  endfacet
  facet normal 0 0 -1
    outer loop
      vertex 1.10321 0.861925 -2
      vertex 21.0694 16.4612 -2
      vertex 1.13262 0.822899 -2
    endloop
  endfacet
  facet normal 0 0 -1
    outer loop
      vertex 0.291076 -1.36941 -2
      vertex 5.55904 -26.1532 -2
      vertex 4.64292 -26.3313 -2
    endloop
  endfacet
  facet normal -0 0 -1
    outer loop
      vertex 21.0694 16.4612 -2
      vertex 1.10321 0.861925 -2
      vertex 20.4821 17.1865 -2
    endloop
  endfacet
  facet normal 0 0 -1
    outer loop
      vertex 0.243107 -1.37873 -2
      vertex 4.64292 -26.3313 -2
      vertex 3.72114 -26.4773 -2
    endloop
  endfacet
  facet normal 0 0 -1
    outer loop
      vertex 1.07246 0.899902 -2
      vertex 20.4821 17.1865 -2
      vertex 1.10321 0.861925 -2
    endloop
  endfacet
  facet normal 0 0 -1
    outer loop
      vertex 0.194842 -1.38637 -2
      vertex 3.72114 -26.4773 -2
      vertex 2.79483 -26.591 -2
    endloop
  endfacet
  facet normal -0 0 -1
    outer loop
      vertex 20.4821 17.1865 -2
      vertex 1.07246 0.899902 -2
      vertex 19.8698 17.8909 -2
    endloop
  endfacet
  facet normal 0 0 -1
    outer loop
      vertex 0.146339 -1.39233 -2
      vertex 2.79483 -26.591 -2
      vertex 1.86511 -26.6724 -2
    endloop
  endfacet
  facet normal 0 0 -1
    outer loop
      vertex 1.0404 0.936783 -2
      vertex 19.8698 17.8909 -2
      vertex 1.07246 0.899902 -2
    endloop
  endfacet
  facet normal -0 0 -1
    outer loop
      vertex 19.8698 17.8909 -2
      vertex 1.0404 0.936783 -2
      vertex 19.2333 18.5734 -2
    endloop
  endfacet
  facet normal 0 0 -1
    outer loop
      vertex 26.7212 -0.933125 -2
      vertex 1.39915 -0.0488586 -2
      vertex 1.4 0 -2
    endloop
  endfacet
  facet normal 0 0 -1
    outer loop
      vertex 26.6724 -1.86511 -2
      vertex 1.39659 -0.0976582 -2
      vertex 1.39915 -0.0488586 -2
    endloop
  endfacet
  facet normal 0 0 -1
    outer loop
      vertex 26.591 -2.79483 -2
      vertex 1.39233 -0.146339 -2
      vertex 1.39659 -0.0976582 -2
    endloop
  endfacet
  facet normal 0 0 -1
    outer loop
      vertex 26.4773 -3.72114 -2
      vertex 1.38637 -0.194842 -2
      vertex 1.39233 -0.146339 -2
    endloop
  endfacet
  facet normal 0 0 -1
    outer loop
      vertex 26.3313 -4.64292 -2
      vertex 1.37873 -0.243107 -2
      vertex 1.38637 -0.194842 -2
    endloop
  endfacet
  facet normal 0 0 -1
    outer loop
      vertex 26.1532 -5.55904 -2
      vertex 1.36941 -0.291076 -2
      vertex 1.37873 -0.243107 -2
    endloop
  endfacet
  facet normal 0 0 -1
    outer loop
      vertex 25.9433 -6.46839 -2
      vertex 1.35841 -0.33869 -2
      vertex 1.36941 -0.291076 -2
    endloop
  endfacet
  facet normal 0 0 -1
    outer loop
      vertex 25.7017 -7.36985 -2
      vertex 1.34577 -0.385892 -2
      vertex 1.35841 -0.33869 -2
    endloop
  endfacet
  facet normal 0 0 -1
    outer loop
      vertex 25.4289 -8.26234 -2
      vertex 1.33148 -0.432623 -2
      vertex 1.34577 -0.385892 -2
    endloop
  endfacet
  facet normal 0 0 -1
    outer loop
      vertex 25.125 -9.14476 -2
      vertex 1.31557 -0.478827 -2
      vertex 1.33148 -0.432623 -2
    endloop
  endfacet
  facet normal 0 0 -1
    outer loop
      vertex 24.7906 -10.016 -2
      vertex 1.29806 -0.524448 -2
      vertex 1.31557 -0.478827 -2
    endloop
  endfacet
  facet normal 0 0 -1
    outer loop
      vertex 24.4259 -10.8751 -2
      vertex 1.27896 -0.56943 -2
      vertex 1.29806 -0.524448 -2
    endloop
  endfacet
  facet normal 0 0 -1
    outer loop
      vertex 24.0315 -11.7209 -2
      vertex 1.25831 -0.613719 -2
      vertex 1.27896 -0.56943 -2
    endloop
  endfacet
  facet normal 0 0 -1
    outer loop
      vertex 23.6078 -12.5525 -2
      vertex 1.23613 -0.65726 -2
      vertex 1.25831 -0.613719 -2
    endloop
  endfacet
  facet normal 0 0 -1
    outer loop
      vertex 23.1554 -13.3687 -2
      vertex 1.21243 -0.7 -2
      vertex 1.23613 -0.65726 -2
    endloop
  endfacet
  facet normal 0 0 -1
    outer loop
      vertex 22.6747 -14.1687 -2
      vertex 1.18727 -0.741886 -2
      vertex 1.21243 -0.7 -2
    endloop
  endfacet
  facet normal 0 0 -1
    outer loop
      vertex 22.1664 -14.9514 -2
      vertex 1.16065 -0.782869 -2
      vertex 1.18727 -0.741886 -2
    endloop
  endfacet
  facet normal 0 0 -1
    outer loop
      vertex 21.6311 -15.7159 -2
      vertex 1.13262 -0.822899 -2
      vertex 1.16065 -0.782869 -2
    endloop
  endfacet
  facet normal 0 0 -1
    outer loop
      vertex 21.0694 -16.4612 -2
      vertex 1.10321 -0.861925 -2
      vertex 1.13262 -0.822899 -2
    endloop
  endfacet
  facet normal 0 0 -1
    outer loop
      vertex 20.4821 -17.1865 -2
      vertex 1.07246 -0.899902 -2
      vertex 1.10321 -0.861925 -2
    endloop
  endfacet
  facet normal 0 0 -1
    outer loop
      vertex 19.8698 -17.8909 -2
      vertex 1.0404 -0.936783 -2
      vertex 1.07246 -0.899902 -2
    endloop
  endfacet
  facet normal 0 0 -1
    outer loop
      vertex 19.2333 -18.5734 -2
      vertex 1.00708 -0.972521 -2
      vertex 1.0404 -0.936783 -2
    endloop
  endfacet
  facet normal 0 0 -1
    outer loop
      vertex 18.5734 -19.2333 -2
      vertex 0.972521 -1.00708 -2
      vertex 1.00708 -0.972521 -2
    endloop
  endfacet
  facet normal 0 0 -1
    outer loop
      vertex 17.8909 -19.8698 -2
      vertex 0.936783 -1.0404 -2
      vertex 0.972521 -1.00708 -2
    endloop
  endfacet
  facet normal 0 0 -1
    outer loop
      vertex 0.0976582 -1.39659 -2
      vertex 1.86511 -26.6724 -2
      vertex 0.933125 -26.7212 -2
    endloop
  endfacet
  facet normal 0 0 -1
    outer loop
      vertex 17.1865 -20.4821 -2
      vertex 0.899902 -1.07246 -2
      vertex 0.936783 -1.0404 -2
    endloop
  endfacet
  facet normal 0 0 -1
    outer loop
      vertex 16.4612 -21.0694 -2
      vertex 0.861925 -1.10321 -2
      vertex 0.899902 -1.07246 -2
    endloop
  endfacet
  facet normal 0 0 -1
    outer loop
      vertex 15.7159 -21.6311 -2
      vertex 0.822899 -1.13262 -2
      vertex 0.861925 -1.10321 -2
    endloop
  endfacet
  facet normal 0 0 -1
    outer loop
      vertex 14.9514 -22.1664 -2
      vertex 0.782869 -1.16065 -2
      vertex 0.822899 -1.13262 -2
    endloop
  endfacet
  facet normal 0 0 -1
    outer loop
      vertex 14.1687 -22.6747 -2
      vertex 0.741886 -1.18727 -2
      vertex 0.782869 -1.16065 -2
    endloop
  endfacet
  facet normal 0 0 -1
    outer loop
      vertex 13.3687 -23.1554 -2
      vertex 0.7 -1.21243 -2
      vertex 0.741886 -1.18727 -2
    endloop
  endfacet
  facet normal 0 0 -1
    outer loop
      vertex 12.5525 -23.6078 -2
      vertex 0.65726 -1.23613 -2
      vertex 0.7 -1.21243 -2
    endloop
  endfacet
  facet normal 0 0 -1
    outer loop
      vertex 11.7209 -24.0315 -2
      vertex 0.613719 -1.25831 -2
      vertex 0.65726 -1.23613 -2
    endloop
  endfacet
  facet normal 0 0 -1
    outer loop
      vertex 10.8751 -24.4259 -2
      vertex 0.56943 -1.27896 -2
      vertex 0.613719 -1.25831 -2
    endloop
  endfacet
  facet normal 0 0 -1
    outer loop
      vertex 10.016 -24.7906 -2
      vertex 0.524448 -1.29806 -2
      vertex 0.56943 -1.27896 -2
    endloop
  endfacet
  facet normal 0 0 -1
    outer loop
      vertex 9.14476 -25.125 -2
      vertex 0.478827 -1.31557 -2
      vertex 0.524448 -1.29806 -2
    endloop
  endfacet
  facet normal 0 0 -1
    outer loop
      vertex 8.26234 -25.4289 -2
      vertex 0.432623 -1.33148 -2
      vertex 0.478827 -1.31557 -2
    endloop
  endfacet
  facet normal 0 0 -1
    outer loop
      vertex 7.36985 -25.7017 -2
      vertex 0.385892 -1.34577 -2
      vertex 0.432623 -1.33148 -2
    endloop
  endfacet
  facet normal 0 0 -1
    outer loop
      vertex 6.46839 -25.9433 -2
      vertex 0.33869 -1.35841 -2
      vertex 0.385892 -1.34577 -2
    endloop
  endfacet
  facet normal 0 0 -1
    outer loop
      vertex 5.55904 -26.1532 -2
      vertex 0.291076 -1.36941 -2
      vertex 0.33869 -1.35841 -2
    endloop
  endfacet
  facet normal 0 0 -1
    outer loop
      vertex 4.64292 -26.3313 -2
      vertex 0.243107 -1.37873 -2
      vertex 0.291076 -1.36941 -2
    endloop
  endfacet
  facet normal 0 0 -1
    outer loop
      vertex 3.72114 -26.4773 -2
      vertex 0.194842 -1.38637 -2
      vertex 0.243107 -1.37873 -2
    endloop
  endfacet
  facet normal 0 0 -1
    outer loop
      vertex 2.79483 -26.591 -2
      vertex 0.146339 -1.39233 -2
      vertex 0.194842 -1.38637 -2
    endloop
  endfacet
  facet normal 0 0 -1
    outer loop
      vertex 1.86511 -26.6724 -2
      vertex 0.0976582 -1.39659 -2
      vertex 0.146339 -1.39233 -2
    endloop
  endfacet
  facet normal 0 0 -1
    outer loop
      vertex 0.933125 -26.7212 -2
      vertex 0.0488586 -1.39915 -2
      vertex 0.0976582 -1.39659 -2
    endloop
  endfacet
  facet normal 0 0 -1
    outer loop
      vertex 0 -26.7375 -2
      vertex 0.0488586 -1.39915 -2
      vertex 0.933125 -26.7212 -2
    endloop
  endfacet
  facet normal 0 0 -1
    outer loop
      vertex 0 -26.7375 -2
      vertex 0 -1.4 -2
      vertex 0.0488586 -1.39915 -2
    endloop
  endfacet
  facet normal 0 0 -1
    outer loop
      vertex 0 -26.7375 -2
      vertex -0.0488586 -1.39915 -2
      vertex 0 -1.4 -2
    endloop
  endfacet
  facet normal 0 0 -1
    outer loop
      vertex -0.933125 -26.7212 -2
      vertex -0.0488586 -1.39915 -2
      vertex 0 -26.7375 -2
    endloop
  endfacet
  facet normal -0 0 -1
    outer loop
      vertex -0.0488586 -1.39915 -2
      vertex -0.933125 -26.7212 -2
      vertex -0.0976582 -1.39659 -2
    endloop
  endfacet
  facet normal 0 0 -1
    outer loop
      vertex -1.86511 -26.6724 -2
      vertex -0.0976582 -1.39659 -2
      vertex -0.933125 -26.7212 -2
    endloop
  endfacet
  facet normal -0 0 -1
    outer loop
      vertex -0.0976582 -1.39659 -2
      vertex -1.86511 -26.6724 -2
      vertex -0.146339 -1.39233 -2
    endloop
  endfacet
  facet normal 0 0 -1
    outer loop
      vertex -2.79483 -26.591 -2
      vertex -0.146339 -1.39233 -2
      vertex -1.86511 -26.6724 -2
    endloop
  endfacet
  facet normal -0 0 -1
    outer loop
      vertex -0.146339 -1.39233 -2
      vertex -2.79483 -26.591 -2
      vertex -0.194842 -1.38637 -2
    endloop
  endfacet
  facet normal 0 0 -1
    outer loop
      vertex -3.72114 -26.4773 -2
      vertex -0.194842 -1.38637 -2
      vertex -2.79483 -26.591 -2
    endloop
  endfacet
  facet normal -0 0 -1
    outer loop
      vertex -0.194842 -1.38637 -2
      vertex -3.72114 -26.4773 -2
      vertex -0.243107 -1.37873 -2
    endloop
  endfacet
  facet normal 0 0 -1
    outer loop
      vertex -4.64292 -26.3313 -2
      vertex -0.243107 -1.37873 -2
      vertex -3.72114 -26.4773 -2
    endloop
  endfacet
  facet normal -0 0 -1
    outer loop
      vertex -0.243107 -1.37873 -2
      vertex -4.64292 -26.3313 -2
      vertex -0.291076 -1.36941 -2
    endloop
  endfacet
  facet normal 0 0 -1
    outer loop
      vertex -5.55904 -26.1532 -2
      vertex -0.291076 -1.36941 -2
      vertex -4.64292 -26.3313 -2
    endloop
  endfacet
  facet normal -0 0 -1
    outer loop
      vertex -0.291076 -1.36941 -2
      vertex -5.55904 -26.1532 -2
      vertex -0.33869 -1.35841 -2
    endloop
  endfacet
  facet normal 0 0 -1
    outer loop
      vertex -6.46839 -25.9433 -2
      vertex -0.33869 -1.35841 -2
      vertex -5.55904 -26.1532 -2
    endloop
  endfacet
  facet normal -0 0 -1
    outer loop
      vertex -0.33869 -1.35841 -2
      vertex -6.46839 -25.9433 -2
      vertex -0.385892 -1.34577 -2
    endloop
  endfacet
  facet normal 0 0 -1
    outer loop
      vertex -7.36985 -25.7017 -2
      vertex -0.385892 -1.34577 -2
      vertex -6.46839 -25.9433 -2
    endloop
  endfacet
  facet normal -0 0 -1
    outer loop
      vertex -0.385892 -1.34577 -2
      vertex -7.36985 -25.7017 -2
      vertex -0.432623 -1.33148 -2
    endloop
  endfacet
  facet normal 0 0 -1
    outer loop
      vertex -8.26234 -25.4289 -2
      vertex -0.432623 -1.33148 -2
      vertex -7.36985 -25.7017 -2
    endloop
  endfacet
  facet normal -0 0 -1
    outer loop
      vertex -0.432623 -1.33148 -2
      vertex -8.26234 -25.4289 -2
      vertex -0.478827 -1.31557 -2
    endloop
  endfacet
  facet normal 0 0 -1
    outer loop
      vertex -9.14476 -25.125 -2
      vertex -0.478827 -1.31557 -2
      vertex -8.26234 -25.4289 -2
    endloop
  endfacet
  facet normal -0 0 -1
    outer loop
      vertex -0.478827 -1.31557 -2
      vertex -9.14476 -25.125 -2
      vertex -0.524448 -1.29806 -2
    endloop
  endfacet
  facet normal 0 0 -1
    outer loop
      vertex -10.016 -24.7906 -2
      vertex -0.524448 -1.29806 -2
      vertex -9.14476 -25.125 -2
    endloop
  endfacet
  facet normal -0 0 -1
    outer loop
      vertex -0.524448 -1.29806 -2
      vertex -10.016 -24.7906 -2
      vertex -0.56943 -1.27896 -2
    endloop
  endfacet
  facet normal 0 0 -1
    outer loop
      vertex -10.8751 -24.4259 -2
      vertex -0.56943 -1.27896 -2
      vertex -10.016 -24.7906 -2
    endloop
  endfacet
  facet normal -0 0 -1
    outer loop
      vertex -0.56943 -1.27896 -2
      vertex -10.8751 -24.4259 -2
      vertex -0.613719 -1.25831 -2
    endloop
  endfacet
  facet normal 0 0 -1
    outer loop
      vertex -11.7209 -24.0315 -2
      vertex -0.613719 -1.25831 -2
      vertex -10.8751 -24.4259 -2
    endloop
  endfacet
  facet normal -0 0 -1
    outer loop
      vertex -0.613719 -1.25831 -2
      vertex -11.7209 -24.0315 -2
      vertex -0.65726 -1.23613 -2
    endloop
  endfacet
  facet normal 0 0 -1
    outer loop
      vertex -12.5525 -23.6078 -2
      vertex -0.65726 -1.23613 -2
      vertex -11.7209 -24.0315 -2
    endloop
  endfacet
  facet normal -0 0 -1
    outer loop
      vertex -0.65726 -1.23613 -2
      vertex -12.5525 -23.6078 -2
      vertex -0.7 -1.21243 -2
    endloop
  endfacet
  facet normal 0 0 -1
    outer loop
      vertex -13.3687 -23.1554 -2
      vertex -0.7 -1.21243 -2
      vertex -12.5525 -23.6078 -2
    endloop
  endfacet
  facet normal -0 0 -1
    outer loop
      vertex -0.7 -1.21243 -2
      vertex -13.3687 -23.1554 -2
      vertex -0.741886 -1.18727 -2
    endloop
  endfacet
  facet normal 0 0 -1
    outer loop
      vertex -14.1687 -22.6747 -2
      vertex -0.741886 -1.18727 -2
      vertex -13.3687 -23.1554 -2
    endloop
  endfacet
  facet normal -0 0 -1
    outer loop
      vertex -0.741886 -1.18727 -2
      vertex -14.1687 -22.6747 -2
      vertex -0.782869 -1.16065 -2
    endloop
  endfacet
  facet normal 0 0 -1
    outer loop
      vertex -14.9514 -22.1664 -2
      vertex -0.782869 -1.16065 -2
      vertex -14.1687 -22.6747 -2
    endloop
  endfacet
  facet normal -0 0 -1
    outer loop
      vertex -0.782869 -1.16065 -2
      vertex -14.9514 -22.1664 -2
      vertex -0.822899 -1.13262 -2
    endloop
  endfacet
  facet normal 0 0 -1
    outer loop
      vertex -15.7159 -21.6311 -2
      vertex -0.822899 -1.13262 -2
      vertex -14.9514 -22.1664 -2
    endloop
  endfacet
  facet normal -0 0 -1
    outer loop
      vertex -0.822899 -1.13262 -2
      vertex -15.7159 -21.6311 -2
      vertex -0.861925 -1.10321 -2
    endloop
  endfacet
  facet normal 0 0 -1
    outer loop
      vertex -16.4612 -21.0694 -2
      vertex -0.861925 -1.10321 -2
      vertex -15.7159 -21.6311 -2
    endloop
  endfacet
  facet normal -0 0 -1
    outer loop
      vertex -0.861925 -1.10321 -2
      vertex -16.4612 -21.0694 -2
      vertex -0.899902 -1.07246 -2
    endloop
  endfacet
  facet normal 0 0 -1
    outer loop
      vertex -17.1865 -20.4821 -2
      vertex -0.899902 -1.07246 -2
      vertex -16.4612 -21.0694 -2
    endloop
  endfacet
  facet normal -0 0 -1
    outer loop
      vertex -0.899902 -1.07246 -2
      vertex -17.1865 -20.4821 -2
      vertex -0.936783 -1.0404 -2
    endloop
  endfacet
  facet normal 0 0 -1
    outer loop
      vertex -17.8909 -19.8698 -2
      vertex -0.936783 -1.0404 -2
      vertex -17.1865 -20.4821 -2
    endloop
  endfacet
  facet normal -0 0 -1
    outer loop
      vertex -0.936783 -1.0404 -2
      vertex -17.8909 -19.8698 -2
      vertex -0.972521 -1.00708 -2
    endloop
  endfacet
  facet normal 0 0 -1
    outer loop
      vertex -18.5734 -19.2333 -2
      vertex -0.972521 -1.00708 -2
      vertex -17.8909 -19.8698 -2
    endloop
  endfacet
  facet normal -0 0 -1
    outer loop
      vertex -0.972521 -1.00708 -2
      vertex -18.5734 -19.2333 -2
      vertex -1.00708 -0.972521 -2
    endloop
  endfacet
  facet normal -0 0 -1
    outer loop
      vertex -1.00708 -0.972521 -2
      vertex -19.2333 -18.5734 -2
      vertex -1.0404 -0.936783 -2
    endloop
  endfacet
  facet normal 0 0 -1
    outer loop
      vertex -19.2333 -18.5734 -2
      vertex -1.00708 -0.972521 -2
      vertex -18.5734 -19.2333 -2
    endloop
  endfacet
  facet normal 0 0 -1
    outer loop
      vertex 1.00708 0.972521 -2
      vertex 19.2333 18.5734 -2
      vertex 1.0404 0.936783 -2
    endloop
  endfacet
  facet normal -0 0 -1
    outer loop
      vertex 19.2333 18.5734 -2
      vertex 1.00708 0.972521 -2
      vertex 18.5734 19.2333 -2
    endloop
  endfacet
  facet normal 0 0 -1
    outer loop
      vertex 0.972521 1.00708 -2
      vertex 18.5734 19.2333 -2
      vertex 1.00708 0.972521 -2
    endloop
  endfacet
  facet normal -0 0 -1
    outer loop
      vertex 18.5734 19.2333 -2
      vertex 0.972521 1.00708 -2
      vertex 17.8909 19.8698 -2
    endloop
  endfacet
  facet normal 0 0 -1
    outer loop
      vertex 0.936783 1.0404 -2
      vertex 17.8909 19.8698 -2
      vertex 0.972521 1.00708 -2
    endloop
  endfacet
  facet normal -0 0 -1
    outer loop
      vertex 17.8909 19.8698 -2
      vertex 0.936783 1.0404 -2
      vertex 17.1865 20.4821 -2
    endloop
  endfacet
  facet normal 0 0 -1
    outer loop
      vertex 0.899902 1.07246 -2
      vertex 17.1865 20.4821 -2
      vertex 0.936783 1.0404 -2
    endloop
  endfacet
  facet normal -0 0 -1
    outer loop
      vertex 17.1865 20.4821 -2
      vertex 0.899902 1.07246 -2
      vertex 16.4612 21.0694 -2
    endloop
  endfacet
  facet normal 0 0 -1
    outer loop
      vertex 0.861925 1.10321 -2
      vertex 16.4612 21.0694 -2
      vertex 0.899902 1.07246 -2
    endloop
  endfacet
  facet normal -0 0 -1
    outer loop
      vertex 16.4612 21.0694 -2
      vertex 0.861925 1.10321 -2
      vertex 15.7159 21.6311 -2
    endloop
  endfacet
  facet normal 0 0 -1
    outer loop
      vertex 0.822899 1.13262 -2
      vertex 15.7159 21.6311 -2
      vertex 0.861925 1.10321 -2
    endloop
  endfacet
  facet normal -0 0 -1
    outer loop
      vertex 15.7159 21.6311 -2
      vertex 0.822899 1.13262 -2
      vertex 14.9514 22.1664 -2
    endloop
  endfacet
  facet normal 0 0 -1
    outer loop
      vertex 0.782869 1.16065 -2
      vertex 14.9514 22.1664 -2
      vertex 0.822899 1.13262 -2
    endloop
  endfacet
  facet normal -0 0 -1
    outer loop
      vertex 14.9514 22.1664 -2
      vertex 0.782869 1.16065 -2
      vertex 14.1687 22.6747 -2
    endloop
  endfacet
  facet normal 0 0 -1
    outer loop
      vertex 0.741886 1.18727 -2
      vertex 14.1687 22.6747 -2
      vertex 0.782869 1.16065 -2
    endloop
  endfacet
  facet normal -0 0 -1
    outer loop
      vertex 14.1687 22.6747 -2
      vertex 0.741886 1.18727 -2
      vertex 13.3687 23.1554 -2
    endloop
  endfacet
  facet normal 0 0 -1
    outer loop
      vertex 0.7 1.21243 -2
      vertex 13.3687 23.1554 -2
      vertex 0.741886 1.18727 -2
    endloop
  endfacet
  facet normal -0 0 -1
    outer loop
      vertex 13.3687 23.1554 -2
      vertex 0.7 1.21243 -2
      vertex 12.5525 23.6078 -2
    endloop
  endfacet
  facet normal 0 0 -1
    outer loop
      vertex 0.65726 1.23613 -2
      vertex 12.5525 23.6078 -2
      vertex 0.7 1.21243 -2
    endloop
  endfacet
  facet normal -0 0 -1
    outer loop
      vertex 12.5525 23.6078 -2
      vertex 0.65726 1.23613 -2
      vertex 11.7209 24.0315 -2
    endloop
  endfacet
  facet normal 0 0 -1
    outer loop
      vertex 0.613719 1.25831 -2
      vertex 11.7209 24.0315 -2
      vertex 0.65726 1.23613 -2
    endloop
  endfacet
  facet normal -0 0 -1
    outer loop
      vertex 11.7209 24.0315 -2
      vertex 0.613719 1.25831 -2
      vertex 10.8751 24.4259 -2
    endloop
  endfacet
  facet normal 0 0 -1
    outer loop
      vertex 0.56943 1.27896 -2
      vertex 10.8751 24.4259 -2
      vertex 0.613719 1.25831 -2
    endloop
  endfacet
  facet normal -0 0 -1
    outer loop
      vertex 10.8751 24.4259 -2
      vertex 0.56943 1.27896 -2
      vertex 10.016 24.7906 -2
    endloop
  endfacet
  facet normal 0 0 -1
    outer loop
      vertex 0.524448 1.29806 -2
      vertex 10.016 24.7906 -2
      vertex 0.56943 1.27896 -2
    endloop
  endfacet
  facet normal -0 0 -1
    outer loop
      vertex 10.016 24.7906 -2
      vertex 0.524448 1.29806 -2
      vertex 9.14476 25.125 -2
    endloop
  endfacet
  facet normal 0 0 -1
    outer loop
      vertex 0.478827 1.31557 -2
      vertex 9.14476 25.125 -2
      vertex 0.524448 1.29806 -2
    endloop
  endfacet
  facet normal -0 0 -1
    outer loop
      vertex 9.14476 25.125 -2
      vertex 0.478827 1.31557 -2
      vertex 8.26234 25.4289 -2
    endloop
  endfacet
  facet normal 0 0 -1
    outer loop
      vertex 0.432623 1.33148 -2
      vertex 8.26234 25.4289 -2
      vertex 0.478827 1.31557 -2
    endloop
  endfacet
  facet normal -0 0 -1
    outer loop
      vertex 8.26234 25.4289 -2
      vertex 0.432623 1.33148 -2
      vertex 7.36985 25.7017 -2
    endloop
  endfacet
  facet normal 0 0 -1
    outer loop
      vertex 0.385892 1.34577 -2
      vertex 7.36985 25.7017 -2
      vertex 0.432623 1.33148 -2
    endloop
  endfacet
  facet normal -0 0 -1
    outer loop
      vertex 7.36985 25.7017 -2
      vertex 0.385892 1.34577 -2
      vertex 6.46839 25.9433 -2
    endloop
  endfacet
  facet normal 0 0 -1
    outer loop
      vertex 0.33869 1.35841 -2
      vertex 6.46839 25.9433 -2
      vertex 0.385892 1.34577 -2
    endloop
  endfacet
  facet normal -0 0 -1
    outer loop
      vertex 6.46839 25.9433 -2
      vertex 0.33869 1.35841 -2
      vertex 5.55904 26.1532 -2
    endloop
  endfacet
  facet normal 0 0 -1
    outer loop
      vertex 0.291076 1.36941 -2
      vertex 5.55904 26.1532 -2
      vertex 0.33869 1.35841 -2
    endloop
  endfacet
  facet normal -0 0 -1
    outer loop
      vertex 5.55904 26.1532 -2
      vertex 0.291076 1.36941 -2
      vertex 4.64292 26.3313 -2
    endloop
  endfacet
  facet normal 0 0 -1
    outer loop
      vertex 0.243107 1.37873 -2
      vertex 4.64292 26.3313 -2
      vertex 0.291076 1.36941 -2
    endloop
  endfacet
  facet normal -0 0 -1
    outer loop
      vertex 4.64292 26.3313 -2
      vertex 0.243107 1.37873 -2
      vertex 3.72114 26.4773 -2
    endloop
  endfacet
  facet normal 0 0 -1
    outer loop
      vertex 0.194842 1.38637 -2
      vertex 3.72114 26.4773 -2
      vertex 0.243107 1.37873 -2
    endloop
  endfacet
  facet normal -0 0 -1
    outer loop
      vertex 3.72114 26.4773 -2
      vertex 0.194842 1.38637 -2
      vertex 2.79483 26.591 -2
    endloop
  endfacet
  facet normal 0 0 -1
    outer loop
      vertex 0.146339 1.39233 -2
      vertex 2.79483 26.591 -2
      vertex 0.194842 1.38637 -2
    endloop
  endfacet
  facet normal -0 0 -1
    outer loop
      vertex 2.79483 26.591 -2
      vertex 0.146339 1.39233 -2
      vertex 1.86511 26.6724 -2
    endloop
  endfacet
  facet normal 0 0 -1
    outer loop
      vertex 0.0976582 1.39659 -2
      vertex 1.86511 26.6724 -2
      vertex 0.146339 1.39233 -2
    endloop
  endfacet
  facet normal -0 0 -1
    outer loop
      vertex 1.86511 26.6724 -2
      vertex 0.0976582 1.39659 -2
      vertex 0.933125 26.7212 -2
    endloop
  endfacet
  facet normal 0 0 -1
    outer loop
      vertex 0.0488586 1.39915 -2
      vertex 0.933125 26.7212 -2
      vertex 0.0976582 1.39659 -2
    endloop
  endfacet
  facet normal 0 0 -1
    outer loop
      vertex 0 1.4 -2
      vertex 0.933125 26.7212 -2
      vertex 0.0488586 1.39915 -2
    endloop
  endfacet
  facet normal 0 0 -1
    outer loop
      vertex 0 1.4 -2
      vertex 0 26.7375 -2
      vertex 0.933125 26.7212 -2
    endloop
  endfacet
  facet normal 0 0 -1
    outer loop
      vertex -0.0488586 1.39915 -2
      vertex 0 26.7375 -2
      vertex 0 1.4 -2
    endloop
  endfacet
  facet normal 0 0 -1
    outer loop
      vertex -0.933125 26.7212 -2
      vertex -0.0488586 1.39915 -2
      vertex -0.0976582 1.39659 -2
    endloop
  endfacet
  facet normal 0 0 -1
    outer loop
      vertex -1.86511 26.6724 -2
      vertex -0.0976582 1.39659 -2
      vertex -0.146339 1.39233 -2
    endloop
  endfacet
  facet normal 0 0 -1
    outer loop
      vertex -2.79483 26.591 -2
      vertex -0.146339 1.39233 -2
      vertex -0.194842 1.38637 -2
    endloop
  endfacet
  facet normal 0 0 -1
    outer loop
      vertex -3.72114 26.4773 -2
      vertex -0.194842 1.38637 -2
      vertex -0.243107 1.37873 -2
    endloop
  endfacet
  facet normal 0 0 -1
    outer loop
      vertex -4.64292 26.3313 -2
      vertex -0.243107 1.37873 -2
      vertex -0.291076 1.36941 -2
    endloop
  endfacet
  facet normal 0 0 -1
    outer loop
      vertex -5.55904 26.1532 -2
      vertex -0.291076 1.36941 -2
      vertex -0.33869 1.35841 -2
    endloop
  endfacet
  facet normal 0 0 -1
    outer loop
      vertex -6.46839 25.9433 -2
      vertex -0.33869 1.35841 -2
      vertex -0.385892 1.34577 -2
    endloop
  endfacet
  facet normal 0 0 -1
    outer loop
      vertex -7.36985 25.7017 -2
      vertex -0.385892 1.34577 -2
      vertex -0.432623 1.33148 -2
    endloop
  endfacet
  facet normal 0 0 -1
    outer loop
      vertex -8.26234 25.4289 -2
      vertex -0.432623 1.33148 -2
      vertex -0.478827 1.31557 -2
    endloop
  endfacet
  facet normal 0 0 -1
    outer loop
      vertex -9.14476 25.125 -2
      vertex -0.478827 1.31557 -2
      vertex -0.524448 1.29806 -2
    endloop
  endfacet
  facet normal 0 0 -1
    outer loop
      vertex -10.016 24.7906 -2
      vertex -0.524448 1.29806 -2
      vertex -0.56943 1.27896 -2
    endloop
  endfacet
  facet normal 0 0 -1
    outer loop
      vertex -10.8751 24.4259 -2
      vertex -0.56943 1.27896 -2
      vertex -0.613719 1.25831 -2
    endloop
  endfacet
  facet normal 0 0 -1
    outer loop
      vertex -11.7209 24.0315 -2
      vertex -0.613719 1.25831 -2
      vertex -0.65726 1.23613 -2
    endloop
  endfacet
  facet normal 0 0 -1
    outer loop
      vertex -12.5525 23.6078 -2
      vertex -0.65726 1.23613 -2
      vertex -0.7 1.21243 -2
    endloop
  endfacet
  facet normal 0 0 -1
    outer loop
      vertex -13.3687 23.1554 -2
      vertex -0.7 1.21243 -2
      vertex -0.741886 1.18727 -2
    endloop
  endfacet
  facet normal 0 0 -1
    outer loop
      vertex -14.1687 22.6747 -2
      vertex -0.741886 1.18727 -2
      vertex -0.782869 1.16065 -2
    endloop
  endfacet
  facet normal 0 0 -1
    outer loop
      vertex -14.9514 22.1664 -2
      vertex -0.782869 1.16065 -2
      vertex -0.822899 1.13262 -2
    endloop
  endfacet
  facet normal 0 0 -1
    outer loop
      vertex -15.7159 21.6311 -2
      vertex -0.822899 1.13262 -2
      vertex -0.861925 1.10321 -2
    endloop
  endfacet
  facet normal 0 0 -1
    outer loop
      vertex -16.4612 21.0694 -2
      vertex -0.861925 1.10321 -2
      vertex -0.899902 1.07246 -2
    endloop
  endfacet
  facet normal 0 0 -1
    outer loop
      vertex -0.0488586 1.39915 -2
      vertex -0.933125 26.7212 -2
      vertex 0 26.7375 -2
    endloop
  endfacet
  facet normal 0 0 -1
    outer loop
      vertex -17.1865 20.4821 -2
      vertex -0.899902 1.07246 -2
      vertex -0.936783 1.0404 -2
    endloop
  endfacet
  facet normal 0 0 -1
    outer loop
      vertex -17.8909 19.8698 -2
      vertex -0.936783 1.0404 -2
      vertex -0.972521 1.00708 -2
    endloop
  endfacet
  facet normal 0 0 -1
    outer loop
      vertex -18.5734 19.2333 -2
      vertex -0.972521 1.00708 -2
      vertex -1.00708 0.972521 -2
    endloop
  endfacet
  facet normal 0 0 -1
    outer loop
      vertex -19.2333 18.5734 -2
      vertex -1.00708 0.972521 -2
      vertex -1.0404 0.936783 -2
    endloop
  endfacet
  facet normal 0 0 -1
    outer loop
      vertex -19.8698 17.8909 -2
      vertex -1.0404 0.936783 -2
      vertex -1.07246 0.899902 -2
    endloop
  endfacet
  facet normal 0 0 -1
    outer loop
      vertex -20.4821 17.1865 -2
      vertex -1.07246 0.899902 -2
      vertex -1.10321 0.861925 -2
    endloop
  endfacet
  facet normal 0 0 -1
    outer loop
      vertex -21.0694 16.4612 -2
      vertex -1.10321 0.861925 -2
      vertex -1.13262 0.822899 -2
    endloop
  endfacet
  facet normal 0 0 -1
    outer loop
      vertex -21.6311 15.7159 -2
      vertex -1.13262 0.822899 -2
      vertex -1.16065 0.782869 -2
    endloop
  endfacet
  facet normal 0 0 -1
    outer loop
      vertex -22.1664 14.9514 -2
      vertex -1.16065 0.782869 -2
      vertex -1.18727 0.741886 -2
    endloop
  endfacet
  facet normal 0 0 -1
    outer loop
      vertex -22.6747 14.1687 -2
      vertex -1.18727 0.741886 -2
      vertex -1.21243 0.7 -2
    endloop
  endfacet
  facet normal 0 0 -1
    outer loop
      vertex -23.1554 13.3687 -2
      vertex -1.21243 0.7 -2
      vertex -1.23613 0.65726 -2
    endloop
  endfacet
  facet normal 0 0 -1
    outer loop
      vertex -23.6078 12.5525 -2
      vertex -1.23613 0.65726 -2
      vertex -1.25831 0.613719 -2
    endloop
  endfacet
  facet normal 0 0 -1
    outer loop
      vertex -24.0315 11.7209 -2
      vertex -1.25831 0.613719 -2
      vertex -1.27896 0.56943 -2
    endloop
  endfacet
  facet normal 0 0 -1
    outer loop
      vertex -24.4259 10.8751 -2
      vertex -1.27896 0.56943 -2
      vertex -1.29806 0.524448 -2
    endloop
  endfacet
  facet normal 0 0 -1
    outer loop
      vertex -24.7906 10.016 -2
      vertex -1.29806 0.524448 -2
      vertex -1.31557 0.478827 -2
    endloop
  endfacet
  facet normal 0 0 -1
    outer loop
      vertex -25.125 9.14476 -2
      vertex -1.31557 0.478827 -2
      vertex -1.33148 0.432623 -2
    endloop
  endfacet
  facet normal 0 0 -1
    outer loop
      vertex -25.4289 8.26234 -2
      vertex -1.33148 0.432623 -2
      vertex -1.34577 0.385892 -2
    endloop
  endfacet
  facet normal 0 0 -1
    outer loop
      vertex -25.7017 7.36985 -2
      vertex -1.34577 0.385892 -2
      vertex -1.35841 0.33869 -2
    endloop
  endfacet
  facet normal 0 0 -1
    outer loop
      vertex -25.9433 6.46839 -2
      vertex -1.35841 0.33869 -2
      vertex -1.36941 0.291076 -2
    endloop
  endfacet
  facet normal 0 0 -1
    outer loop
      vertex -26.1532 5.55904 -2
      vertex -1.36941 0.291076 -2
      vertex -1.37873 0.243107 -2
    endloop
  endfacet
  facet normal 0 0 -1
    outer loop
      vertex -26.3313 4.64292 -2
      vertex -1.37873 0.243107 -2
      vertex -1.38637 0.194842 -2
    endloop
  endfacet
  facet normal 0 0 -1
    outer loop
      vertex -26.4773 3.72114 -2
      vertex -1.38637 0.194842 -2
      vertex -1.39233 0.146339 -2
    endloop
  endfacet
  facet normal 0 0 -1
    outer loop
      vertex -26.591 2.79483 -2
      vertex -1.39233 0.146339 -2
      vertex -1.39659 0.0976582 -2
    endloop
  endfacet
  facet normal 0 0 -1
    outer loop
      vertex -26.6724 1.86511 -2
      vertex -1.39659 0.0976582 -2
      vertex -1.39915 0.0488586 -2
    endloop
  endfacet
  facet normal 0 0 -1
    outer loop
      vertex -0.0976582 1.39659 -2
      vertex -1.86511 26.6724 -2
      vertex -0.933125 26.7212 -2
    endloop
  endfacet
  facet normal 0 0 -1
    outer loop
      vertex -26.7212 0.933125 -2
      vertex -1.39915 0.0488586 -2
      vertex -1.4 0 -2
    endloop
  endfacet
  facet normal 0 0 -1
    outer loop
      vertex -19.8698 -17.8909 -2
      vertex -1.0404 -0.936783 -2
      vertex -19.2333 -18.5734 -2
    endloop
  endfacet
  facet normal -0 0 -1
    outer loop
      vertex -1.0404 -0.936783 -2
      vertex -19.8698 -17.8909 -2
      vertex -1.07246 -0.899902 -2
    endloop
  endfacet
  facet normal 0 0 -1
    outer loop
      vertex -0.146339 1.39233 -2
      vertex -2.79483 26.591 -2
      vertex -1.86511 26.6724 -2
    endloop
  endfacet
  facet normal 0 0 -1
    outer loop
      vertex -20.4821 -17.1865 -2
      vertex -1.07246 -0.899902 -2
      vertex -19.8698 -17.8909 -2
    endloop
  endfacet
  facet normal 0 0 -1
    outer loop
      vertex -0.194842 1.38637 -2
      vertex -3.72114 26.4773 -2
      vertex -2.79483 26.591 -2
    endloop
  endfacet
  facet normal -0 0 -1
    outer loop
      vertex -1.07246 -0.899902 -2
      vertex -20.4821 -17.1865 -2
      vertex -1.10321 -0.861925 -2
    endloop
  endfacet
  facet normal 0 0 -1
    outer loop
      vertex -0.243107 1.37873 -2
      vertex -4.64292 26.3313 -2
      vertex -3.72114 26.4773 -2
    endloop
  endfacet
  facet normal 0 0 -1
    outer loop
      vertex -21.0694 -16.4612 -2
      vertex -1.10321 -0.861925 -2
      vertex -20.4821 -17.1865 -2
    endloop
  endfacet
  facet normal 0 0 -1
    outer loop
      vertex -0.291076 1.36941 -2
      vertex -5.55904 26.1532 -2
      vertex -4.64292 26.3313 -2
    endloop
  endfacet
  facet normal -0 0 -1
    outer loop
      vertex -1.10321 -0.861925 -2
      vertex -21.0694 -16.4612 -2
      vertex -1.13262 -0.822899 -2
    endloop
  endfacet
  facet normal 0 0 -1
    outer loop
      vertex -0.33869 1.35841 -2
      vertex -6.46839 25.9433 -2
      vertex -5.55904 26.1532 -2
    endloop
  endfacet
  facet normal 0 0 -1
    outer loop
      vertex -21.6311 -15.7159 -2
      vertex -1.13262 -0.822899 -2
      vertex -21.0694 -16.4612 -2
    endloop
  endfacet
  facet normal 0 0 -1
    outer loop
      vertex -0.385892 1.34577 -2
      vertex -7.36985 25.7017 -2
      vertex -6.46839 25.9433 -2
    endloop
  endfacet
  facet normal -0 0 -1
    outer loop
      vertex -1.13262 -0.822899 -2
      vertex -21.6311 -15.7159 -2
      vertex -1.16065 -0.782869 -2
    endloop
  endfacet
  facet normal 0 0 -1
    outer loop
      vertex -0.432623 1.33148 -2
      vertex -8.26234 25.4289 -2
      vertex -7.36985 25.7017 -2
    endloop
  endfacet
  facet normal 0 0 -1
    outer loop
      vertex -22.1664 -14.9514 -2
      vertex -1.16065 -0.782869 -2
      vertex -21.6311 -15.7159 -2
    endloop
  endfacet
  facet normal 0 0 -1
    outer loop
      vertex -0.478827 1.31557 -2
      vertex -9.14476 25.125 -2
      vertex -8.26234 25.4289 -2
    endloop
  endfacet
  facet normal -0 0 -1
    outer loop
      vertex -1.16065 -0.782869 -2
      vertex -22.1664 -14.9514 -2
      vertex -1.18727 -0.741886 -2
    endloop
  endfacet
  facet normal 0 0 -1
    outer loop
      vertex -0.524448 1.29806 -2
      vertex -10.016 24.7906 -2
      vertex -9.14476 25.125 -2
    endloop
  endfacet
  facet normal 0 0 -1
    outer loop
      vertex -22.6747 -14.1687 -2
      vertex -1.18727 -0.741886 -2
      vertex -22.1664 -14.9514 -2
    endloop
  endfacet
  facet normal 0 0 -1
    outer loop
      vertex -0.56943 1.27896 -2
      vertex -10.8751 24.4259 -2
      vertex -10.016 24.7906 -2
    endloop
  endfacet
  facet normal -0 0 -1
    outer loop
      vertex -1.18727 -0.741886 -2
      vertex -22.6747 -14.1687 -2
      vertex -1.21243 -0.7 -2
    endloop
  endfacet
  facet normal 0 0 -1
    outer loop
      vertex -0.613719 1.25831 -2
      vertex -11.7209 24.0315 -2
      vertex -10.8751 24.4259 -2
    endloop
  endfacet
  facet normal 0 0 -1
    outer loop
      vertex -23.1554 -13.3687 -2
      vertex -1.21243 -0.7 -2
      vertex -22.6747 -14.1687 -2
    endloop
  endfacet
  facet normal 0 0 -1
    outer loop
      vertex -0.65726 1.23613 -2
      vertex -12.5525 23.6078 -2
      vertex -11.7209 24.0315 -2
    endloop
  endfacet
  facet normal -0 0 -1
    outer loop
      vertex -1.21243 -0.7 -2
      vertex -23.1554 -13.3687 -2
      vertex -1.23613 -0.65726 -2
    endloop
  endfacet
  facet normal 0 0 -1
    outer loop
      vertex -0.7 1.21243 -2
      vertex -13.3687 23.1554 -2
      vertex -12.5525 23.6078 -2
    endloop
  endfacet
  facet normal 0 0 -1
    outer loop
      vertex -23.6078 -12.5525 -2
      vertex -1.23613 -0.65726 -2
      vertex -23.1554 -13.3687 -2
    endloop
  endfacet
  facet normal 0 0 -1
    outer loop
      vertex -0.741886 1.18727 -2
      vertex -14.1687 22.6747 -2
      vertex -13.3687 23.1554 -2
    endloop
  endfacet
  facet normal -0 0 -1
    outer loop
      vertex -1.23613 -0.65726 -2
      vertex -23.6078 -12.5525 -2
      vertex -1.25831 -0.613719 -2
    endloop
  endfacet
  facet normal 0 0 -1
    outer loop
      vertex -0.782869 1.16065 -2
      vertex -14.9514 22.1664 -2
      vertex -14.1687 22.6747 -2
    endloop
  endfacet
  facet normal 0 0 -1
    outer loop
      vertex -24.0315 -11.7209 -2
      vertex -1.25831 -0.613719 -2
      vertex -23.6078 -12.5525 -2
    endloop
  endfacet
  facet normal 0 0 -1
    outer loop
      vertex -0.822899 1.13262 -2
      vertex -15.7159 21.6311 -2
      vertex -14.9514 22.1664 -2
    endloop
  endfacet
  facet normal -0 0 -1
    outer loop
      vertex -1.25831 -0.613719 -2
      vertex -24.0315 -11.7209 -2
      vertex -1.27896 -0.56943 -2
    endloop
  endfacet
  facet normal 0 0 -1
    outer loop
      vertex -0.861925 1.10321 -2
      vertex -16.4612 21.0694 -2
      vertex -15.7159 21.6311 -2
    endloop
  endfacet
  facet normal 0 0 -1
    outer loop
      vertex -24.4259 -10.8751 -2
      vertex -1.27896 -0.56943 -2
      vertex -24.0315 -11.7209 -2
    endloop
  endfacet
  facet normal 0 0 -1
    outer loop
      vertex -0.899902 1.07246 -2
      vertex -17.1865 20.4821 -2
      vertex -16.4612 21.0694 -2
    endloop
  endfacet
  facet normal -0 0 -1
    outer loop
      vertex -1.27896 -0.56943 -2
      vertex -24.4259 -10.8751 -2
      vertex -1.29806 -0.524448 -2
    endloop
  endfacet
  facet normal 0 0 -1
    outer loop
      vertex -0.936783 1.0404 -2
      vertex -17.8909 19.8698 -2
      vertex -17.1865 20.4821 -2
    endloop
  endfacet
  facet normal 0 0 -1
    outer loop
      vertex -24.7906 -10.016 -2
      vertex -1.29806 -0.524448 -2
      vertex -24.4259 -10.8751 -2
    endloop
  endfacet
  facet normal 0 0 -1
    outer loop
      vertex -0.972521 1.00708 -2
      vertex -18.5734 19.2333 -2
      vertex -17.8909 19.8698 -2
    endloop
  endfacet
  facet normal -0 0 -1
    outer loop
      vertex -1.29806 -0.524448 -2
      vertex -24.7906 -10.016 -2
      vertex -1.31557 -0.478827 -2
    endloop
  endfacet
  facet normal 0 0 -1
    outer loop
      vertex -1.00708 0.972521 -2
      vertex -19.2333 18.5734 -2
      vertex -18.5734 19.2333 -2
    endloop
  endfacet
  facet normal 0 0 -1
    outer loop
      vertex -25.125 -9.14476 -2
      vertex -1.31557 -0.478827 -2
      vertex -24.7906 -10.016 -2
    endloop
  endfacet
  facet normal 0 0 -1
    outer loop
      vertex -1.0404 0.936783 -2
      vertex -19.8698 17.8909 -2
      vertex -19.2333 18.5734 -2
    endloop
  endfacet
  facet normal -0 0 -1
    outer loop
      vertex -1.31557 -0.478827 -2
      vertex -25.125 -9.14476 -2
      vertex -1.33148 -0.432623 -2
    endloop
  endfacet
  facet normal 0 0 -1
    outer loop
      vertex -1.07246 0.899902 -2
      vertex -20.4821 17.1865 -2
      vertex -19.8698 17.8909 -2
    endloop
  endfacet
  facet normal 0 0 -1
    outer loop
      vertex -25.4289 -8.26234 -2
      vertex -1.33148 -0.432623 -2
      vertex -25.125 -9.14476 -2
    endloop
  endfacet
  facet normal 0 0 -1
    outer loop
      vertex -1.10321 0.861925 -2
      vertex -21.0694 16.4612 -2
      vertex -20.4821 17.1865 -2
    endloop
  endfacet
  facet normal -0 0 -1
    outer loop
      vertex -1.33148 -0.432623 -2
      vertex -25.4289 -8.26234 -2
      vertex -1.34577 -0.385892 -2
    endloop
  endfacet
  facet normal 0 0 -1
    outer loop
      vertex -1.13262 0.822899 -2
      vertex -21.6311 15.7159 -2
      vertex -21.0694 16.4612 -2
    endloop
  endfacet
  facet normal 0 0 -1
    outer loop
      vertex -25.7017 -7.36985 -2
      vertex -1.34577 -0.385892 -2
      vertex -25.4289 -8.26234 -2
    endloop
  endfacet
  facet normal 0 0 -1
    outer loop
      vertex -1.16065 0.782869 -2
      vertex -22.1664 14.9514 -2
      vertex -21.6311 15.7159 -2
    endloop
  endfacet
  facet normal -0 0 -1
    outer loop
      vertex -1.34577 -0.385892 -2
      vertex -25.7017 -7.36985 -2
      vertex -1.35841 -0.33869 -2
    endloop
  endfacet
  facet normal 0 0 -1
    outer loop
      vertex -1.18727 0.741886 -2
      vertex -22.6747 14.1687 -2
      vertex -22.1664 14.9514 -2
    endloop
  endfacet
  facet normal 0 0 -1
    outer loop
      vertex -25.9433 -6.46839 -2
      vertex -1.35841 -0.33869 -2
      vertex -25.7017 -7.36985 -2
    endloop
  endfacet
  facet normal 0 0 -1
    outer loop
      vertex -1.21243 0.7 -2
      vertex -23.1554 13.3687 -2
      vertex -22.6747 14.1687 -2
    endloop
  endfacet
  facet normal -0 0 -1
    outer loop
      vertex -1.35841 -0.33869 -2
      vertex -25.9433 -6.46839 -2
      vertex -1.36941 -0.291076 -2
    endloop
  endfacet
  facet normal 0 0 -1
    outer loop
      vertex -1.23613 0.65726 -2
      vertex -23.6078 12.5525 -2
      vertex -23.1554 13.3687 -2
    endloop
  endfacet
  facet normal 0 0 -1
    outer loop
      vertex -26.1532 -5.55904 -2
      vertex -1.36941 -0.291076 -2
      vertex -25.9433 -6.46839 -2
    endloop
  endfacet
  facet normal 0 0 -1
    outer loop
      vertex -1.25831 0.613719 -2
      vertex -24.0315 11.7209 -2
      vertex -23.6078 12.5525 -2
    endloop
  endfacet
  facet normal -0 0 -1
    outer loop
      vertex -1.36941 -0.291076 -2
      vertex -26.1532 -5.55904 -2
      vertex -1.37873 -0.243107 -2
    endloop
  endfacet
  facet normal 0 0 -1
    outer loop
      vertex -1.27896 0.56943 -2
      vertex -24.4259 10.8751 -2
      vertex -24.0315 11.7209 -2
    endloop
  endfacet
  facet normal 0 0 -1
    outer loop
      vertex -26.3313 -4.64292 -2
      vertex -1.37873 -0.243107 -2
      vertex -26.1532 -5.55904 -2
    endloop
  endfacet
  facet normal 0 0 -1
    outer loop
      vertex -1.29806 0.524448 -2
      vertex -24.7906 10.016 -2
      vertex -24.4259 10.8751 -2
    endloop
  endfacet
  facet normal -0 0 -1
    outer loop
      vertex -1.37873 -0.243107 -2
      vertex -26.3313 -4.64292 -2
      vertex -1.38637 -0.194842 -2
    endloop
  endfacet
  facet normal 0 0 -1
    outer loop
      vertex -1.31557 0.478827 -2
      vertex -25.125 9.14476 -2
      vertex -24.7906 10.016 -2
    endloop
  endfacet
  facet normal 0 0 -1
    outer loop
      vertex -26.4773 -3.72114 -2
      vertex -1.38637 -0.194842 -2
      vertex -26.3313 -4.64292 -2
    endloop
  endfacet
  facet normal 0 0 -1
    outer loop
      vertex -1.33148 0.432623 -2
      vertex -25.4289 8.26234 -2
      vertex -25.125 9.14476 -2
    endloop
  endfacet
  facet normal -0 0 -1
    outer loop
      vertex -1.38637 -0.194842 -2
      vertex -26.4773 -3.72114 -2
      vertex -1.39233 -0.146339 -2
    endloop
  endfacet
  facet normal 0 0 -1
    outer loop
      vertex -1.34577 0.385892 -2
      vertex -25.7017 7.36985 -2
      vertex -25.4289 8.26234 -2
    endloop
  endfacet
  facet normal 0 0 -1
    outer loop
      vertex -26.591 -2.79483 -2
      vertex -1.39233 -0.146339 -2
      vertex -26.4773 -3.72114 -2
    endloop
  endfacet
  facet normal 0 0 -1
    outer loop
      vertex -1.35841 0.33869 -2
      vertex -25.9433 6.46839 -2
      vertex -25.7017 7.36985 -2
    endloop
  endfacet
  facet normal -0 0 -1
    outer loop
      vertex -1.39233 -0.146339 -2
      vertex -26.591 -2.79483 -2
      vertex -1.39659 -0.0976582 -2
    endloop
  endfacet
  facet normal 0 0 -1
    outer loop
      vertex -1.36941 0.291076 -2
      vertex -26.1532 5.55904 -2
      vertex -25.9433 6.46839 -2
    endloop
  endfacet
  facet normal 0 0 -1
    outer loop
      vertex -26.6724 -1.86511 -2
      vertex -1.39659 -0.0976582 -2
      vertex -26.591 -2.79483 -2
    endloop
  endfacet
  facet normal 0 0 -1
    outer loop
      vertex -1.37873 0.243107 -2
      vertex -26.3313 4.64292 -2
      vertex -26.1532 5.55904 -2
    endloop
  endfacet
  facet normal -0 0 -1
    outer loop
      vertex -1.39659 -0.0976582 -2
      vertex -26.6724 -1.86511 -2
      vertex -1.39915 -0.0488586 -2
    endloop
  endfacet
  facet normal 0 0 -1
    outer loop
      vertex -1.38637 0.194842 -2
      vertex -26.4773 3.72114 -2
      vertex -26.3313 4.64292 -2
    endloop
  endfacet
  facet normal 0 0 -1
    outer loop
      vertex -26.7212 -0.933125 -2
      vertex -1.39915 -0.0488586 -2
      vertex -26.6724 -1.86511 -2
    endloop
  endfacet
  facet normal 0 0 -1
    outer loop
      vertex -1.39233 0.146339 -2
      vertex -26.591 2.79483 -2
      vertex -26.4773 3.72114 -2
    endloop
  endfacet
  facet normal -0 0 -1
    outer loop
      vertex -1.39915 -0.0488586 -2
      vertex -26.7212 -0.933125 -2
      vertex -1.4 0 -2
    endloop
  endfacet
  facet normal 0 0 -1
    outer loop
      vertex -1.39659 0.0976582 -2
      vertex -26.6724 1.86511 -2
      vertex -26.591 2.79483 -2
    endloop
  endfacet
  facet normal 0 0 -1
    outer loop
      vertex -26.7375 0 -2
      vertex -1.4 0 -2
      vertex -26.7212 -0.933125 -2
    endloop
  endfacet
  facet normal 0 0 -1
    outer loop
      vertex -1.39915 0.0488586 -2
      vertex -26.7212 0.933125 -2
      vertex -26.6724 1.86511 -2
    endloop
  endfacet
  facet normal 0 0 -1
    outer loop
      vertex -1.4 0 -2
      vertex -26.7375 0 -2
      vertex -26.7212 0.933125 -2
    endloop
  endfacet
  facet normal -0.292311 -0.956323 0
    outer loop
      vertex -8.26234 -25.4289 -2
      vertex -7.36985 -25.7017 0
      vertex -8.26234 -25.4289 0
    endloop
  endfacet
  facet normal -0.292311 -0.956323 -0
    outer loop
      vertex -7.36985 -25.7017 0
      vertex -8.26234 -25.4289 -2
      vertex -7.36985 -25.7017 -2
    endloop
  endfacet
  facet normal -0.933594 -0.358333 0
    outer loop
      vertex -24.7906 -10.016 -2
      vertex -25.125 -9.14476 0
      vertex -25.125 -9.14476 -2
    endloop
  endfacet
  facet normal -0.933594 -0.358333 0
    outer loop
      vertex -25.125 -9.14476 0
      vertex -24.7906 -10.016 -2
      vertex -24.7906 -10.016 0
    endloop
  endfacet
  facet normal 0.656043 0.754723 -0
    outer loop
      vertex 17.8909 19.8698 -2
      vertex 17.1865 20.4821 0
      vertex 17.8909 19.8698 0
    endloop
  endfacet
  facet normal 0.656043 0.754723 0
    outer loop
      vertex 17.1865 20.4821 0
      vertex 17.8909 19.8698 -2
      vertex 17.1865 20.4821 -2
    endloop
  endfacet
  facet normal 0.22491 -0.974379 0
    outer loop
      vertex 5.55904 -26.1532 -2
      vertex 6.46839 -25.9433 0
      vertex 5.55904 -26.1532 0
    endloop
  endfacet
  facet normal 0.22491 -0.974379 0
    outer loop
      vertex 6.46839 -25.9433 0
      vertex 5.55904 -26.1532 -2
      vertex 6.46839 -25.9433 -2
    endloop
  endfacet
  facet normal -0.358333 -0.933594 0
    outer loop
      vertex -10.016 -24.7906 -2
      vertex -9.14476 -25.125 0
      vertex -10.016 -24.7906 0
    endloop
  endfacet
  facet normal -0.358333 -0.933594 -0
    outer loop
      vertex -9.14476 -25.125 0
      vertex -10.016 -24.7906 -2
      vertex -9.14476 -25.125 -2
    endloop
  endfacet
  facet normal -0.258874 0.965911 0
    outer loop
      vertex -6.46839 25.9433 -2
      vertex -7.36985 25.7017 0
      vertex -6.46839 25.9433 0
    endloop
  endfacet
  facet normal -0.258874 0.965911 0
    outer loop
      vertex -7.36985 25.7017 0
      vertex -6.46839 25.9433 -2
      vertex -7.36985 25.7017 -2
    endloop
  endfacet
  facet normal 0.422616 0.906309 -0
    outer loop
      vertex 11.7209 24.0315 -2
      vertex 10.8751 24.4259 0
      vertex 11.7209 24.0315 0
    endloop
  endfacet
  facet normal 0.422616 0.906309 0
    outer loop
      vertex 10.8751 24.4259 0
      vertex 11.7209 24.0315 -2
      vertex 10.8751 24.4259 -2
    endloop
  endfacet
  facet normal 0.515047 -0.857162 0
    outer loop
      vertex 13.3687 -23.1554 -2
      vertex 14.1687 -22.6747 0
      vertex 13.3687 -23.1554 0
    endloop
  endfacet
  facet normal 0.515047 -0.857162 0
    outer loop
      vertex 14.1687 -22.6747 0
      vertex 13.3687 -23.1554 -2
      vertex 14.1687 -22.6747 -2
    endloop
  endfacet
  facet normal 0.0522897 0.998632 -0
    outer loop
      vertex 1.86511 26.6724 -2
      vertex 0.933125 26.7212 0
      vertex 1.86511 26.6724 0
    endloop
  endfacet
  facet normal 0.0522897 0.998632 0
    outer loop
      vertex 0.933125 26.7212 0
      vertex 1.86511 26.6724 -2
      vertex 0.933125 26.7212 -2
    endloop
  endfacet
  facet normal 0.258874 -0.965911 0
    outer loop
      vertex 6.46839 -25.9433 -2
      vertex 7.36985 -25.7017 0
      vertex 6.46839 -25.9433 0
    endloop
  endfacet
  facet normal 0.258874 -0.965911 0
    outer loop
      vertex 7.36985 -25.7017 0
      vertex 6.46839 -25.9433 -2
      vertex 7.36985 -25.7017 -2
    endloop
  endfacet
  facet normal -0.945499 0.325624 0
    outer loop
      vertex -25.4289 8.26234 -2
      vertex -25.125 9.14476 0
      vertex -25.125 9.14476 -2
    endloop
  endfacet
  facet normal -0.945499 0.325624 0
    outer loop
      vertex -25.125 9.14476 0
      vertex -25.4289 8.26234 -2
      vertex -25.4289 8.26234 0
    endloop
  endfacet
  facet normal -0.707107 -0.707107 0
    outer loop
      vertex -18.5734 -19.2333 -2
      vertex -19.2333 -18.5734 0
      vertex -19.2333 -18.5734 -2
    endloop
  endfacet
  facet normal -0.707107 -0.707107 0
    outer loop
      vertex -19.2333 -18.5734 0
      vertex -18.5734 -19.2333 -2
      vertex -18.5734 -19.2333 0
    endloop
  endfacet
  facet normal -0.390762 -0.920492 0
    outer loop
      vertex -10.8751 -24.4259 -2
      vertex -10.016 -24.7906 0
      vertex -10.8751 -24.4259 0
    endloop
  endfacet
  facet normal -0.390762 -0.920492 -0
    outer loop
      vertex -10.016 -24.7906 0
      vertex -10.8751 -24.4259 -2
      vertex -10.016 -24.7906 -2
    endloop
  endfacet
  facet normal 0.874632 0.484787 0
    outer loop
      vertex 23.6078 12.5525 0
      vertex 23.1554 13.3687 -2
      vertex 23.1554 13.3687 0
    endloop
  endfacet
  facet normal 0.874632 0.484787 0
    outer loop
      vertex 23.1554 13.3687 -2
      vertex 23.6078 12.5525 0
      vertex 23.6078 12.5525 -2
    endloop
  endfacet
  facet normal 0.390762 0.920492 -0
    outer loop
      vertex 10.8751 24.4259 -2
      vertex 10.016 24.7906 0
      vertex 10.8751 24.4259 0
    endloop
  endfacet
  facet normal 0.390762 0.920492 0
    outer loop
      vertex 10.016 24.7906 0
      vertex 10.8751 24.4259 -2
      vertex 10.016 24.7906 -2
    endloop
  endfacet
  facet normal 0.0522897 -0.998632 0
    outer loop
      vertex 0.933125 -26.7212 -2
      vertex 1.86511 -26.6724 0
      vertex 0.933125 -26.7212 0
    endloop
  endfacet
  facet normal 0.0522897 -0.998632 0
    outer loop
      vertex 1.86511 -26.6724 0
      vertex 0.933125 -26.7212 -2
      vertex 1.86511 -26.6724 -2
    endloop
  endfacet
  facet normal -0.838666 0.544646 0
    outer loop
      vertex -22.6747 14.1687 -2
      vertex -22.1664 14.9514 0
      vertex -22.1664 14.9514 -2
    endloop
  endfacet
  facet normal -0.838666 0.544646 0
    outer loop
      vertex -22.1664 14.9514 0
      vertex -22.6747 14.1687 -2
      vertex -22.6747 14.1687 0
    endloop
  endfacet
  facet normal -0.156439 -0.987688 0
    outer loop
      vertex -4.64292 -26.3313 -2
      vertex -3.72114 -26.4773 0
      vertex -4.64292 -26.3313 0
    endloop
  endfacet
  facet normal -0.156439 -0.987688 -0
    outer loop
      vertex -3.72114 -26.4773 0
      vertex -4.64292 -26.3313 -2
      vertex -3.72114 -26.4773 -2
    endloop
  endfacet
  facet normal -0.453972 0.891016 0
    outer loop
      vertex -11.7209 24.0315 -2
      vertex -12.5525 23.6078 0
      vertex -11.7209 24.0315 0
    endloop
  endfacet
  facet normal -0.453972 0.891016 0
    outer loop
      vertex -12.5525 23.6078 0
      vertex -11.7209 24.0315 -2
      vertex -12.5525 23.6078 -2
    endloop
  endfacet
  facet normal 0.0872196 0.996189 -0
    outer loop
      vertex 2.79483 26.591 -2
      vertex 1.86511 26.6724 0
      vertex 2.79483 26.591 0
    endloop
  endfacet
  facet normal 0.0872196 0.996189 0
    outer loop
      vertex 1.86511 26.6724 0
      vertex 2.79483 26.591 -2
      vertex 1.86511 26.6724 -2
    endloop
  endfacet
  facet normal 0.965911 0.258874 0
    outer loop
      vertex 25.9433 6.46839 0
      vertex 25.7017 7.36985 -2
      vertex 25.7017 7.36985 0
    endloop
  endfacet
  facet normal 0.965911 0.258874 0
    outer loop
      vertex 25.7017 7.36985 -2
      vertex 25.9433 6.46839 0
      vertex 25.9433 6.46839 -2
    endloop
  endfacet
  facet normal -0.999847 0.0174655 0
    outer loop
      vertex -26.7375 0 -2
      vertex -26.7212 0.933125 0
      vertex -26.7212 0.933125 -2
    endloop
  endfacet
  facet normal -0.999847 0.0174655 0
    outer loop
      vertex -26.7212 0.933125 0
      vertex -26.7375 0 -2
      vertex -26.7375 0 0
    endloop
  endfacet
  facet normal 0.857162 0.515047 0
    outer loop
      vertex 23.1554 13.3687 0
      vertex 22.6747 14.1687 -2
      vertex 22.6747 14.1687 0
    endloop
  endfacet
  facet normal 0.857162 0.515047 0
    outer loop
      vertex 22.6747 14.1687 -2
      vertex 23.1554 13.3687 0
      vertex 23.1554 13.3687 -2
    endloop
  endfacet
  facet normal -0.754723 0.656043 0
    outer loop
      vertex -20.4821 17.1865 -2
      vertex -19.8698 17.8909 0
      vertex -19.8698 17.8909 -2
    endloop
  endfacet
  facet normal -0.754723 0.656043 0
    outer loop
      vertex -19.8698 17.8909 0
      vertex -20.4821 17.1865 -2
      vertex -20.4821 17.1865 0
    endloop
  endfacet
  facet normal -0.544646 0.838666 0
    outer loop
      vertex -14.1687 22.6747 -2
      vertex -14.9514 22.1664 0
      vertex -14.1687 22.6747 0
    endloop
  endfacet
  facet normal -0.544646 0.838666 0
    outer loop
      vertex -14.9514 22.1664 0
      vertex -14.1687 22.6747 -2
      vertex -14.9514 22.1664 -2
    endloop
  endfacet
  facet normal 0.0174655 0.999847 -0
    outer loop
      vertex 0.933125 26.7212 -2
      vertex 0 26.7375 0
      vertex 0.933125 26.7212 0
    endloop
  endfacet
  facet normal 0.0174655 0.999847 0
    outer loop
      vertex 0 26.7375 0
      vertex 0.933125 26.7212 -2
      vertex 0 26.7375 -2
    endloop
  endfacet
  facet normal -0.857162 -0.515047 0
    outer loop
      vertex -22.6747 -14.1687 -2
      vertex -23.1554 -13.3687 0
      vertex -23.1554 -13.3687 -2
    endloop
  endfacet
  facet normal -0.857162 -0.515047 0
    outer loop
      vertex -23.1554 -13.3687 0
      vertex -22.6747 -14.1687 -2
      vertex -22.6747 -14.1687 0
    endloop
  endfacet
  facet normal 0.601867 -0.798596 0
    outer loop
      vertex 15.7159 -21.6311 -2
      vertex 16.4612 -21.0694 0
      vertex 15.7159 -21.6311 0
    endloop
  endfacet
  facet normal 0.601867 -0.798596 0
    outer loop
      vertex 16.4612 -21.0694 0
      vertex 15.7159 -21.6311 -2
      vertex 16.4612 -21.0694 -2
    endloop
  endfacet
  facet normal -0.121831 -0.992551 0
    outer loop
      vertex -3.72114 -26.4773 -2
      vertex -2.79483 -26.591 0
      vertex -3.72114 -26.4773 0
    endloop
  endfacet
  facet normal -0.121831 -0.992551 -0
    outer loop
      vertex -2.79483 -26.591 0
      vertex -3.72114 -26.4773 -2
      vertex -2.79483 -26.591 -2
    endloop
  endfacet
  facet normal -0.682032 0.731322 0
    outer loop
      vertex -17.8909 19.8698 -2
      vertex -18.5734 19.2333 0
      vertex -17.8909 19.8698 0
    endloop
  endfacet
  facet normal -0.682032 0.731322 0
    outer loop
      vertex -18.5734 19.2333 0
      vertex -17.8909 19.8698 -2
      vertex -18.5734 19.2333 -2
    endloop
  endfacet
  facet normal 0.945499 0.325624 0
    outer loop
      vertex 25.4289 8.26234 0
      vertex 25.125 9.14476 -2
      vertex 25.125 9.14476 0
    endloop
  endfacet
  facet normal 0.945499 0.325624 0
    outer loop
      vertex 25.125 9.14476 -2
      vertex 25.4289 8.26234 0
      vertex 25.4289 8.26234 -2
    endloop
  endfacet
  facet normal -0.190834 -0.981622 0
    outer loop
      vertex -5.55904 -26.1532 -2
      vertex -4.64292 -26.3313 0
      vertex -5.55904 -26.1532 0
    endloop
  endfacet
  facet normal -0.190834 -0.981622 -0
    outer loop
      vertex -4.64292 -26.3313 0
      vertex -5.55904 -26.1532 -2
      vertex -4.64292 -26.3313 -2
    endloop
  endfacet
  facet normal -0.390762 0.920492 0
    outer loop
      vertex -10.016 24.7906 -2
      vertex -10.8751 24.4259 0
      vertex -10.016 24.7906 0
    endloop
  endfacet
  facet normal -0.390762 0.920492 0
    outer loop
      vertex -10.8751 24.4259 0
      vertex -10.016 24.7906 -2
      vertex -10.8751 24.4259 -2
    endloop
  endfacet
  facet normal 0.682032 -0.731322 0
    outer loop
      vertex 17.8909 -19.8698 -2
      vertex 18.5734 -19.2333 0
      vertex 17.8909 -19.8698 0
    endloop
  endfacet
  facet normal 0.682032 -0.731322 0
    outer loop
      vertex 18.5734 -19.2333 0
      vertex 17.8909 -19.8698 -2
      vertex 18.5734 -19.2333 -2
    endloop
  endfacet
  facet normal -0.656043 -0.754723 0
    outer loop
      vertex -17.8909 -19.8698 -2
      vertex -17.1865 -20.4821 0
      vertex -17.8909 -19.8698 0
    endloop
  endfacet
  facet normal -0.656043 -0.754723 -0
    outer loop
      vertex -17.1865 -20.4821 0
      vertex -17.8909 -19.8698 -2
      vertex -17.1865 -20.4821 -2
    endloop
  endfacet
  facet normal 0.992551 -0.121831 0
    outer loop
      vertex 26.4773 -3.72114 0
      vertex 26.591 -2.79483 -2
      vertex 26.591 -2.79483 0
    endloop
  endfacet
  facet normal 0.992551 -0.121831 0
    outer loop
      vertex 26.591 -2.79483 -2
      vertex 26.4773 -3.72114 0
      vertex 26.4773 -3.72114 -2
    endloop
  endfacet
  facet normal -0.190834 0.981622 0
    outer loop
      vertex -4.64292 26.3313 -2
      vertex -5.55904 26.1532 0
      vertex -4.64292 26.3313 0
    endloop
  endfacet
  facet normal -0.190834 0.981622 0
    outer loop
      vertex -5.55904 26.1532 0
      vertex -4.64292 26.3313 -2
      vertex -5.55904 26.1532 -2
    endloop
  endfacet
  facet normal -0.992551 0.121831 0
    outer loop
      vertex -26.591 2.79483 -2
      vertex -26.4773 3.72114 0
      vertex -26.4773 3.72114 -2
    endloop
  endfacet
  facet normal -0.992551 0.121831 0
    outer loop
      vertex -26.4773 3.72114 0
      vertex -26.591 2.79483 -2
      vertex -26.591 2.79483 0
    endloop
  endfacet
  facet normal -0.601867 -0.798596 0
    outer loop
      vertex -16.4612 -21.0694 -2
      vertex -15.7159 -21.6311 0
      vertex -16.4612 -21.0694 0
    endloop
  endfacet
  facet normal -0.601867 -0.798596 -0
    outer loop
      vertex -15.7159 -21.6311 0
      vertex -16.4612 -21.0694 -2
      vertex -15.7159 -21.6311 -2
    endloop
  endfacet
  facet normal -0.891016 0.453972 0
    outer loop
      vertex -24.0315 11.7209 -2
      vertex -23.6078 12.5525 0
      vertex -23.6078 12.5525 -2
    endloop
  endfacet
  facet normal -0.891016 0.453972 0
    outer loop
      vertex -23.6078 12.5525 0
      vertex -24.0315 11.7209 -2
      vertex -24.0315 11.7209 0
    endloop
  endfacet
  facet normal 0.798596 0.601867 0
    outer loop
      vertex 21.6311 15.7159 0
      vertex 21.0694 16.4612 -2
      vertex 21.0694 16.4612 0
    endloop
  endfacet
  facet normal 0.798596 0.601867 0
    outer loop
      vertex 21.0694 16.4612 -2
      vertex 21.6311 15.7159 0
      vertex 21.6311 15.7159 -2
    endloop
  endfacet
  facet normal -0.325624 -0.945499 0
    outer loop
      vertex -9.14476 -25.125 -2
      vertex -8.26234 -25.4289 0
      vertex -9.14476 -25.125 0
    endloop
  endfacet
  facet normal -0.325624 -0.945499 -0
    outer loop
      vertex -8.26234 -25.4289 0
      vertex -9.14476 -25.125 -2
      vertex -8.26234 -25.4289 -2
    endloop
  endfacet
  facet normal -0.0872196 0.996189 0
    outer loop
      vertex -1.86511 26.6724 -2
      vertex -2.79483 26.591 0
      vertex -1.86511 26.6724 0
    endloop
  endfacet
  facet normal -0.0872196 0.996189 0
    outer loop
      vertex -2.79483 26.591 0
      vertex -1.86511 26.6724 -2
      vertex -2.79483 26.591 -2
    endloop
  endfacet
  facet normal -0.996189 -0.0872196 0
    outer loop
      vertex -26.591 -2.79483 -2
      vertex -26.6724 -1.86511 0
      vertex -26.6724 -1.86511 -2
    endloop
  endfacet
  facet normal -0.996189 -0.0872196 0
    outer loop
      vertex -26.6724 -1.86511 0
      vertex -26.591 -2.79483 -2
      vertex -26.591 -2.79483 0
    endloop
  endfacet
  facet normal -0.754723 -0.656043 0
    outer loop
      vertex -19.8698 -17.8909 -2
      vertex -20.4821 -17.1865 0
      vertex -20.4821 -17.1865 -2
    endloop
  endfacet
  facet normal -0.754723 -0.656043 0
    outer loop
      vertex -20.4821 -17.1865 0
      vertex -19.8698 -17.8909 -2
      vertex -19.8698 -17.8909 0
    endloop
  endfacet
  facet normal -0.0872196 -0.996189 0
    outer loop
      vertex -2.79483 -26.591 -2
      vertex -1.86511 -26.6724 0
      vertex -2.79483 -26.591 0
    endloop
  endfacet
  facet normal -0.0872196 -0.996189 -0
    outer loop
      vertex -1.86511 -26.6724 0
      vertex -2.79483 -26.591 -2
      vertex -1.86511 -26.6724 -2
    endloop
  endfacet
  facet normal -0.998632 -0.0522897 0
    outer loop
      vertex -26.6724 -1.86511 -2
      vertex -26.7212 -0.933125 0
      vertex -26.7212 -0.933125 -2
    endloop
  endfacet
  facet normal -0.998632 -0.0522897 0
    outer loop
      vertex -26.7212 -0.933125 0
      vertex -26.6724 -1.86511 -2
      vertex -26.6724 -1.86511 0
    endloop
  endfacet
  facet normal 0.891016 -0.453972 0
    outer loop
      vertex 23.6078 -12.5525 0
      vertex 24.0315 -11.7209 -2
      vertex 24.0315 -11.7209 0
    endloop
  endfacet
  facet normal 0.891016 -0.453972 0
    outer loop
      vertex 24.0315 -11.7209 -2
      vertex 23.6078 -12.5525 0
      vertex 23.6078 -12.5525 -2
    endloop
  endfacet
  facet normal 0.857162 -0.515047 0
    outer loop
      vertex 22.6747 -14.1687 0
      vertex 23.1554 -13.3687 -2
      vertex 23.1554 -13.3687 0
    endloop
  endfacet
  facet normal 0.857162 -0.515047 0
    outer loop
      vertex 23.1554 -13.3687 -2
      vertex 22.6747 -14.1687 0
      vertex 22.6747 -14.1687 -2
    endloop
  endfacet
  facet normal 0.838666 -0.544646 0
    outer loop
      vertex 22.1664 -14.9514 0
      vertex 22.6747 -14.1687 -2
      vertex 22.6747 -14.1687 0
    endloop
  endfacet
  facet normal 0.838666 -0.544646 0
    outer loop
      vertex 22.6747 -14.1687 -2
      vertex 22.1664 -14.9514 0
      vertex 22.1664 -14.9514 -2
    endloop
  endfacet
  facet normal 0.358333 0.933594 -0
    outer loop
      vertex 10.016 24.7906 -2
      vertex 9.14476 25.125 0
      vertex 10.016 24.7906 0
    endloop
  endfacet
  facet normal 0.358333 0.933594 0
    outer loop
      vertex 9.14476 25.125 0
      vertex 10.016 24.7906 -2
      vertex 9.14476 25.125 -2
    endloop
  endfacet
  facet normal 0.754723 0.656043 0
    outer loop
      vertex 20.4821 17.1865 0
      vertex 19.8698 17.8909 -2
      vertex 19.8698 17.8909 0
    endloop
  endfacet
  facet normal 0.754723 0.656043 0
    outer loop
      vertex 19.8698 17.8909 -2
      vertex 20.4821 17.1865 0
      vertex 20.4821 17.1865 -2
    endloop
  endfacet
  facet normal 0.777165 0.629297 0
    outer loop
      vertex 21.0694 16.4612 0
      vertex 20.4821 17.1865 -2
      vertex 20.4821 17.1865 0
    endloop
  endfacet
  facet normal 0.777165 0.629297 0
    outer loop
      vertex 20.4821 17.1865 -2
      vertex 21.0694 16.4612 0
      vertex 21.0694 16.4612 -2
    endloop
  endfacet
  facet normal 0.656043 -0.754723 0
    outer loop
      vertex 17.1865 -20.4821 -2
      vertex 17.8909 -19.8698 0
      vertex 17.1865 -20.4821 0
    endloop
  endfacet
  facet normal 0.656043 -0.754723 0
    outer loop
      vertex 17.8909 -19.8698 0
      vertex 17.1865 -20.4821 -2
      vertex 17.8909 -19.8698 -2
    endloop
  endfacet
  facet normal -0.974379 -0.22491 0
    outer loop
      vertex -25.9433 -6.46839 -2
      vertex -26.1532 -5.55904 0
      vertex -26.1532 -5.55904 -2
    endloop
  endfacet
  facet normal -0.974379 -0.22491 0
    outer loop
      vertex -26.1532 -5.55904 0
      vertex -25.9433 -6.46839 -2
      vertex -25.9433 -6.46839 0
    endloop
  endfacet
  facet normal -0.515047 0.857162 0
    outer loop
      vertex -13.3687 23.1554 -2
      vertex -14.1687 22.6747 0
      vertex -13.3687 23.1554 0
    endloop
  endfacet
  facet normal -0.515047 0.857162 0
    outer loop
      vertex -14.1687 22.6747 0
      vertex -13.3687 23.1554 -2
      vertex -14.1687 22.6747 -2
    endloop
  endfacet
  facet normal -0.484787 -0.874632 0
    outer loop
      vertex -13.3687 -23.1554 -2
      vertex -12.5525 -23.6078 0
      vertex -13.3687 -23.1554 0
    endloop
  endfacet
  facet normal -0.484787 -0.874632 -0
    outer loop
      vertex -12.5525 -23.6078 0
      vertex -13.3687 -23.1554 -2
      vertex -12.5525 -23.6078 -2
    endloop
  endfacet
  facet normal -0.974379 0.22491 0
    outer loop
      vertex -26.1532 5.55904 -2
      vertex -25.9433 6.46839 0
      vertex -25.9433 6.46839 -2
    endloop
  endfacet
  facet normal -0.974379 0.22491 0
    outer loop
      vertex -25.9433 6.46839 0
      vertex -26.1532 5.55904 -2
      vertex -26.1532 5.55904 0
    endloop
  endfacet
  facet normal 0.838666 0.544646 0
    outer loop
      vertex 22.6747 14.1687 0
      vertex 22.1664 14.9514 -2
      vertex 22.1664 14.9514 0
    endloop
  endfacet
  facet normal 0.838666 0.544646 0
    outer loop
      vertex 22.1664 14.9514 -2
      vertex 22.6747 14.1687 0
      vertex 22.6747 14.1687 -2
    endloop
  endfacet
  facet normal -0.819156 0.57357 0
    outer loop
      vertex -22.1664 14.9514 -2
      vertex -21.6311 15.7159 0
      vertex -21.6311 15.7159 -2
    endloop
  endfacet
  facet normal -0.819156 0.57357 0
    outer loop
      vertex -21.6311 15.7159 0
      vertex -22.1664 14.9514 -2
      vertex -22.1664 14.9514 0
    endloop
  endfacet
  facet normal -0.731322 0.682032 0
    outer loop
      vertex -19.8698 17.8909 -2
      vertex -19.2333 18.5734 0
      vertex -19.2333 18.5734 -2
    endloop
  endfacet
  facet normal -0.731322 0.682032 0
    outer loop
      vertex -19.2333 18.5734 0
      vertex -19.8698 17.8909 -2
      vertex -19.8698 17.8909 0
    endloop
  endfacet
  facet normal -0.965911 0.258874 0
    outer loop
      vertex -25.9433 6.46839 -2
      vertex -25.7017 7.36985 0
      vertex -25.7017 7.36985 -2
    endloop
  endfacet
  facet normal -0.965911 0.258874 0
    outer loop
      vertex -25.7017 7.36985 0
      vertex -25.9433 6.46839 -2
      vertex -25.9433 6.46839 0
    endloop
  endfacet
  facet normal -0.891016 -0.453972 0
    outer loop
      vertex -23.6078 -12.5525 -2
      vertex -24.0315 -11.7209 0
      vertex -24.0315 -11.7209 -2
    endloop
  endfacet
  facet normal -0.891016 -0.453972 0
    outer loop
      vertex -24.0315 -11.7209 0
      vertex -23.6078 -12.5525 -2
      vertex -23.6078 -12.5525 0
    endloop
  endfacet
  facet normal 0.920492 -0.390762 0
    outer loop
      vertex 24.4259 -10.8751 0
      vertex 24.7906 -10.016 -2
      vertex 24.7906 -10.016 0
    endloop
  endfacet
  facet normal 0.920492 -0.390762 0
    outer loop
      vertex 24.7906 -10.016 -2
      vertex 24.4259 -10.8751 0
      vertex 24.4259 -10.8751 -2
    endloop
  endfacet
  facet normal -0.453972 -0.891016 0
    outer loop
      vertex -12.5525 -23.6078 -2
      vertex -11.7209 -24.0315 0
      vertex -12.5525 -23.6078 0
    endloop
  endfacet
  facet normal -0.453972 -0.891016 -0
    outer loop
      vertex -11.7209 -24.0315 0
      vertex -12.5525 -23.6078 -2
      vertex -11.7209 -24.0315 -2
    endloop
  endfacet
  facet normal -0.422616 0.906309 0
    outer loop
      vertex -10.8751 24.4259 -2
      vertex -11.7209 24.0315 0
      vertex -10.8751 24.4259 0
    endloop
  endfacet
  facet normal -0.422616 0.906309 0
    outer loop
      vertex -11.7209 24.0315 0
      vertex -10.8751 24.4259 -2
      vertex -11.7209 24.0315 -2
    endloop
  endfacet
  facet normal -0.57357 -0.819156 0
    outer loop
      vertex -15.7159 -21.6311 -2
      vertex -14.9514 -22.1664 0
      vertex -15.7159 -21.6311 0
    endloop
  endfacet
  facet normal -0.57357 -0.819156 -0
    outer loop
      vertex -14.9514 -22.1664 0
      vertex -15.7159 -21.6311 -2
      vertex -14.9514 -22.1664 -2
    endloop
  endfacet
  facet normal -0.906309 -0.422616 0
    outer loop
      vertex -24.0315 -11.7209 -2
      vertex -24.4259 -10.8751 0
      vertex -24.4259 -10.8751 -2
    endloop
  endfacet
  facet normal -0.906309 -0.422616 0
    outer loop
      vertex -24.4259 -10.8751 0
      vertex -24.0315 -11.7209 -2
      vertex -24.0315 -11.7209 0
    endloop
  endfacet
  facet normal 0.258874 0.965911 -0
    outer loop
      vertex 7.36985 25.7017 -2
      vertex 6.46839 25.9433 0
      vertex 7.36985 25.7017 0
    endloop
  endfacet
  facet normal 0.258874 0.965911 0
    outer loop
      vertex 6.46839 25.9433 0
      vertex 7.36985 25.7017 -2
      vertex 6.46839 25.9433 -2
    endloop
  endfacet
  facet normal -0.974337 -0.225096 0
    outer loop
      vertex 37.8694 0.291076 0
      vertex 37.8584 0.33869 3
      vertex 37.8584 0.33869 0
    endloop
  endfacet
  facet normal -0.974337 -0.225096 0
    outer loop
      vertex 37.8584 0.33869 3
      vertex 37.8694 0.291076 0
      vertex 37.8694 0.291076 3
    endloop
  endfacet
  facet normal 0.0173798 0.999849 -0
    outer loop
      vertex 36.5 -1.4 0
      vertex 36.4511 -1.39915 3
      vertex 36.5 -1.4 3
    endloop
  endfacet
  facet normal 0.0173798 0.999849 0
    outer loop
      vertex 36.4511 -1.39915 3
      vertex 36.5 -1.4 0
      vertex 36.4511 -1.39915 0
    endloop
  endfacet
  facet normal -0.99869 -0.0511628 0
    outer loop
      vertex 37.8991 0.0488586 0
      vertex 37.8966 0.0976582 3
      vertex 37.8966 0.0976582 0
    endloop
  endfacet
  facet normal -0.99869 -0.0511628 0
    outer loop
      vertex 37.8966 0.0976582 3
      vertex 37.8991 0.0488586 0
      vertex 37.8991 0.0488586 3
    endloop
  endfacet
  facet normal -0.99983 -0.0184174 0
    outer loop
      vertex 37.9 0 0
      vertex 37.8991 0.0488586 3
      vertex 37.8991 0.0488586 0
    endloop
  endfacet
  facet normal -0.99983 -0.0184174 0
    outer loop
      vertex 37.8991 0.0488586 3
      vertex 37.9 0 0
      vertex 37.9 0 3
    endloop
  endfacet
  facet normal -0.996122 -0.0879879 0
    outer loop
      vertex 37.8966 0.0976582 0
      vertex 37.8923 0.146339 3
      vertex 37.8923 0.146339 0
    endloop
  endfacet
  facet normal -0.996122 -0.0879879 0
    outer loop
      vertex 37.8923 0.146339 3
      vertex 37.8966 0.0976582 0
      vertex 37.8966 0.0976582 3
    endloop
  endfacet
  facet normal -0.838808 0.544428 0
    outer loop
      vertex 37.6607 -0.782869 0
      vertex 37.6873 -0.741886 3
      vertex 37.6873 -0.741886 0
    endloop
  endfacet
  facet normal -0.838808 0.544428 0
    outer loop
      vertex 37.6873 -0.741886 3
      vertex 37.6607 -0.782869 0
      vertex 37.6607 -0.782869 3
    endloop
  endfacet
  facet normal -0.706687 -0.707526 0
    outer loop
      vertex 37.4725 1.00708 0
      vertex 37.5071 0.972521 3
      vertex 37.4725 1.00708 3
    endloop
  endfacet
  facet normal -0.706687 -0.707526 -0
    outer loop
      vertex 37.5071 0.972521 3
      vertex 37.4725 1.00708 0
      vertex 37.5071 0.972521 0
    endloop
  endfacet
  facet normal -0.992683 -0.120752 0
    outer loop
      vertex 37.8923 0.146339 0
      vertex 37.8864 0.194842 3
      vertex 37.8864 0.194842 0
    endloop
  endfacet
  facet normal -0.992683 -0.120752 0
    outer loop
      vertex 37.8864 0.194842 3
      vertex 37.8923 0.146339 0
      vertex 37.8923 0.146339 3
    endloop
  endfacet
  facet normal -0.96617 0.257907 0
    outer loop
      vertex 37.8458 -0.385892 0
      vertex 37.8584 -0.33869 3
      vertex 37.8584 -0.33869 0
    endloop
  endfacet
  facet normal -0.96617 0.257907 0
    outer loop
      vertex 37.8584 -0.33869 3
      vertex 37.8458 -0.385892 0
      vertex 37.8458 -0.385892 3
    endloop
  endfacet
  facet normal 0.390707 -0.920515 0
    outer loop
      vertex 35.9306 1.27896 0
      vertex 35.9756 1.29806 3
      vertex 35.9306 1.27896 3
    endloop
  endfacet
  facet normal 0.390707 -0.920515 0
    outer loop
      vertex 35.9756 1.29806 3
      vertex 35.9306 1.27896 0
      vertex 35.9756 1.29806 0
    endloop
  endfacet
  facet normal 0.99869 -0.0511628 0
    outer loop
      vertex 35.1009 0.0488586 3
      vertex 35.1034 0.0976582 0
      vertex 35.1034 0.0976582 3
    endloop
  endfacet
  facet normal 0.99869 -0.0511628 0
    outer loop
      vertex 35.1034 0.0976582 0
      vertex 35.1009 0.0488586 3
      vertex 35.1009 0.0488586 0
    endloop
  endfacet
  facet normal -0.258682 -0.965963 0
    outer loop
      vertex 36.8387 1.35841 0
      vertex 36.8859 1.34577 3
      vertex 36.8387 1.35841 3
    endloop
  endfacet
  facet normal -0.258682 -0.965963 -0
    outer loop
      vertex 36.8859 1.34577 3
      vertex 36.8387 1.35841 0
      vertex 36.8859 1.34577 0
    endloop
  endfacet
  facet normal -0.190607 -0.981666 0
    outer loop
      vertex 36.7431 1.37873 0
      vertex 36.7911 1.36941 3
      vertex 36.7431 1.37873 3
    endloop
  endfacet
  facet normal -0.190607 -0.981666 -0
    outer loop
      vertex 36.7911 1.36941 3
      vertex 36.7431 1.37873 0
      vertex 36.7911 1.36941 0
    endloop
  endfacet
  facet normal -0.838808 -0.544428 0
    outer loop
      vertex 37.6873 0.741886 0
      vertex 37.6607 0.782869 3
      vertex 37.6607 0.782869 0
    endloop
  endfacet
  facet normal -0.838808 -0.544428 0
    outer loop
      vertex 37.6607 0.782869 3
      vertex 37.6873 0.741886 0
      vertex 37.6873 0.741886 3
    endloop
  endfacet
  facet normal 0.0173798 -0.999849 0
    outer loop
      vertex 36.4511 1.39915 0
      vertex 36.5 1.4 3
      vertex 36.4511 1.39915 3
    endloop
  endfacet
  facet normal 0.0173798 -0.999849 0
    outer loop
      vertex 36.5 1.4 3
      vertex 36.4511 1.39915 0
      vertex 36.5 1.4 0
    endloop
  endfacet
  facet normal -0.453417 0.891298 0
    outer loop
      vertex 37.1573 -1.23613 0
      vertex 37.1137 -1.25831 3
      vertex 37.1573 -1.23613 3
    endloop
  endfacet
  facet normal -0.453417 0.891298 0
    outer loop
      vertex 37.1137 -1.25831 3
      vertex 37.1573 -1.23613 0
      vertex 37.1137 -1.25831 0
    endloop
  endfacet
  facet normal -0.857778 -0.51402 0
    outer loop
      vertex 37.7124 0.7 0
      vertex 37.6873 0.741886 3
      vertex 37.6873 0.741886 0
    endloop
  endfacet
  facet normal -0.857778 -0.51402 0
    outer loop
      vertex 37.6873 0.741886 3
      vertex 37.7124 0.7 0
      vertex 37.7124 0.7 3
    endloop
  endfacet
  facet normal -0.514797 -0.857312 0
    outer loop
      vertex 37.2 1.21243 0
      vertex 37.2419 1.18727 3
      vertex 37.2 1.21243 3
    endloop
  endfacet
  facet normal -0.514797 -0.857312 -0
    outer loop
      vertex 37.2419 1.18727 3
      vertex 37.2 1.21243 0
      vertex 37.2419 1.18727 0
    endloop
  endfacet
  facet normal -0.0873195 -0.99618 0
    outer loop
      vertex 36.5977 1.39659 0
      vertex 36.6463 1.39233 3
      vertex 36.5977 1.39659 3
    endloop
  endfacet
  facet normal -0.0873195 -0.99618 -0
    outer loop
      vertex 36.6463 1.39233 3
      vertex 36.5977 1.39659 0
      vertex 36.6463 1.39233 0
    endloop
  endfacet
  facet normal -0.390707 0.920515 0
    outer loop
      vertex 37.0694 -1.27896 0
      vertex 37.0244 -1.29806 3
      vertex 37.0694 -1.27896 3
    endloop
  endfacet
  facet normal -0.390707 0.920515 0
    outer loop
      vertex 37.0244 -1.29806 3
      vertex 37.0694 -1.27896 0
      vertex 37.0244 -1.29806 0
    endloop
  endfacet
  facet normal -0.0873195 0.99618 0
    outer loop
      vertex 36.6463 -1.39233 0
      vertex 36.5977 -1.39659 3
      vertex 36.6463 -1.39233 3
    endloop
  endfacet
  facet normal -0.0873195 0.99618 0
    outer loop
      vertex 36.5977 -1.39659 3
      vertex 36.6463 -1.39233 0
      vertex 36.5977 -1.39659 0
    endloop
  endfacet
  facet normal 0.052387 -0.998627 0
    outer loop
      vertex 36.4023 1.39659 0
      vertex 36.4511 1.39915 3
      vertex 36.4023 1.39659 3
    endloop
  endfacet
  facet normal 0.052387 -0.998627 0
    outer loop
      vertex 36.4511 1.39915 3
      vertex 36.4023 1.39659 0
      vertex 36.4511 1.39915 0
    endloop
  endfacet
  facet normal -0.731621 0.681711 0
    outer loop
      vertex 37.5071 -0.972521 0
      vertex 37.5404 -0.936783 3
      vertex 37.5404 -0.936783 0
    endloop
  endfacet
  facet normal -0.731621 0.681711 0
    outer loop
      vertex 37.5404 -0.936783 3
      vertex 37.5071 -0.972521 0
      vertex 37.5071 -0.972521 3
    endloop
  endfacet
  facet normal 0.390707 0.920515 -0
    outer loop
      vertex 35.9756 -1.29806 0
      vertex 35.9306 -1.27896 3
      vertex 35.9756 -1.29806 3
    endloop
  endfacet
  facet normal 0.390707 0.920515 0
    outer loop
      vertex 35.9306 -1.27896 3
      vertex 35.9756 -1.29806 0
      vertex 35.9306 -1.27896 0
    endloop
  endfacet
  facet normal -0.98172 -0.190331 0
    outer loop
      vertex 37.8787 0.243107 0
      vertex 37.8694 0.291076 3
      vertex 37.8694 0.291076 0
    endloop
  endfacet
  facet normal -0.98172 -0.190331 0
    outer loop
      vertex 37.8694 0.291076 3
      vertex 37.8787 0.243107 0
      vertex 37.8787 0.243107 3
    endloop
  endfacet
  facet normal -0.890884 0.45423 0
    outer loop
      vertex 37.7361 -0.65726 0
      vertex 37.7583 -0.613719 3
      vertex 37.7583 -0.613719 0
    endloop
  endfacet
  facet normal -0.890884 0.45423 0
    outer loop
      vertex 37.7583 -0.613719 3
      vertex 37.7361 -0.65726 0
      vertex 37.7361 -0.65726 3
    endloop
  endfacet
  facet normal 0.96617 -0.257907 0
    outer loop
      vertex 35.1416 0.33869 3
      vertex 35.1542 0.385892 0
      vertex 35.1542 0.385892 3
    endloop
  endfacet
  facet normal 0.96617 -0.257907 0
    outer loop
      vertex 35.1542 0.385892 0
      vertex 35.1416 0.33869 3
      vertex 35.1416 0.33869 0
    endloop
  endfacet
  facet normal -0.358471 0.933541 0
    outer loop
      vertex 37.0244 -1.29806 0
      vertex 36.9788 -1.31557 3
      vertex 37.0244 -1.29806 3
    endloop
  endfacet
  facet normal -0.358471 0.933541 0
    outer loop
      vertex 36.9788 -1.31557 3
      vertex 37.0244 -1.29806 0
      vertex 36.9788 -1.31557 0
    endloop
  endfacet
  facet normal -0.798716 0.601708 0
    outer loop
      vertex 37.6032 -0.861925 0
      vertex 37.6326 -0.822899 3
      vertex 37.6326 -0.822899 0
    endloop
  endfacet
  facet normal -0.798716 0.601708 0
    outer loop
      vertex 37.6326 -0.822899 3
      vertex 37.6032 -0.861925 0
      vertex 37.6032 -0.861925 3
    endloop
  endfacet
  facet normal -0.99983 0.0184174 0
    outer loop
      vertex 37.8991 -0.0488586 0
      vertex 37.9 0 3
      vertex 37.9 0 0
    endloop
  endfacet
  facet normal -0.99983 0.0184174 0
    outer loop
      vertex 37.9 0 3
      vertex 37.8991 -0.0488586 0
      vertex 37.8991 -0.0488586 3
    endloop
  endfacet
  facet normal 0.258682 0.965963 -0
    outer loop
      vertex 36.1613 -1.35841 0
      vertex 36.1141 -1.34577 3
      vertex 36.1613 -1.35841 3
    endloop
  endfacet
  facet normal 0.258682 0.965963 0
    outer loop
      vertex 36.1141 -1.34577 3
      vertex 36.1613 -1.35841 0
      vertex 36.1141 -1.34577 0
    endloop
  endfacet
  facet normal -0.052387 0.998627 0
    outer loop
      vertex 36.5977 -1.39659 0
      vertex 36.5489 -1.39915 3
      vertex 36.5977 -1.39659 3
    endloop
  endfacet
  facet normal -0.052387 0.998627 0
    outer loop
      vertex 36.5489 -1.39915 3
      vertex 36.5977 -1.39659 0
      vertex 36.5489 -1.39915 0
    endloop
  endfacet
  facet normal 0.798716 -0.601708 0
    outer loop
      vertex 35.3674 0.822899 3
      vertex 35.3968 0.861925 0
      vertex 35.3968 0.861925 3
    endloop
  endfacet
  facet normal 0.798716 -0.601708 0
    outer loop
      vertex 35.3968 0.861925 0
      vertex 35.3674 0.822899 3
      vertex 35.3674 0.822899 0
    endloop
  endfacet
  facet normal -0.453417 -0.891298 0
    outer loop
      vertex 37.1137 1.25831 0
      vertex 37.1573 1.23613 3
      vertex 37.1137 1.25831 3
    endloop
  endfacet
  facet normal -0.453417 -0.891298 -0
    outer loop
      vertex 37.1573 1.23613 3
      vertex 37.1137 1.25831 0
      vertex 37.1573 1.23613 0
    endloop
  endfacet
  facet normal 0.731621 0.681711 0
    outer loop
      vertex 35.4929 -0.972521 3
      vertex 35.4596 -0.936783 0
      vertex 35.4596 -0.936783 3
    endloop
  endfacet
  facet normal 0.731621 0.681711 0
    outer loop
      vertex 35.4596 -0.936783 0
      vertex 35.4929 -0.972521 3
      vertex 35.4929 -0.972521 0
    endloop
  endfacet
  facet normal 0.996122 -0.0879879 0
    outer loop
      vertex 35.1034 0.0976582 3
      vertex 35.1077 0.146339 0
      vertex 35.1077 0.146339 3
    endloop
  endfacet
  facet normal 0.996122 -0.0879879 0
    outer loop
      vertex 35.1077 0.146339 0
      vertex 35.1034 0.0976582 3
      vertex 35.1034 0.0976582 0
    endloop
  endfacet
  facet normal -0.655865 -0.754879 0
    outer loop
      vertex 37.3999 1.07246 0
      vertex 37.4368 1.0404 3
      vertex 37.3999 1.07246 3
    endloop
  endfacet
  facet normal -0.655865 -0.754879 -0
    outer loop
      vertex 37.4368 1.0404 3
      vertex 37.3999 1.07246 0
      vertex 37.4368 1.0404 0
    endloop
  endfacet
  facet normal -0.96617 -0.257907 0
    outer loop
      vertex 37.8584 0.33869 0
      vertex 37.8458 0.385892 3
      vertex 37.8458 0.385892 0
    endloop
  endfacet
  facet normal -0.96617 -0.257907 0
    outer loop
      vertex 37.8458 0.385892 3
      vertex 37.8584 0.33869 0
      vertex 37.8584 0.33869 3
    endloop
  endfacet
  facet normal -0.052387 -0.998627 0
    outer loop
      vertex 36.5489 1.39915 0
      vertex 36.5977 1.39659 3
      vertex 36.5489 1.39915 3
    endloop
  endfacet
  facet normal -0.052387 -0.998627 -0
    outer loop
      vertex 36.5977 1.39659 3
      vertex 36.5489 1.39915 0
      vertex 36.5977 1.39659 0
    endloop
  endfacet
  facet normal 0.992683 0.120752 0
    outer loop
      vertex 35.1136 -0.194842 3
      vertex 35.1077 -0.146339 0
      vertex 35.1077 -0.146339 3
    endloop
  endfacet
  facet normal 0.992683 0.120752 0
    outer loop
      vertex 35.1077 -0.146339 0
      vertex 35.1136 -0.194842 3
      vertex 35.1136 -0.194842 0
    endloop
  endfacet
  facet normal -0.945577 -0.325398 0
    outer loop
      vertex 37.8315 0.432623 0
      vertex 37.8156 0.478827 3
      vertex 37.8156 0.478827 0
    endloop
  endfacet
  facet normal -0.945577 -0.325398 0
    outer loop
      vertex 37.8156 0.478827 3
      vertex 37.8315 0.432623 0
      vertex 37.8315 0.432623 3
    endloop
  endfacet
  facet normal 0.292603 0.956234 -0
    outer loop
      vertex 36.1141 -1.34577 0
      vertex 36.0674 -1.33148 3
      vertex 36.1141 -1.34577 3
    endloop
  endfacet
  facet normal 0.292603 0.956234 0
    outer loop
      vertex 36.0674 -1.33148 3
      vertex 36.1141 -1.34577 0
      vertex 36.0674 -1.33148 0
    endloop
  endfacet
  facet normal 0.777678 0.628663 0
    outer loop
      vertex 35.4275 -0.899902 3
      vertex 35.3968 -0.861925 0
      vertex 35.3968 -0.861925 3
    endloop
  endfacet
  facet normal 0.777678 0.628663 0
    outer loop
      vertex 35.3968 -0.861925 0
      vertex 35.4275 -0.899902 3
      vertex 35.4275 -0.899902 0
    endloop
  endfacet
  facet normal -0.0173798 -0.999849 0
    outer loop
      vertex 36.5 1.4 0
      vertex 36.5489 1.39915 3
      vertex 36.5 1.4 3
    endloop
  endfacet
  facet normal -0.0173798 -0.999849 -0
    outer loop
      vertex 36.5489 1.39915 3
      vertex 36.5 1.4 0
      vertex 36.5489 1.39915 0
    endloop
  endfacet
  facet normal -0.573874 -0.818943 0
    outer loop
      vertex 37.2829 1.16065 0
      vertex 37.3229 1.13262 3
      vertex 37.2829 1.16065 3
    endloop
  endfacet
  facet normal -0.573874 -0.818943 -0
    outer loop
      vertex 37.3229 1.13262 3
      vertex 37.2829 1.16065 0
      vertex 37.3229 1.13262 0
    endloop
  endfacet
  facet normal -0.956231 0.292613 0
    outer loop
      vertex 37.8315 -0.432623 0
      vertex 37.8458 -0.385892 3
      vertex 37.8458 -0.385892 0
    endloop
  endfacet
  facet normal -0.956231 0.292613 0
    outer loop
      vertex 37.8458 -0.385892 3
      vertex 37.8315 -0.432623 0
      vertex 37.8315 -0.432623 3
    endloop
  endfacet
  facet normal 0.121969 -0.992534 0
    outer loop
      vertex 36.3052 1.38637 0
      vertex 36.3537 1.39233 3
      vertex 36.3052 1.38637 3
    endloop
  endfacet
  facet normal 0.121969 -0.992534 0
    outer loop
      vertex 36.3537 1.39233 3
      vertex 36.3052 1.38637 0
      vertex 36.3537 1.39233 0
    endloop
  endfacet
  facet normal -0.777678 -0.628663 0
    outer loop
      vertex 37.6032 0.861925 0
      vertex 37.5725 0.899902 3
      vertex 37.5725 0.899902 0
    endloop
  endfacet
  facet normal -0.777678 -0.628663 0
    outer loop
      vertex 37.5725 0.899902 3
      vertex 37.6032 0.861925 0
      vertex 37.6032 0.861925 3
    endloop
  endfacet
  facet normal 0.190607 -0.981666 0
    outer loop
      vertex 36.2089 1.36941 0
      vertex 36.2569 1.37873 3
      vertex 36.2089 1.36941 3
    endloop
  endfacet
  facet normal 0.190607 -0.981666 0
    outer loop
      vertex 36.2569 1.37873 3
      vertex 36.2089 1.36941 0
      vertex 36.2569 1.37873 0
    endloop
  endfacet
  facet normal 0.96617 0.257907 0
    outer loop
      vertex 35.1542 -0.385892 3
      vertex 35.1416 -0.33869 0
      vertex 35.1416 -0.33869 3
    endloop
  endfacet
  facet normal 0.96617 0.257907 0
    outer loop
      vertex 35.1416 -0.33869 0
      vertex 35.1542 -0.385892 3
      vertex 35.1542 -0.385892 0
    endloop
  endfacet
  facet normal -0.99869 0.0511628 0
    outer loop
      vertex 37.8966 -0.0976582 0
      vertex 37.8991 -0.0488586 3
      vertex 37.8991 -0.0488586 0
    endloop
  endfacet
  facet normal -0.99869 0.0511628 0
    outer loop
      vertex 37.8991 -0.0488586 3
      vertex 37.8966 -0.0976582 0
      vertex 37.8966 -0.0976582 3
    endloop
  endfacet
  facet normal 0.052387 0.998627 -0
    outer loop
      vertex 36.4511 -1.39915 0
      vertex 36.4023 -1.39659 3
      vertex 36.4511 -1.39915 3
    endloop
  endfacet
  facet normal 0.052387 0.998627 0
    outer loop
      vertex 36.4023 -1.39659 3
      vertex 36.4511 -1.39915 0
      vertex 36.4023 -1.39659 0
    endloop
  endfacet
  facet normal -0.422493 -0.906366 0
    outer loop
      vertex 37.0694 1.27896 0
      vertex 37.1137 1.25831 3
      vertex 37.0694 1.27896 3
    endloop
  endfacet
  facet normal -0.422493 -0.906366 -0
    outer loop
      vertex 37.1137 1.25831 3
      vertex 37.0694 1.27896 0
      vertex 37.1137 1.25831 0
    endloop
  endfacet
  facet normal 0.325606 0.945506 -0
    outer loop
      vertex 36.0674 -1.33148 0
      vertex 36.0212 -1.31557 3
      vertex 36.0674 -1.33148 3
    endloop
  endfacet
  facet normal 0.325606 0.945506 0
    outer loop
      vertex 36.0212 -1.31557 3
      vertex 36.0674 -1.33148 0
      vertex 36.0212 -1.31557 0
    endloop
  endfacet
  facet normal 0.754306 -0.656523 0
    outer loop
      vertex 35.4275 0.899902 3
      vertex 35.4596 0.936783 0
      vertex 35.4596 0.936783 3
    endloop
  endfacet
  facet normal 0.754306 -0.656523 0
    outer loop
      vertex 35.4596 0.936783 0
      vertex 35.4275 0.899902 3
      vertex 35.4275 0.899902 0
    endloop
  endfacet
  facet normal -0.390707 -0.920515 0
    outer loop
      vertex 37.0244 1.29806 0
      vertex 37.0694 1.27896 3
      vertex 37.0244 1.29806 3
    endloop
  endfacet
  facet normal -0.390707 -0.920515 -0
    outer loop
      vertex 37.0694 1.27896 3
      vertex 37.0244 1.29806 0
      vertex 37.0694 1.27896 0
    endloop
  endfacet
  facet normal -0.573874 0.818943 0
    outer loop
      vertex 37.3229 -1.13262 0
      vertex 37.2829 -1.16065 3
      vertex 37.3229 -1.13262 3
    endloop
  endfacet
  facet normal -0.573874 0.818943 0
    outer loop
      vertex 37.2829 -1.16065 3
      vertex 37.3229 -1.13262 0
      vertex 37.2829 -1.16065 0
    endloop
  endfacet
  facet normal -0.920459 -0.39084 0
    outer loop
      vertex 37.7981 0.524448 0
      vertex 37.779 0.56943 3
      vertex 37.779 0.56943 0
    endloop
  endfacet
  facet normal -0.920459 -0.39084 0
    outer loop
      vertex 37.779 0.56943 3
      vertex 37.7981 0.524448 0
      vertex 37.7981 0.524448 3
    endloop
  endfacet
  facet normal 0.98172 0.190331 0
    outer loop
      vertex 35.1306 -0.291076 3
      vertex 35.1213 -0.243107 0
      vertex 35.1213 -0.243107 3
    endloop
  endfacet
  facet normal 0.98172 0.190331 0
    outer loop
      vertex 35.1213 -0.243107 0
      vertex 35.1306 -0.291076 3
      vertex 35.1306 -0.291076 0
    endloop
  endfacet
  facet normal -0.996122 0.0879879 0
    outer loop
      vertex 37.8923 -0.146339 0
      vertex 37.8966 -0.0976582 3
      vertex 37.8966 -0.0976582 0
    endloop
  endfacet
  facet normal -0.996122 0.0879879 0
    outer loop
      vertex 37.8966 -0.0976582 3
      vertex 37.8923 -0.146339 0
      vertex 37.8923 -0.146339 3
    endloop
  endfacet
  facet normal -0.225158 -0.974322 0
    outer loop
      vertex 36.7911 1.36941 0
      vertex 36.8387 1.35841 3
      vertex 36.7911 1.36941 3
    endloop
  endfacet
  facet normal -0.225158 -0.974322 -0
    outer loop
      vertex 36.8387 1.35841 3
      vertex 36.7911 1.36941 0
      vertex 36.8387 1.35841 0
    endloop
  endfacet
  facet normal 0.945577 -0.325398 0
    outer loop
      vertex 35.1685 0.432623 3
      vertex 35.1844 0.478827 0
      vertex 35.1844 0.478827 3
    endloop
  endfacet
  facet normal 0.945577 -0.325398 0
    outer loop
      vertex 35.1844 0.478827 0
      vertex 35.1685 0.432623 3
      vertex 35.1685 0.432623 0
    endloop
  endfacet
  facet normal 0.325606 -0.945506 0
    outer loop
      vertex 36.0212 1.31557 0
      vertex 36.0674 1.33148 3
      vertex 36.0212 1.31557 3
    endloop
  endfacet
  facet normal 0.325606 -0.945506 0
    outer loop
      vertex 36.0674 1.33148 3
      vertex 36.0212 1.31557 0
      vertex 36.0674 1.33148 0
    endloop
  endfacet
  facet normal -0.956231 -0.292613 0
    outer loop
      vertex 37.8458 0.385892 0
      vertex 37.8315 0.432623 3
      vertex 37.8315 0.432623 0
    endloop
  endfacet
  facet normal -0.956231 -0.292613 0
    outer loop
      vertex 37.8315 0.432623 3
      vertex 37.8458 0.385892 0
      vertex 37.8458 0.385892 3
    endloop
  endfacet
  facet normal 0.602094 -0.798425 0
    outer loop
      vertex 35.6381 1.10321 0
      vertex 35.6771 1.13262 3
      vertex 35.6381 1.10321 3
    endloop
  endfacet
  facet normal 0.602094 -0.798425 0
    outer loop
      vertex 35.6771 1.13262 3
      vertex 35.6381 1.10321 0
      vertex 35.6771 1.13262 0
    endloop
  endfacet
  facet normal -0.292603 0.956234 0
    outer loop
      vertex 36.9326 -1.33148 0
      vertex 36.8859 -1.34577 3
      vertex 36.9326 -1.33148 3
    endloop
  endfacet
  facet normal -0.292603 0.956234 0
    outer loop
      vertex 36.8859 -1.34577 3
      vertex 36.9326 -1.33148 0
      vertex 36.8859 -1.34577 0
    endloop
  endfacet
  facet normal 0.706687 0.707526 0
    outer loop
      vertex 35.5275 -1.00708 3
      vertex 35.4929 -0.972521 0
      vertex 35.4929 -0.972521 3
    endloop
  endfacet
  facet normal 0.706687 0.707526 0
    outer loop
      vertex 35.4929 -0.972521 0
      vertex 35.5275 -1.00708 3
      vertex 35.5275 -1.00708 0
    endloop
  endfacet
  facet normal 0.974337 -0.225096 0
    outer loop
      vertex 35.1306 0.291076 3
      vertex 35.1416 0.33869 0
      vertex 35.1416 0.33869 3
    endloop
  endfacet
  facet normal 0.974337 -0.225096 0
    outer loop
      vertex 35.1416 0.33869 0
      vertex 35.1306 0.291076 3
      vertex 35.1306 0.291076 0
    endloop
  endfacet
  facet normal 0.225158 -0.974322 0
    outer loop
      vertex 36.1613 1.35841 0
      vertex 36.2089 1.36941 3
      vertex 36.1613 1.35841 3
    endloop
  endfacet
  facet normal 0.225158 -0.974322 0
    outer loop
      vertex 36.2089 1.36941 3
      vertex 36.1613 1.35841 0
      vertex 36.2089 1.36941 0
    endloop
  endfacet
  facet normal -0.818472 -0.574546 0
    outer loop
      vertex 37.6607 0.782869 0
      vertex 37.6326 0.822899 3
      vertex 37.6326 0.822899 0
    endloop
  endfacet
  facet normal -0.818472 -0.574546 0
    outer loop
      vertex 37.6326 0.822899 3
      vertex 37.6607 0.782869 0
      vertex 37.6607 0.782869 3
    endloop
  endfacet
  facet normal -0.422493 0.906366 0
    outer loop
      vertex 37.1137 -1.25831 0
      vertex 37.0694 -1.27896 3
      vertex 37.1137 -1.25831 3
    endloop
  endfacet
  facet normal -0.422493 0.906366 0
    outer loop
      vertex 37.0694 -1.27896 3
      vertex 37.1137 -1.25831 0
      vertex 37.0694 -1.27896 0
    endloop
  endfacet
  facet normal -0.358471 -0.933541 0
    outer loop
      vertex 36.9788 1.31557 0
      vertex 37.0244 1.29806 3
      vertex 36.9788 1.31557 3
    endloop
  endfacet
  facet normal -0.358471 -0.933541 -0
    outer loop
      vertex 37.0244 1.29806 3
      vertex 36.9788 1.31557 0
      vertex 37.0244 1.29806 0
    endloop
  endfacet
  facet normal -0.874543 -0.484948 0
    outer loop
      vertex 37.7361 0.65726 0
      vertex 37.7124 0.7 3
      vertex 37.7124 0.7 0
    endloop
  endfacet
  facet normal -0.874543 -0.484948 0
    outer loop
      vertex 37.7124 0.7 3
      vertex 37.7361 0.65726 0
      vertex 37.7361 0.65726 3
    endloop
  endfacet
  facet normal 0.99983 0.0184174 0
    outer loop
      vertex 35.1009 -0.0488586 3
      vertex 35.1 0 0
      vertex 35.1 0 3
    endloop
  endfacet
  facet normal 0.99983 0.0184174 0
    outer loop
      vertex 35.1 0 0
      vertex 35.1009 -0.0488586 3
      vertex 35.1009 -0.0488586 0
    endloop
  endfacet
  facet normal -0.682318 -0.731055 0
    outer loop
      vertex 37.4368 1.0404 0
      vertex 37.4725 1.00708 3
      vertex 37.4368 1.0404 3
    endloop
  endfacet
  facet normal -0.682318 -0.731055 -0
    outer loop
      vertex 37.4725 1.00708 3
      vertex 37.4368 1.0404 0
      vertex 37.4725 1.00708 0
    endloop
  endfacet
  facet normal 0.544557 -0.838724 0
    outer loop
      vertex 35.7171 1.16065 0
      vertex 35.7581 1.18727 3
      vertex 35.7171 1.16065 3
    endloop
  endfacet
  facet normal 0.544557 -0.838724 0
    outer loop
      vertex 35.7581 1.18727 3
      vertex 35.7171 1.16065 0
      vertex 35.7581 1.18727 0
    endloop
  endfacet
  facet normal -0.544557 0.838724 0
    outer loop
      vertex 37.2829 -1.16065 0
      vertex 37.2419 -1.18727 3
      vertex 37.2829 -1.16065 3
    endloop
  endfacet
  facet normal -0.544557 0.838724 0
    outer loop
      vertex 37.2419 -1.18727 3
      vertex 37.2829 -1.16065 0
      vertex 37.2419 -1.18727 0
    endloop
  endfacet
  facet normal -0.890884 -0.45423 0
    outer loop
      vertex 37.7583 0.613719 0
      vertex 37.7361 0.65726 3
      vertex 37.7361 0.65726 0
    endloop
  endfacet
  facet normal -0.890884 -0.45423 0
    outer loop
      vertex 37.7361 0.65726 3
      vertex 37.7583 0.613719 0
      vertex 37.7583 0.613719 3
    endloop
  endfacet
  facet normal -0.987512 -0.157544 0
    outer loop
      vertex 37.8864 0.194842 0
      vertex 37.8787 0.243107 3
      vertex 37.8787 0.243107 0
    endloop
  endfacet
  facet normal -0.987512 -0.157544 0
    outer loop
      vertex 37.8787 0.243107 3
      vertex 37.8864 0.194842 0
      vertex 37.8864 0.194842 3
    endloop
  endfacet
  facet normal -0.190607 0.981666 0
    outer loop
      vertex 36.7911 -1.36941 0
      vertex 36.7431 -1.37873 3
      vertex 36.7911 -1.36941 3
    endloop
  endfacet
  facet normal -0.190607 0.981666 0
    outer loop
      vertex 36.7431 -1.37873 3
      vertex 36.7911 -1.36941 0
      vertex 36.7431 -1.37873 0
    endloop
  endfacet
  facet normal -0.0173798 0.999849 0
    outer loop
      vertex 36.5489 -1.39915 0
      vertex 36.5 -1.4 3
      vertex 36.5489 -1.39915 3
    endloop
  endfacet
  facet normal -0.0173798 0.999849 0
    outer loop
      vertex 36.5 -1.4 3
      vertex 36.5489 -1.39915 0
      vertex 36.5 -1.4 0
    endloop
  endfacet
  facet normal -0.98172 0.190331 0
    outer loop
      vertex 37.8694 -0.291076 0
      vertex 37.8787 -0.243107 3
      vertex 37.8787 -0.243107 0
    endloop
  endfacet
  facet normal -0.98172 0.190331 0
    outer loop
      vertex 37.8787 -0.243107 3
      vertex 37.8694 -0.291076 0
      vertex 37.8694 -0.291076 3
    endloop
  endfacet
  facet normal -0.325606 0.945506 0
    outer loop
      vertex 36.9788 -1.31557 0
      vertex 36.9326 -1.33148 3
      vertex 36.9788 -1.31557 3
    endloop
  endfacet
  facet normal -0.325606 0.945506 0
    outer loop
      vertex 36.9326 -1.33148 3
      vertex 36.9788 -1.31557 0
      vertex 36.9326 -1.33148 0
    endloop
  endfacet
  facet normal -0.992683 0.120752 0
    outer loop
      vertex 37.8864 -0.194842 0
      vertex 37.8923 -0.146339 3
      vertex 37.8923 -0.146339 0
    endloop
  endfacet
  facet normal -0.992683 0.120752 0
    outer loop
      vertex 37.8923 -0.146339 3
      vertex 37.8864 -0.194842 0
      vertex 37.8864 -0.194842 3
    endloop
  endfacet
  facet normal 0.798716 0.601708 0
    outer loop
      vertex 35.3968 -0.861925 3
      vertex 35.3674 -0.822899 0
      vertex 35.3674 -0.822899 3
    endloop
  endfacet
  facet normal 0.798716 0.601708 0
    outer loop
      vertex 35.3674 -0.822899 0
      vertex 35.3968 -0.861925 3
      vertex 35.3968 -0.861925 0
    endloop
  endfacet
  facet normal 0.573874 -0.818943 0
    outer loop
      vertex 35.6771 1.13262 0
      vertex 35.7171 1.16065 3
      vertex 35.6771 1.13262 3
    endloop
  endfacet
  facet normal 0.573874 -0.818943 0
    outer loop
      vertex 35.7171 1.16065 3
      vertex 35.6771 1.13262 0
      vertex 35.7171 1.16065 0
    endloop
  endfacet
  facet normal 0.99983 -0.0184174 0
    outer loop
      vertex 35.1 0 3
      vertex 35.1009 0.0488586 0
      vertex 35.1009 0.0488586 3
    endloop
  endfacet
  facet normal 0.99983 -0.0184174 0
    outer loop
      vertex 35.1009 0.0488586 0
      vertex 35.1 0 3
      vertex 35.1 0 0
    endloop
  endfacet
  facet normal 0.156236 0.98772 -0
    outer loop
      vertex 36.3052 -1.38637 0
      vertex 36.2569 -1.37873 3
      vertex 36.3052 -1.38637 3
    endloop
  endfacet
  facet normal 0.156236 0.98772 0
    outer loop
      vertex 36.2569 -1.37873 3
      vertex 36.3052 -1.38637 0
      vertex 36.2569 -1.37873 0
    endloop
  endfacet
  facet normal -0.920459 0.39084 0
    outer loop
      vertex 37.779 -0.56943 0
      vertex 37.7981 -0.524448 3
      vertex 37.7981 -0.524448 0
    endloop
  endfacet
  facet normal -0.920459 0.39084 0
    outer loop
      vertex 37.7981 -0.524448 3
      vertex 37.779 -0.56943 0
      vertex 37.779 -0.56943 3
    endloop
  endfacet
  facet normal -0.544557 -0.838724 0
    outer loop
      vertex 37.2419 1.18727 0
      vertex 37.2829 1.16065 3
      vertex 37.2419 1.18727 3
    endloop
  endfacet
  facet normal -0.544557 -0.838724 -0
    outer loop
      vertex 37.2829 1.16065 3
      vertex 37.2419 1.18727 0
      vertex 37.2829 1.16065 0
    endloop
  endfacet
  facet normal 0.0873195 -0.99618 0
    outer loop
      vertex 36.3537 1.39233 0
      vertex 36.4023 1.39659 3
      vertex 36.3537 1.39233 3
    endloop
  endfacet
  facet normal 0.0873195 -0.99618 0
    outer loop
      vertex 36.4023 1.39659 3
      vertex 36.3537 1.39233 0
      vertex 36.4023 1.39659 0
    endloop
  endfacet
  facet normal 0.99869 0.0511628 0
    outer loop
      vertex 35.1034 -0.0976582 3
      vertex 35.1009 -0.0488586 0
      vertex 35.1009 -0.0488586 3
    endloop
  endfacet
  facet normal 0.99869 0.0511628 0
    outer loop
      vertex 35.1009 -0.0488586 0
      vertex 35.1034 -0.0976582 3
      vertex 35.1034 -0.0976582 0
    endloop
  endfacet
  facet normal -0.225158 0.974322 0
    outer loop
      vertex 36.8387 -1.35841 0
      vertex 36.7911 -1.36941 3
      vertex 36.8387 -1.35841 3
    endloop
  endfacet
  facet normal -0.225158 0.974322 0
    outer loop
      vertex 36.7911 -1.36941 3
      vertex 36.8387 -1.35841 0
      vertex 36.7911 -1.36941 0
    endloop
  endfacet
  facet normal 0.731621 -0.681711 0
    outer loop
      vertex 35.4596 0.936783 3
      vertex 35.4929 0.972521 0
      vertex 35.4929 0.972521 3
    endloop
  endfacet
  facet normal 0.731621 -0.681711 0
    outer loop
      vertex 35.4929 0.972521 0
      vertex 35.4596 0.936783 3
      vertex 35.4596 0.936783 0
    endloop
  endfacet
  facet normal 0.920459 0.39084 0
    outer loop
      vertex 35.221 -0.56943 3
      vertex 35.2019 -0.524448 0
      vertex 35.2019 -0.524448 3
    endloop
  endfacet
  facet normal 0.920459 0.39084 0
    outer loop
      vertex 35.2019 -0.524448 0
      vertex 35.221 -0.56943 3
      vertex 35.221 -0.56943 0
    endloop
  endfacet
  facet normal -0.485295 0.87435 0
    outer loop
      vertex 37.2 -1.21243 0
      vertex 37.1573 -1.23613 3
      vertex 37.2 -1.21243 3
    endloop
  endfacet
  facet normal -0.485295 0.87435 0
    outer loop
      vertex 37.1573 -1.23613 3
      vertex 37.2 -1.21243 0
      vertex 37.1573 -1.23613 0
    endloop
  endfacet
  facet normal 0.777678 -0.628663 0
    outer loop
      vertex 35.3968 0.861925 3
      vertex 35.4275 0.899902 0
      vertex 35.4275 0.899902 3
    endloop
  endfacet
  facet normal 0.777678 -0.628663 0
    outer loop
      vertex 35.4275 0.899902 0
      vertex 35.3968 0.861925 3
      vertex 35.3968 0.861925 0
    endloop
  endfacet
  facet normal 0.358471 -0.933541 0
    outer loop
      vertex 35.9756 1.29806 0
      vertex 36.0212 1.31557 3
      vertex 35.9756 1.29806 3
    endloop
  endfacet
  facet normal 0.358471 -0.933541 0
    outer loop
      vertex 36.0212 1.31557 3
      vertex 35.9756 1.29806 0
      vertex 36.0212 1.31557 0
    endloop
  endfacet
  facet normal 0.838808 -0.544428 0
    outer loop
      vertex 35.3127 0.741886 3
      vertex 35.3393 0.782869 0
      vertex 35.3393 0.782869 3
    endloop
  endfacet
  facet normal 0.838808 -0.544428 0
    outer loop
      vertex 35.3393 0.782869 0
      vertex 35.3127 0.741886 3
      vertex 35.3127 0.741886 0
    endloop
  endfacet
  facet normal -0.754306 0.656523 0
    outer loop
      vertex 37.5404 -0.936783 0
      vertex 37.5725 -0.899902 3
      vertex 37.5725 -0.899902 0
    endloop
  endfacet
  facet normal -0.754306 0.656523 0
    outer loop
      vertex 37.5725 -0.899902 3
      vertex 37.5404 -0.936783 0
      vertex 37.5404 -0.936783 3
    endloop
  endfacet
  facet normal 0.992683 -0.120752 0
    outer loop
      vertex 35.1077 0.146339 3
      vertex 35.1136 0.194842 0
      vertex 35.1136 0.194842 3
    endloop
  endfacet
  facet normal 0.992683 -0.120752 0
    outer loop
      vertex 35.1136 0.194842 0
      vertex 35.1077 0.146339 3
      vertex 35.1077 0.146339 0
    endloop
  endfacet
  facet normal -0.602094 -0.798425 0
    outer loop
      vertex 37.3229 1.13262 0
      vertex 37.3619 1.10321 3
      vertex 37.3229 1.13262 3
    endloop
  endfacet
  facet normal -0.602094 -0.798425 -0
    outer loop
      vertex 37.3619 1.10321 3
      vertex 37.3229 1.13262 0
      vertex 37.3619 1.10321 0
    endloop
  endfacet
  facet normal 0.629051 -0.777364 0
    outer loop
      vertex 35.6001 1.07246 0
      vertex 35.6381 1.10321 3
      vertex 35.6001 1.07246 3
    endloop
  endfacet
  facet normal 0.629051 -0.777364 0
    outer loop
      vertex 35.6381 1.10321 3
      vertex 35.6001 1.07246 0
      vertex 35.6381 1.10321 0
    endloop
  endfacet
  facet normal -0.945577 0.325398 0
    outer loop
      vertex 37.8156 -0.478827 0
      vertex 37.8315 -0.432623 3
      vertex 37.8315 -0.432623 0
    endloop
  endfacet
  facet normal -0.945577 0.325398 0
    outer loop
      vertex 37.8315 -0.432623 3
      vertex 37.8156 -0.478827 0
      vertex 37.8156 -0.478827 3
    endloop
  endfacet
  facet normal 0.706687 -0.707526 0
    outer loop
      vertex 35.4929 0.972521 3
      vertex 35.5275 1.00708 0
      vertex 35.5275 1.00708 3
    endloop
  endfacet
  facet normal 0.706687 -0.707526 0
    outer loop
      vertex 35.5275 1.00708 0
      vertex 35.4929 0.972521 3
      vertex 35.4929 0.972521 0
    endloop
  endfacet
  facet normal 0.682318 -0.731055 0
    outer loop
      vertex 35.5275 1.00708 0
      vertex 35.5632 1.0404 3
      vertex 35.5275 1.00708 3
    endloop
  endfacet
  facet normal 0.682318 -0.731055 0
    outer loop
      vertex 35.5632 1.0404 3
      vertex 35.5275 1.00708 0
      vertex 35.5632 1.0404 0
    endloop
  endfacet
  facet normal 0.156236 -0.98772 0
    outer loop
      vertex 36.2569 1.37873 0
      vertex 36.3052 1.38637 3
      vertex 36.2569 1.37873 3
    endloop
  endfacet
  facet normal 0.156236 -0.98772 0
    outer loop
      vertex 36.3052 1.38637 3
      vertex 36.2569 1.37873 0
      vertex 36.3052 1.38637 0
    endloop
  endfacet
  facet normal 0.655865 0.754879 -0
    outer loop
      vertex 35.6001 -1.07246 0
      vertex 35.5632 -1.0404 3
      vertex 35.6001 -1.07246 3
    endloop
  endfacet
  facet normal 0.655865 0.754879 0
    outer loop
      vertex 35.5632 -1.0404 3
      vertex 35.6001 -1.07246 0
      vertex 35.5632 -1.0404 0
    endloop
  endfacet
  facet normal -0.514797 0.857312 0
    outer loop
      vertex 37.2419 -1.18727 0
      vertex 37.2 -1.21243 3
      vertex 37.2419 -1.18727 3
    endloop
  endfacet
  facet normal -0.514797 0.857312 0
    outer loop
      vertex 37.2 -1.21243 3
      vertex 37.2419 -1.18727 0
      vertex 37.2 -1.21243 0
    endloop
  endfacet
  facet normal 0.818472 -0.574546 0
    outer loop
      vertex 35.3393 0.782869 3
      vertex 35.3674 0.822899 0
      vertex 35.3674 0.822899 3
    endloop
  endfacet
  facet normal 0.818472 -0.574546 0
    outer loop
      vertex 35.3674 0.822899 0
      vertex 35.3393 0.782869 3
      vertex 35.3393 0.782869 0
    endloop
  endfacet
  facet normal 0.655865 -0.754879 0
    outer loop
      vertex 35.5632 1.0404 0
      vertex 35.6001 1.07246 3
      vertex 35.5632 1.0404 3
    endloop
  endfacet
  facet normal 0.655865 -0.754879 0
    outer loop
      vertex 35.6001 1.07246 3
      vertex 35.5632 1.0404 0
      vertex 35.6001 1.07246 0
    endloop
  endfacet
  facet normal -0.754306 -0.656523 0
    outer loop
      vertex 37.5725 0.899902 0
      vertex 37.5404 0.936783 3
      vertex 37.5404 0.936783 0
    endloop
  endfacet
  facet normal -0.754306 -0.656523 0
    outer loop
      vertex 37.5404 0.936783 3
      vertex 37.5725 0.899902 0
      vertex 37.5725 0.899902 3
    endloop
  endfacet
  facet normal 0.818472 0.574546 0
    outer loop
      vertex 35.3674 -0.822899 3
      vertex 35.3393 -0.782869 0
      vertex 35.3393 -0.782869 3
    endloop
  endfacet
  facet normal 0.818472 0.574546 0
    outer loop
      vertex 35.3393 -0.782869 0
      vertex 35.3674 -0.822899 3
      vertex 35.3674 -0.822899 0
    endloop
  endfacet
  facet normal 0.0873195 0.99618 -0
    outer loop
      vertex 36.4023 -1.39659 0
      vertex 36.3537 -1.39233 3
      vertex 36.4023 -1.39659 3
    endloop
  endfacet
  facet normal 0.0873195 0.99618 0
    outer loop
      vertex 36.3537 -1.39233 3
      vertex 36.4023 -1.39659 0
      vertex 36.3537 -1.39233 0
    endloop
  endfacet
  facet normal 0.514797 0.857312 -0
    outer loop
      vertex 35.8 -1.21243 0
      vertex 35.7581 -1.18727 3
      vertex 35.8 -1.21243 3
    endloop
  endfacet
  facet normal 0.514797 0.857312 0
    outer loop
      vertex 35.7581 -1.18727 3
      vertex 35.8 -1.21243 0
      vertex 35.7581 -1.18727 0
    endloop
  endfacet
  facet normal -0.629051 0.777364 0
    outer loop
      vertex 37.3999 -1.07246 0
      vertex 37.3619 -1.10321 3
      vertex 37.3999 -1.07246 3
    endloop
  endfacet
  facet normal -0.629051 0.777364 0
    outer loop
      vertex 37.3619 -1.10321 3
      vertex 37.3999 -1.07246 0
      vertex 37.3619 -1.10321 0
    endloop
  endfacet
  facet normal 0.485295 0.87435 -0
    outer loop
      vertex 35.8427 -1.23613 0
      vertex 35.8 -1.21243 3
      vertex 35.8427 -1.23613 3
    endloop
  endfacet
  facet normal 0.485295 0.87435 0
    outer loop
      vertex 35.8 -1.21243 3
      vertex 35.8427 -1.23613 0
      vertex 35.8 -1.21243 0
    endloop
  endfacet
  facet normal 0.629051 0.777364 -0
    outer loop
      vertex 35.6381 -1.10321 0
      vertex 35.6001 -1.07246 3
      vertex 35.6381 -1.10321 3
    endloop
  endfacet
  facet normal 0.629051 0.777364 0
    outer loop
      vertex 35.6001 -1.07246 3
      vertex 35.6381 -1.10321 0
      vertex 35.6001 -1.07246 0
    endloop
  endfacet
  facet normal -0.818472 0.574546 0
    outer loop
      vertex 37.6326 -0.822899 0
      vertex 37.6607 -0.782869 3
      vertex 37.6607 -0.782869 0
    endloop
  endfacet
  facet normal -0.818472 0.574546 0
    outer loop
      vertex 37.6607 -0.782869 3
      vertex 37.6326 -0.822899 0
      vertex 37.6326 -0.822899 3
    endloop
  endfacet
  facet normal -0.905934 -0.42342 0
    outer loop
      vertex 37.779 0.56943 0
      vertex 37.7583 0.613719 3
      vertex 37.7583 0.613719 0
    endloop
  endfacet
  facet normal -0.905934 -0.42342 0
    outer loop
      vertex 37.7583 0.613719 3
      vertex 37.779 0.56943 0
      vertex 37.779 0.56943 3
    endloop
  endfacet
  facet normal 0.258682 -0.965963 0
    outer loop
      vertex 36.1141 1.34577 0
      vertex 36.1613 1.35841 3
      vertex 36.1141 1.34577 3
    endloop
  endfacet
  facet normal 0.258682 -0.965963 0
    outer loop
      vertex 36.1613 1.35841 3
      vertex 36.1141 1.34577 0
      vertex 36.1613 1.35841 0
    endloop
  endfacet
  facet normal -0.602094 0.798425 0
    outer loop
      vertex 37.3619 -1.10321 0
      vertex 37.3229 -1.13262 3
      vertex 37.3619 -1.10321 3
    endloop
  endfacet
  facet normal -0.602094 0.798425 0
    outer loop
      vertex 37.3229 -1.13262 3
      vertex 37.3619 -1.10321 0
      vertex 37.3229 -1.13262 0
    endloop
  endfacet
  facet normal 0.956231 -0.292613 0
    outer loop
      vertex 35.1542 0.385892 3
      vertex 35.1685 0.432623 0
      vertex 35.1685 0.432623 3
    endloop
  endfacet
  facet normal 0.956231 -0.292613 0
    outer loop
      vertex 35.1685 0.432623 0
      vertex 35.1542 0.385892 3
      vertex 35.1542 0.385892 0
    endloop
  endfacet
  facet normal 0.956231 0.292613 0
    outer loop
      vertex 35.1685 -0.432623 3
      vertex 35.1542 -0.385892 0
      vertex 35.1542 -0.385892 3
    endloop
  endfacet
  facet normal 0.956231 0.292613 0
    outer loop
      vertex 35.1542 -0.385892 0
      vertex 35.1685 -0.432623 3
      vertex 35.1685 -0.432623 0
    endloop
  endfacet
  facet normal 0.602094 0.798425 -0
    outer loop
      vertex 35.6771 -1.13262 0
      vertex 35.6381 -1.10321 3
      vertex 35.6771 -1.13262 3
    endloop
  endfacet
  facet normal 0.602094 0.798425 0
    outer loop
      vertex 35.6381 -1.10321 3
      vertex 35.6771 -1.13262 0
      vertex 35.6381 -1.10321 0
    endloop
  endfacet
  facet normal -0.156236 0.98772 0
    outer loop
      vertex 36.7431 -1.37873 0
      vertex 36.6948 -1.38637 3
      vertex 36.7431 -1.37873 3
    endloop
  endfacet
  facet normal -0.156236 0.98772 0
    outer loop
      vertex 36.6948 -1.38637 3
      vertex 36.7431 -1.37873 0
      vertex 36.6948 -1.38637 0
    endloop
  endfacet
  facet normal -0.629051 -0.777364 0
    outer loop
      vertex 37.3619 1.10321 0
      vertex 37.3999 1.07246 3
      vertex 37.3619 1.10321 3
    endloop
  endfacet
  facet normal -0.629051 -0.777364 -0
    outer loop
      vertex 37.3999 1.07246 3
      vertex 37.3619 1.10321 0
      vertex 37.3999 1.07246 0
    endloop
  endfacet
  facet normal -0.121969 0.992534 0
    outer loop
      vertex 36.6948 -1.38637 0
      vertex 36.6463 -1.39233 3
      vertex 36.6948 -1.38637 3
    endloop
  endfacet
  facet normal -0.121969 0.992534 0
    outer loop
      vertex 36.6463 -1.39233 3
      vertex 36.6948 -1.38637 0
      vertex 36.6463 -1.39233 0
    endloop
  endfacet
  facet normal -0.933664 -0.358149 0
    outer loop
      vertex 37.8156 0.478827 0
      vertex 37.7981 0.524448 3
      vertex 37.7981 0.524448 0
    endloop
  endfacet
  facet normal -0.933664 -0.358149 0
    outer loop
      vertex 37.7981 0.524448 3
      vertex 37.8156 0.478827 0
      vertex 37.8156 0.478827 3
    endloop
  endfacet
  facet normal 0.905934 0.42342 0
    outer loop
      vertex 35.2417 -0.613719 3
      vertex 35.221 -0.56943 0
      vertex 35.221 -0.56943 3
    endloop
  endfacet
  facet normal 0.905934 0.42342 0
    outer loop
      vertex 35.221 -0.56943 0
      vertex 35.2417 -0.613719 3
      vertex 35.2417 -0.613719 0
    endloop
  endfacet
  facet normal 0.987512 -0.157544 0
    outer loop
      vertex 35.1136 0.194842 3
      vertex 35.1213 0.243107 0
      vertex 35.1213 0.243107 3
    endloop
  endfacet
  facet normal 0.987512 -0.157544 0
    outer loop
      vertex 35.1213 0.243107 0
      vertex 35.1136 0.194842 3
      vertex 35.1136 0.194842 0
    endloop
  endfacet
  facet normal -0.933664 0.358149 0
    outer loop
      vertex 37.7981 -0.524448 0
      vertex 37.8156 -0.478827 3
      vertex 37.8156 -0.478827 0
    endloop
  endfacet
  facet normal -0.933664 0.358149 0
    outer loop
      vertex 37.8156 -0.478827 3
      vertex 37.7981 -0.524448 0
      vertex 37.7981 -0.524448 3
    endloop
  endfacet
  facet normal 0.754306 0.656523 0
    outer loop
      vertex 35.4596 -0.936783 3
      vertex 35.4275 -0.899902 0
      vertex 35.4275 -0.899902 3
    endloop
  endfacet
  facet normal 0.754306 0.656523 0
    outer loop
      vertex 35.4275 -0.899902 0
      vertex 35.4596 -0.936783 3
      vertex 35.4596 -0.936783 0
    endloop
  endfacet
  facet normal 0.838808 0.544428 0
    outer loop
      vertex 35.3393 -0.782869 3
      vertex 35.3127 -0.741886 0
      vertex 35.3127 -0.741886 3
    endloop
  endfacet
  facet normal 0.838808 0.544428 0
    outer loop
      vertex 35.3127 -0.741886 0
      vertex 35.3393 -0.782869 3
      vertex 35.3393 -0.782869 0
    endloop
  endfacet
  facet normal 0.514797 -0.857312 0
    outer loop
      vertex 35.7581 1.18727 0
      vertex 35.8 1.21243 3
      vertex 35.7581 1.18727 3
    endloop
  endfacet
  facet normal 0.514797 -0.857312 0
    outer loop
      vertex 35.8 1.21243 3
      vertex 35.7581 1.18727 0
      vertex 35.8 1.21243 0
    endloop
  endfacet
  facet normal -0.325606 -0.945506 0
    outer loop
      vertex 36.9326 1.33148 0
      vertex 36.9788 1.31557 3
      vertex 36.9326 1.33148 3
    endloop
  endfacet
  facet normal -0.325606 -0.945506 -0
    outer loop
      vertex 36.9788 1.31557 3
      vertex 36.9326 1.33148 0
      vertex 36.9788 1.31557 0
    endloop
  endfacet
  facet normal 0.190607 0.981666 -0
    outer loop
      vertex 36.2569 -1.37873 0
      vertex 36.2089 -1.36941 3
      vertex 36.2569 -1.37873 3
    endloop
  endfacet
  facet normal 0.190607 0.981666 0
    outer loop
      vertex 36.2089 -1.36941 3
      vertex 36.2569 -1.37873 0
      vertex 36.2089 -1.36941 0
    endloop
  endfacet
  facet normal -0.874543 0.484948 0
    outer loop
      vertex 37.7124 -0.7 0
      vertex 37.7361 -0.65726 3
      vertex 37.7361 -0.65726 0
    endloop
  endfacet
  facet normal -0.874543 0.484948 0
    outer loop
      vertex 37.7361 -0.65726 3
      vertex 37.7124 -0.7 0
      vertex 37.7124 -0.7 3
    endloop
  endfacet
  facet normal -0.857778 0.51402 0
    outer loop
      vertex 37.6873 -0.741886 0
      vertex 37.7124 -0.7 3
      vertex 37.7124 -0.7 0
    endloop
  endfacet
  facet normal -0.857778 0.51402 0
    outer loop
      vertex 37.7124 -0.7 3
      vertex 37.6873 -0.741886 0
      vertex 37.6873 -0.741886 3
    endloop
  endfacet
  facet normal -0.905934 0.42342 0
    outer loop
      vertex 37.7583 -0.613719 0
      vertex 37.779 -0.56943 3
      vertex 37.779 -0.56943 0
    endloop
  endfacet
  facet normal -0.905934 0.42342 0
    outer loop
      vertex 37.779 -0.56943 3
      vertex 37.7583 -0.613719 0
      vertex 37.7583 -0.613719 3
    endloop
  endfacet
  facet normal -0.121969 -0.992534 0
    outer loop
      vertex 36.6463 1.39233 0
      vertex 36.6948 1.38637 3
      vertex 36.6463 1.39233 3
    endloop
  endfacet
  facet normal -0.121969 -0.992534 -0
    outer loop
      vertex 36.6948 1.38637 3
      vertex 36.6463 1.39233 0
      vertex 36.6948 1.38637 0
    endloop
  endfacet
  facet normal 0.358471 0.933541 -0
    outer loop
      vertex 36.0212 -1.31557 0
      vertex 35.9756 -1.29806 3
      vertex 36.0212 -1.31557 3
    endloop
  endfacet
  facet normal 0.358471 0.933541 0
    outer loop
      vertex 35.9756 -1.29806 3
      vertex 36.0212 -1.31557 0
      vertex 35.9756 -1.29806 0
    endloop
  endfacet
  facet normal 0.292603 -0.956234 0
    outer loop
      vertex 36.0674 1.33148 0
      vertex 36.1141 1.34577 3
      vertex 36.0674 1.33148 3
    endloop
  endfacet
  facet normal 0.292603 -0.956234 0
    outer loop
      vertex 36.1141 1.34577 3
      vertex 36.0674 1.33148 0
      vertex 36.1141 1.34577 0
    endloop
  endfacet
  facet normal 0.974337 0.225096 0
    outer loop
      vertex 35.1416 -0.33869 3
      vertex 35.1306 -0.291076 0
      vertex 35.1306 -0.291076 3
    endloop
  endfacet
  facet normal 0.974337 0.225096 0
    outer loop
      vertex 35.1306 -0.291076 0
      vertex 35.1416 -0.33869 3
      vertex 35.1416 -0.33869 0
    endloop
  endfacet
  facet normal -0.682318 0.731055 0
    outer loop
      vertex 37.4725 -1.00708 0
      vertex 37.4368 -1.0404 3
      vertex 37.4725 -1.00708 3
    endloop
  endfacet
  facet normal -0.682318 0.731055 0
    outer loop
      vertex 37.4368 -1.0404 3
      vertex 37.4725 -1.00708 0
      vertex 37.4368 -1.0404 0
    endloop
  endfacet
  facet normal -0.987512 0.157544 0
    outer loop
      vertex 37.8787 -0.243107 0
      vertex 37.8864 -0.194842 3
      vertex 37.8864 -0.194842 0
    endloop
  endfacet
  facet normal -0.987512 0.157544 0
    outer loop
      vertex 37.8864 -0.194842 3
      vertex 37.8787 -0.243107 0
      vertex 37.8787 -0.243107 3
    endloop
  endfacet
  facet normal 0.996122 0.0879879 0
    outer loop
      vertex 35.1077 -0.146339 3
      vertex 35.1034 -0.0976582 0
      vertex 35.1034 -0.0976582 3
    endloop
  endfacet
  facet normal 0.996122 0.0879879 0
    outer loop
      vertex 35.1034 -0.0976582 0
      vertex 35.1077 -0.146339 3
      vertex 35.1077 -0.146339 0
    endloop
  endfacet
  facet normal -0.655865 0.754879 0
    outer loop
      vertex 37.4368 -1.0404 0
      vertex 37.3999 -1.07246 3
      vertex 37.4368 -1.0404 3
    endloop
  endfacet
  facet normal -0.655865 0.754879 0
    outer loop
      vertex 37.3999 -1.07246 3
      vertex 37.4368 -1.0404 0
      vertex 37.3999 -1.07246 0
    endloop
  endfacet
  facet normal 0.987512 0.157544 0
    outer loop
      vertex 35.1213 -0.243107 3
      vertex 35.1136 -0.194842 0
      vertex 35.1136 -0.194842 3
    endloop
  endfacet
  facet normal 0.987512 0.157544 0
    outer loop
      vertex 35.1136 -0.194842 0
      vertex 35.1213 -0.243107 3
      vertex 35.1213 -0.243107 0
    endloop
  endfacet
  facet normal -0.798716 -0.601708 0
    outer loop
      vertex 37.6326 0.822899 0
      vertex 37.6032 0.861925 3
      vertex 37.6032 0.861925 0
    endloop
  endfacet
  facet normal -0.798716 -0.601708 0
    outer loop
      vertex 37.6032 0.861925 3
      vertex 37.6326 0.822899 0
      vertex 37.6326 0.822899 3
    endloop
  endfacet
  facet normal -0.292603 -0.956234 0
    outer loop
      vertex 36.8859 1.34577 0
      vertex 36.9326 1.33148 3
      vertex 36.8859 1.34577 3
    endloop
  endfacet
  facet normal -0.292603 -0.956234 -0
    outer loop
      vertex 36.9326 1.33148 3
      vertex 36.8859 1.34577 0
      vertex 36.9326 1.33148 0
    endloop
  endfacet
  facet normal 0.857778 0.51402 0
    outer loop
      vertex 35.3127 -0.741886 3
      vertex 35.2876 -0.7 0
      vertex 35.2876 -0.7 3
    endloop
  endfacet
  facet normal 0.857778 0.51402 0
    outer loop
      vertex 35.2876 -0.7 0
      vertex 35.3127 -0.741886 3
      vertex 35.3127 -0.741886 0
    endloop
  endfacet
  facet normal 0.422493 0.906366 -0
    outer loop
      vertex 35.9306 -1.27896 0
      vertex 35.8863 -1.25831 3
      vertex 35.9306 -1.27896 3
    endloop
  endfacet
  facet normal 0.422493 0.906366 0
    outer loop
      vertex 35.8863 -1.25831 3
      vertex 35.9306 -1.27896 0
      vertex 35.8863 -1.25831 0
    endloop
  endfacet
  facet normal 0.544557 0.838724 -0
    outer loop
      vertex 35.7581 -1.18727 0
      vertex 35.7171 -1.16065 3
      vertex 35.7581 -1.18727 3
    endloop
  endfacet
  facet normal 0.544557 0.838724 0
    outer loop
      vertex 35.7171 -1.16065 3
      vertex 35.7581 -1.18727 0
      vertex 35.7171 -1.16065 0
    endloop
  endfacet
  facet normal -0.974337 0.225096 0
    outer loop
      vertex 37.8584 -0.33869 0
      vertex 37.8694 -0.291076 3
      vertex 37.8694 -0.291076 0
    endloop
  endfacet
  facet normal -0.974337 0.225096 0
    outer loop
      vertex 37.8694 -0.291076 3
      vertex 37.8584 -0.33869 0
      vertex 37.8584 -0.33869 3
    endloop
  endfacet
  facet normal 0.933664 0.358149 0
    outer loop
      vertex 35.2019 -0.524448 3
      vertex 35.1844 -0.478827 0
      vertex 35.1844 -0.478827 3
    endloop
  endfacet
  facet normal 0.933664 0.358149 0
    outer loop
      vertex 35.1844 -0.478827 0
      vertex 35.2019 -0.524448 3
      vertex 35.2019 -0.524448 0
    endloop
  endfacet
  facet normal -0.156236 -0.98772 0
    outer loop
      vertex 36.6948 1.38637 0
      vertex 36.7431 1.37873 3
      vertex 36.6948 1.38637 3
    endloop
  endfacet
  facet normal -0.156236 -0.98772 -0
    outer loop
      vertex 36.7431 1.37873 3
      vertex 36.6948 1.38637 0
      vertex 36.7431 1.37873 0
    endloop
  endfacet
  facet normal 0.933664 -0.358149 0
    outer loop
      vertex 35.1844 0.478827 3
      vertex 35.2019 0.524448 0
      vertex 35.2019 0.524448 3
    endloop
  endfacet
  facet normal 0.933664 -0.358149 0
    outer loop
      vertex 35.2019 0.524448 0
      vertex 35.1844 0.478827 3
      vertex 35.1844 0.478827 0
    endloop
  endfacet
  facet normal -0.706687 0.707526 0
    outer loop
      vertex 37.5071 -0.972521 0
      vertex 37.4725 -1.00708 3
      vertex 37.5071 -0.972521 3
    endloop
  endfacet
  facet normal -0.706687 0.707526 0
    outer loop
      vertex 37.4725 -1.00708 3
      vertex 37.5071 -0.972521 0
      vertex 37.4725 -1.00708 0
    endloop
  endfacet
  facet normal 0.905934 -0.42342 0
    outer loop
      vertex 35.221 0.56943 3
      vertex 35.2417 0.613719 0
      vertex 35.2417 0.613719 3
    endloop
  endfacet
  facet normal 0.905934 -0.42342 0
    outer loop
      vertex 35.2417 0.613719 0
      vertex 35.221 0.56943 3
      vertex 35.221 0.56943 0
    endloop
  endfacet
  facet normal 0.890884 0.45423 0
    outer loop
      vertex 35.2639 -0.65726 3
      vertex 35.2417 -0.613719 0
      vertex 35.2417 -0.613719 3
    endloop
  endfacet
  facet normal 0.890884 0.45423 0
    outer loop
      vertex 35.2417 -0.613719 0
      vertex 35.2639 -0.65726 3
      vertex 35.2639 -0.65726 0
    endloop
  endfacet
  facet normal -0.258682 0.965963 0
    outer loop
      vertex 36.8859 -1.34577 0
      vertex 36.8387 -1.35841 3
      vertex 36.8859 -1.34577 3
    endloop
  endfacet
  facet normal -0.258682 0.965963 0
    outer loop
      vertex 36.8387 -1.35841 3
      vertex 36.8859 -1.34577 0
      vertex 36.8387 -1.35841 0
    endloop
  endfacet
  facet normal -0.731621 -0.681711 0
    outer loop
      vertex 37.5404 0.936783 0
      vertex 37.5071 0.972521 3
      vertex 37.5071 0.972521 0
    endloop
  endfacet
  facet normal -0.731621 -0.681711 0
    outer loop
      vertex 37.5071 0.972521 3
      vertex 37.5404 0.936783 0
      vertex 37.5404 0.936783 3
    endloop
  endfacet
  facet normal -0.777678 0.628663 0
    outer loop
      vertex 37.5725 -0.899902 0
      vertex 37.6032 -0.861925 3
      vertex 37.6032 -0.861925 0
    endloop
  endfacet
  facet normal -0.777678 0.628663 0
    outer loop
      vertex 37.6032 -0.861925 3
      vertex 37.5725 -0.899902 0
      vertex 37.5725 -0.899902 3
    endloop
  endfacet
  facet normal 0.422493 -0.906366 0
    outer loop
      vertex 35.8863 1.25831 0
      vertex 35.9306 1.27896 3
      vertex 35.8863 1.25831 3
    endloop
  endfacet
  facet normal 0.422493 -0.906366 0
    outer loop
      vertex 35.9306 1.27896 3
      vertex 35.8863 1.25831 0
      vertex 35.9306 1.27896 0
    endloop
  endfacet
  facet normal 0.945577 0.325398 0
    outer loop
      vertex 35.1844 -0.478827 3
      vertex 35.1685 -0.432623 0
      vertex 35.1685 -0.432623 3
    endloop
  endfacet
  facet normal 0.945577 0.325398 0
    outer loop
      vertex 35.1685 -0.432623 0
      vertex 35.1844 -0.478827 3
      vertex 35.1844 -0.478827 0
    endloop
  endfacet
  facet normal 0.121969 0.992534 -0
    outer loop
      vertex 36.3537 -1.39233 0
      vertex 36.3052 -1.38637 3
      vertex 36.3537 -1.39233 3
    endloop
  endfacet
  facet normal 0.121969 0.992534 0
    outer loop
      vertex 36.3052 -1.38637 3
      vertex 36.3537 -1.39233 0
      vertex 36.3052 -1.38637 0
    endloop
  endfacet
  facet normal 0.857778 -0.51402 0
    outer loop
      vertex 35.2876 0.7 3
      vertex 35.3127 0.741886 0
      vertex 35.3127 0.741886 3
    endloop
  endfacet
  facet normal 0.857778 -0.51402 0
    outer loop
      vertex 35.3127 0.741886 0
      vertex 35.2876 0.7 3
      vertex 35.2876 0.7 0
    endloop
  endfacet
  facet normal 0.485295 -0.87435 0
    outer loop
      vertex 35.8 1.21243 0
      vertex 35.8427 1.23613 3
      vertex 35.8 1.21243 3
    endloop
  endfacet
  facet normal 0.485295 -0.87435 0
    outer loop
      vertex 35.8427 1.23613 3
      vertex 35.8 1.21243 0
      vertex 35.8427 1.23613 0
    endloop
  endfacet
  facet normal -0.485295 -0.87435 0
    outer loop
      vertex 37.1573 1.23613 0
      vertex 37.2 1.21243 3
      vertex 37.1573 1.23613 3
    endloop
  endfacet
  facet normal -0.485295 -0.87435 -0
    outer loop
      vertex 37.2 1.21243 3
      vertex 37.1573 1.23613 0
      vertex 37.2 1.21243 0
    endloop
  endfacet
  facet normal 0.682318 0.731055 -0
    outer loop
      vertex 35.5632 -1.0404 0
      vertex 35.5275 -1.00708 3
      vertex 35.5632 -1.0404 3
    endloop
  endfacet
  facet normal 0.682318 0.731055 0
    outer loop
      vertex 35.5275 -1.00708 3
      vertex 35.5632 -1.0404 0
      vertex 35.5275 -1.00708 0
    endloop
  endfacet
  facet normal 0.453417 -0.891298 0
    outer loop
      vertex 35.8427 1.23613 0
      vertex 35.8863 1.25831 3
      vertex 35.8427 1.23613 3
    endloop
  endfacet
  facet normal 0.453417 -0.891298 0
    outer loop
      vertex 35.8863 1.25831 3
      vertex 35.8427 1.23613 0
      vertex 35.8863 1.25831 0
    endloop
  endfacet
  facet normal 0.874543 0.484948 0
    outer loop
      vertex 35.2876 -0.7 3
      vertex 35.2639 -0.65726 0
      vertex 35.2639 -0.65726 3
    endloop
  endfacet
  facet normal 0.874543 0.484948 0
    outer loop
      vertex 35.2639 -0.65726 0
      vertex 35.2876 -0.7 3
      vertex 35.2876 -0.7 0
    endloop
  endfacet
  facet normal 0.920459 -0.39084 0
    outer loop
      vertex 35.2019 0.524448 3
      vertex 35.221 0.56943 0
      vertex 35.221 0.56943 3
    endloop
  endfacet
  facet normal 0.920459 -0.39084 0
    outer loop
      vertex 35.221 0.56943 0
      vertex 35.2019 0.524448 3
      vertex 35.2019 0.524448 0
    endloop
  endfacet
  facet normal 0.874543 -0.484948 0
    outer loop
      vertex 35.2639 0.65726 3
      vertex 35.2876 0.7 0
      vertex 35.2876 0.7 3
    endloop
  endfacet
  facet normal 0.874543 -0.484948 0
    outer loop
      vertex 35.2876 0.7 0
      vertex 35.2639 0.65726 3
      vertex 35.2639 0.65726 0
    endloop
  endfacet
  facet normal 0.98172 -0.190331 0
    outer loop
      vertex 35.1213 0.243107 3
      vertex 35.1306 0.291076 0
      vertex 35.1306 0.291076 3
    endloop
  endfacet
  facet normal 0.98172 -0.190331 0
    outer loop
      vertex 35.1306 0.291076 0
      vertex 35.1213 0.243107 3
      vertex 35.1213 0.243107 0
    endloop
  endfacet
  facet normal 0.453417 0.891298 -0
    outer loop
      vertex 35.8863 -1.25831 0
      vertex 35.8427 -1.23613 3
      vertex 35.8863 -1.25831 3
    endloop
  endfacet
  facet normal 0.453417 0.891298 0
    outer loop
      vertex 35.8427 -1.23613 3
      vertex 35.8863 -1.25831 0
      vertex 35.8427 -1.23613 0
    endloop
  endfacet
  facet normal 0.573874 0.818943 -0
    outer loop
      vertex 35.7171 -1.16065 0
      vertex 35.6771 -1.13262 3
      vertex 35.7171 -1.16065 3
    endloop
  endfacet
  facet normal 0.573874 0.818943 0
    outer loop
      vertex 35.6771 -1.13262 3
      vertex 35.7171 -1.16065 0
      vertex 35.6771 -1.13262 0
    endloop
  endfacet
  facet normal 0.890884 -0.45423 0
    outer loop
      vertex 35.2417 0.613719 3
      vertex 35.2639 0.65726 0
      vertex 35.2639 0.65726 3
    endloop
  endfacet
  facet normal 0.890884 -0.45423 0
    outer loop
      vertex 35.2639 0.65726 0
      vertex 35.2417 0.613719 3
      vertex 35.2417 0.613719 0
    endloop
  endfacet
  facet normal 0.225158 0.974322 -0
    outer loop
      vertex 36.2089 -1.36941 0
      vertex 36.1613 -1.35841 3
      vertex 36.2089 -1.36941 3
    endloop
  endfacet
  facet normal 0.225158 0.974322 0
    outer loop
      vertex 36.1613 -1.35841 3
      vertex 36.2089 -1.36941 0
      vertex 36.1613 -1.35841 0
    endloop
  endfacet
  facet normal -0.682099 -0.73126 0
    outer loop
      vertex -17.3132 32.6503 0
      vertex -17.2775 32.617 3
      vertex -17.3132 32.6503 3
    endloop
  endfacet
  facet normal -0.682099 -0.73126 -0
    outer loop
      vertex -17.2775 32.617 3
      vertex -17.3132 32.6503 0
      vertex -17.2775 32.617 0
    endloop
  endfacet
  facet normal 0.544269 -0.838911 0
    outer loop
      vertex -19.0329 32.7706 0
      vertex -18.9919 32.7972 3
      vertex -19.0329 32.7706 3
    endloop
  endfacet
  facet normal 0.544269 -0.838911 0
    outer loop
      vertex -18.9919 32.7972 3
      vertex -19.0329 32.7706 0
      vertex -18.9919 32.7972 0
    endloop
  endfacet
  facet normal 0.515398 -0.856951 0
    outer loop
      vertex -18.9919 32.7972 0
      vertex -18.95 32.8224 3
      vertex -18.9919 32.7972 3
    endloop
  endfacet
  facet normal 0.515398 -0.856951 0
    outer loop
      vertex -18.95 32.8224 3
      vertex -18.9919 32.7972 0
      vertex -18.95 32.8224 0
    endloop
  endfacet
  facet normal 0.574834 -0.81827 0
    outer loop
      vertex -19.0729 32.7425 0
      vertex -19.0329 32.7706 3
      vertex -19.0729 32.7425 3
    endloop
  endfacet
  facet normal 0.574834 -0.81827 0
    outer loop
      vertex -19.0329 32.7706 3
      vertex -19.0729 32.7425 0
      vertex -19.0329 32.7706 0
    endloop
  endfacet
  facet normal -0.0163577 -0.999866 0
    outer loop
      vertex -18.25 33.0099 0
      vertex -18.2011 33.0091 3
      vertex -18.25 33.0099 3
    endloop
  endfacet
  facet normal -0.0163577 -0.999866 -0
    outer loop
      vertex -18.2011 33.0091 3
      vertex -18.25 33.0099 0
      vertex -18.2011 33.0091 0
    endloop
  endfacet
  facet normal 0.956177 0.292791 0
    outer loop
      vertex -19.5815 31.1773 3
      vertex -19.5958 31.224 0
      vertex -19.5958 31.224 3
    endloop
  endfacet
  facet normal 0.956177 0.292791 0
    outer loop
      vertex -19.5958 31.224 0
      vertex -19.5815 31.1773 3
      vertex -19.5815 31.1773 0
    endloop
  endfacet
  facet normal 0.992682 -0.120759 0
    outer loop
      vertex -19.6423 31.7563 3
      vertex -19.6364 31.8048 0
      vertex -19.6364 31.8048 3
    endloop
  endfacet
  facet normal 0.992682 -0.120759 0
    outer loop
      vertex -19.6364 31.8048 0
      vertex -19.6423 31.7563 3
      vertex -19.6423 31.7563 0
    endloop
  endfacet
  facet normal 0.905974 0.423333 0
    outer loop
      vertex -19.5083 30.9962 3
      vertex -19.529 31.0405 0
      vertex -19.529 31.0405 3
    endloop
  endfacet
  facet normal 0.905974 0.423333 0
    outer loop
      vertex -19.529 31.0405 0
      vertex -19.5083 30.9962 3
      vertex -19.5083 30.9962 0
    endloop
  endfacet
  facet normal -0.0511624 0.99869 0
    outer loop
      vertex -18.1523 30.2133 0
      vertex -18.2011 30.2108 3
      vertex -18.1523 30.2133 3
    endloop
  endfacet
  facet normal -0.0511624 0.99869 0
    outer loop
      vertex -18.2011 30.2108 3
      vertex -18.1523 30.2133 0
      vertex -18.2011 30.2108 0
    endloop
  endfacet
  facet normal -0.992682 -0.120759 0
    outer loop
      vertex -16.8577 31.7563 0
      vertex -16.8636 31.8048 3
      vertex -16.8636 31.8048 0
    endloop
  endfacet
  facet normal -0.992682 -0.120759 0
    outer loop
      vertex -16.8636 31.8048 3
      vertex -16.8577 31.7563 0
      vertex -16.8577 31.7563 3
    endloop
  endfacet
  facet normal -0.73126 -0.682099 0
    outer loop
      vertex -17.2096 32.5467 0
      vertex -17.2429 32.5824 3
      vertex -17.2429 32.5824 0
    endloop
  endfacet
  facet normal -0.73126 -0.682099 0
    outer loop
      vertex -17.2429 32.5824 3
      vertex -17.2096 32.5467 0
      vertex -17.2096 32.5467 3
    endloop
  endfacet
  facet normal 0.933609 0.358293 0
    outer loop
      vertex -19.5481 31.0855 3
      vertex -19.5656 31.1311 0
      vertex -19.5656 31.1311 3
    endloop
  endfacet
  facet normal 0.933609 0.358293 0
    outer loop
      vertex -19.5656 31.1311 0
      vertex -19.5481 31.0855 3
      vertex -19.5481 31.0855 0
    endloop
  endfacet
  facet normal -0.515398 0.856951 0
    outer loop
      vertex -17.5081 30.4227 0
      vertex -17.55 30.3975 3
      vertex -17.5081 30.4227 3
    endloop
  endfacet
  facet normal -0.515398 0.856951 0
    outer loop
      vertex -17.55 30.3975 3
      vertex -17.5081 30.4227 0
      vertex -17.55 30.3975 0
    endloop
  endfacet
  facet normal 0.0881331 0.996109 -0
    outer loop
      vertex -18.3477 30.2133 0
      vertex -18.3963 30.2176 3
      vertex -18.3477 30.2133 3
    endloop
  endfacet
  facet normal 0.0881331 0.996109 0
    outer loop
      vertex -18.3963 30.2176 3
      vertex -18.3477 30.2133 0
      vertex -18.3963 30.2176 0
    endloop
  endfacet
  facet normal 0.0532032 -0.998584 0
    outer loop
      vertex -18.3477 33.0065 0
      vertex -18.2989 33.0091 3
      vertex -18.3477 33.0065 3
    endloop
  endfacet
  facet normal 0.0532032 -0.998584 0
    outer loop
      vertex -18.2989 33.0091 3
      vertex -18.3477 33.0065 0
      vertex -18.2989 33.0091 0
    endloop
  endfacet
  facet normal 0.87435 -0.485295 0
    outer loop
      vertex -19.4861 32.2672 3
      vertex -19.4624 32.3099 0
      vertex -19.4624 32.3099 3
    endloop
  endfacet
  facet normal 0.87435 -0.485295 0
    outer loop
      vertex -19.4624 32.3099 0
      vertex -19.4861 32.2672 3
      vertex -19.4861 32.2672 0
    endloop
  endfacet
  facet normal -0.155437 -0.987846 0
    outer loop
      vertex -18.0552 32.9963 0
      vertex -18.0069 32.9887 3
      vertex -18.0552 32.9963 3
    endloop
  endfacet
  facet normal -0.155437 -0.987846 -0
    outer loop
      vertex -18.0069 32.9887 3
      vertex -18.0552 32.9963 0
      vertex -18.0069 32.9887 0
    endloop
  endfacet
  facet normal 0.155437 0.987846 -0
    outer loop
      vertex -18.4448 30.2236 0
      vertex -18.4931 30.2312 3
      vertex -18.4448 30.2236 3
    endloop
  endfacet
  facet normal 0.155437 0.987846 0
    outer loop
      vertex -18.4931 30.2312 3
      vertex -18.4448 30.2236 0
      vertex -18.4931 30.2312 0
    endloop
  endfacet
  facet normal -0.656331 -0.754473 0
    outer loop
      vertex -17.3501 32.6824 0
      vertex -17.3132 32.6503 3
      vertex -17.3501 32.6824 3
    endloop
  endfacet
  facet normal -0.656331 -0.754473 -0
    outer loop
      vertex -17.3132 32.6503 3
      vertex -17.3501 32.6824 0
      vertex -17.3132 32.6503 0
    endloop
  endfacet
  facet normal -0.754473 0.656331 0
    outer loop
      vertex -17.2096 30.6731 0
      vertex -17.1775 30.71 3
      vertex -17.1775 30.71 0
    endloop
  endfacet
  facet normal -0.754473 0.656331 0
    outer loop
      vertex -17.1775 30.71 3
      vertex -17.2096 30.6731 0
      vertex -17.2096 30.6731 3
    endloop
  endfacet
  facet normal -0.933609 -0.358293 0
    outer loop
      vertex -16.9344 32.0888 0
      vertex -16.9519 32.1344 3
      vertex -16.9519 32.1344 0
    endloop
  endfacet
  facet normal -0.933609 -0.358293 0
    outer loop
      vertex -16.9519 32.1344 3
      vertex -16.9344 32.0888 0
      vertex -16.9344 32.0888 3
    endloop
  endfacet
  facet normal -0.945785 -0.324794 0
    outer loop
      vertex -16.9185 32.0425 0
      vertex -16.9344 32.0888 3
      vertex -16.9344 32.0888 0
    endloop
  endfacet
  facet normal -0.945785 -0.324794 0
    outer loop
      vertex -16.9344 32.0888 3
      vertex -16.9185 32.0425 0
      vertex -16.9185 32.0425 3
    endloop
  endfacet
  facet normal -0.996125 0.0879535 0
    outer loop
      vertex -16.8577 31.4636 0
      vertex -16.8534 31.5123 3
      vertex -16.8534 31.5123 0
    endloop
  endfacet
  facet normal -0.996125 0.0879535 0
    outer loop
      vertex -16.8534 31.5123 3
      vertex -16.8577 31.4636 0
      vertex -16.8577 31.4636 3
    endloop
  endfacet
  facet normal -0.706083 0.708129 0
    outer loop
      vertex -17.2775 30.6029 0
      vertex -17.2429 30.6374 3
      vertex -17.2429 30.6374 0
    endloop
  endfacet
  facet normal -0.706083 0.708129 0
    outer loop
      vertex -17.2429 30.6374 3
      vertex -17.2775 30.6029 0
      vertex -17.2775 30.6029 3
    endloop
  endfacet
  facet normal -0.99869 0.0511624 0
    outer loop
      vertex -16.8534 31.5123 0
      vertex -16.8509 31.5611 3
      vertex -16.8509 31.5611 0
    endloop
  endfacet
  facet normal -0.99869 0.0511624 0
    outer loop
      vertex -16.8509 31.5611 3
      vertex -16.8534 31.5123 0
      vertex -16.8534 31.5123 3
    endloop
  endfacet
  facet normal 0.682099 -0.73126 0
    outer loop
      vertex -19.2225 32.617 0
      vertex -19.1868 32.6503 3
      vertex -19.2225 32.617 3
    endloop
  endfacet
  facet normal 0.682099 -0.73126 0
    outer loop
      vertex -19.1868 32.6503 3
      vertex -19.2225 32.617 0
      vertex -19.1868 32.6503 0
    endloop
  endfacet
  facet normal 0.325423 -0.945569 0
    outer loop
      vertex -18.7288 32.9255 0
      vertex -18.6826 32.9414 3
      vertex -18.7288 32.9255 3
    endloop
  endfacet
  facet normal 0.325423 -0.945569 0
    outer loop
      vertex -18.6826 32.9414 3
      vertex -18.7288 32.9255 0
      vertex -18.6826 32.9414 0
    endloop
  endfacet
  facet normal 0.327251 0.944937 -0
    outer loop
      vertex -18.6826 30.2784 0
      vertex -18.7288 30.2944 3
      vertex -18.6826 30.2784 3
    endloop
  endfacet
  facet normal 0.327251 0.944937 0
    outer loop
      vertex -18.7288 30.2944 3
      vertex -18.6826 30.2784 0
      vertex -18.7288 30.2944 0
    endloop
  endfacet
  facet normal 0.890711 0.45457 0
    outer loop
      vertex -19.4861 30.9527 3
      vertex -19.5083 30.9962 0
      vertex -19.5083 30.9962 3
    endloop
  endfacet
  facet normal 0.890711 0.45457 0
    outer loop
      vertex -19.5083 30.9962 0
      vertex -19.4861 30.9527 3
      vertex -19.4861 30.9527 0
    endloop
  endfacet
  facet normal 0.956177 -0.292791 0
    outer loop
      vertex -19.5958 31.9958 3
      vertex -19.5815 32.0425 0
      vertex -19.5815 32.0425 3
    endloop
  endfacet
  facet normal 0.956177 -0.292791 0
    outer loop
      vertex -19.5815 32.0425 0
      vertex -19.5958 31.9958 3
      vertex -19.5958 31.9958 0
    endloop
  endfacet
  facet normal -0.857854 -0.513893 0
    outer loop
      vertex -17.0376 32.3099 0
      vertex -17.0627 32.3518 3
      vertex -17.0627 32.3518 0
    endloop
  endfacet
  facet normal -0.857854 -0.513893 0
    outer loop
      vertex -17.0627 32.3518 3
      vertex -17.0376 32.3099 0
      vertex -17.0376 32.3099 3
    endloop
  endfacet
  facet normal 0.73126 -0.682099 0
    outer loop
      vertex -19.2904 32.5467 3
      vertex -19.2571 32.5824 0
      vertex -19.2571 32.5824 3
    endloop
  endfacet
  facet normal 0.73126 -0.682099 0
    outer loop
      vertex -19.2571 32.5824 0
      vertex -19.2904 32.5467 3
      vertex -19.2904 32.5467 0
    endloop
  endfacet
  facet normal 0.485295 -0.87435 0
    outer loop
      vertex -18.95 32.8224 0
      vertex -18.9073 32.8461 3
      vertex -18.95 32.8224 3
    endloop
  endfacet
  facet normal 0.485295 -0.87435 0
    outer loop
      vertex -18.9073 32.8461 3
      vertex -18.95 32.8224 0
      vertex -18.9073 32.8461 0
    endloop
  endfacet
  facet normal -0.956177 0.292791 0
    outer loop
      vertex -16.9185 31.1773 0
      vertex -16.9042 31.224 3
      vertex -16.9042 31.224 0
    endloop
  endfacet
  facet normal -0.956177 0.292791 0
    outer loop
      vertex -16.9042 31.224 3
      vertex -16.9185 31.1773 0
      vertex -16.9185 31.1773 3
    endloop
  endfacet
  facet normal -0.655164 0.755486 0
    outer loop
      vertex -17.3132 30.5695 0
      vertex -17.3501 30.5375 3
      vertex -17.3132 30.5695 3
    endloop
  endfacet
  facet normal -0.655164 0.755486 0
    outer loop
      vertex -17.3501 30.5375 3
      vertex -17.3132 30.5695 0
      vertex -17.3501 30.5375 0
    endloop
  endfacet
  facet normal -0.798523 0.601964 0
    outer loop
      vertex -17.1468 30.748 0
      vertex -17.1174 30.787 3
      vertex -17.1174 30.787 0
    endloop
  endfacet
  facet normal -0.798523 0.601964 0
    outer loop
      vertex -17.1174 30.787 3
      vertex -17.1468 30.748 0
      vertex -17.1468 30.748 3
    endloop
  endfacet
  facet normal -0.966167 -0.257917 0
    outer loop
      vertex -16.8916 31.9486 0
      vertex -16.9042 31.9958 3
      vertex -16.9042 31.9958 0
    endloop
  endfacet
  facet normal -0.966167 -0.257917 0
    outer loop
      vertex -16.9042 31.9958 3
      vertex -16.8916 31.9486 0
      vertex -16.8916 31.9486 3
    endloop
  endfacet
  facet normal 0.421652 0.906758 -0
    outer loop
      vertex -18.8194 30.331 0
      vertex -18.8637 30.3516 3
      vertex -18.8194 30.331 3
    endloop
  endfacet
  facet normal 0.421652 0.906758 0
    outer loop
      vertex -18.8637 30.3516 3
      vertex -18.8194 30.331 0
      vertex -18.8637 30.3516 0
    endloop
  endfacet
  facet normal 0.0860988 -0.996287 0
    outer loop
      vertex -18.3963 33.0023 0
      vertex -18.3477 33.0065 3
      vertex -18.3963 33.0023 3
    endloop
  endfacet
  facet normal 0.0860988 -0.996287 0
    outer loop
      vertex -18.3477 33.0065 3
      vertex -18.3963 33.0023 0
      vertex -18.3477 33.0065 0
    endloop
  endfacet
  facet normal 0.838303 0.545204 0
    outer loop
      vertex -19.4107 30.8271 3
      vertex -19.4373 30.868 0
      vertex -19.4373 30.868 3
    endloop
  endfacet
  facet normal 0.838303 0.545204 0
    outer loop
      vertex -19.4373 30.868 0
      vertex -19.4107 30.8271 3
      vertex -19.4107 30.8271 0
    endloop
  endfacet
  facet normal 0.966167 -0.257917 0
    outer loop
      vertex -19.6084 31.9486 3
      vertex -19.5958 31.9958 0
      vertex -19.5958 31.9958 3
    endloop
  endfacet
  facet normal 0.966167 -0.257917 0
    outer loop
      vertex -19.5958 31.9958 0
      vertex -19.6084 31.9486 3
      vertex -19.6084 31.9486 0
    endloop
  endfacet
  facet normal -0.920515 0.390707 0
    outer loop
      vertex -16.971 31.0405 0
      vertex -16.9519 31.0855 3
      vertex -16.9519 31.0855 0
    endloop
  endfacet
  facet normal -0.920515 0.390707 0
    outer loop
      vertex -16.9519 31.0855 3
      vertex -16.971 31.0405 0
      vertex -16.971 31.0405 3
    endloop
  endfacet
  facet normal 0.798523 0.601964 0
    outer loop
      vertex -19.3532 30.748 3
      vertex -19.3826 30.787 0
      vertex -19.3826 30.787 3
    endloop
  endfacet
  facet normal 0.798523 0.601964 0
    outer loop
      vertex -19.3826 30.787 0
      vertex -19.3532 30.748 3
      vertex -19.3532 30.748 0
    endloop
  endfacet
  facet normal -0.515398 -0.856951 0
    outer loop
      vertex -17.55 32.8224 0
      vertex -17.5081 32.7972 3
      vertex -17.55 32.8224 3
    endloop
  endfacet
  facet normal -0.515398 -0.856951 -0
    outer loop
      vertex -17.5081 32.7972 3
      vertex -17.55 32.8224 0
      vertex -17.5081 32.7972 0
    endloop
  endfacet
  facet normal 0.707107 -0.707107 0
    outer loop
      vertex -19.2571 32.5824 3
      vertex -19.2225 32.617 0
      vertex -19.2225 32.617 3
    endloop
  endfacet
  facet normal 0.707107 -0.707107 0
    outer loop
      vertex -19.2225 32.617 0
      vertex -19.2571 32.5824 3
      vertex -19.2571 32.5824 0
    endloop
  endfacet
  facet normal 0.996125 -0.0879535 0
    outer loop
      vertex -19.6466 31.7076 3
      vertex -19.6423 31.7563 0
      vertex -19.6423 31.7563 3
    endloop
  endfacet
  facet normal 0.996125 -0.0879535 0
    outer loop
      vertex -19.6423 31.7563 0
      vertex -19.6466 31.7076 3
      vertex -19.6466 31.7076 0
    endloop
  endfacet
  facet normal 0.390707 -0.920515 0
    outer loop
      vertex -18.8194 32.8889 0
      vertex -18.7744 32.908 3
      vertex -18.8194 32.8889 3
    endloop
  endfacet
  facet normal 0.390707 -0.920515 0
    outer loop
      vertex -18.7744 32.908 3
      vertex -18.8194 32.8889 0
      vertex -18.7744 32.908 0
    endloop
  endfacet
  facet normal 0.423333 -0.905974 0
    outer loop
      vertex -18.8637 32.8682 0
      vertex -18.8194 32.8889 3
      vertex -18.8637 32.8682 3
    endloop
  endfacet
  facet normal 0.423333 -0.905974 0
    outer loop
      vertex -18.8194 32.8889 3
      vertex -18.8637 32.8682 0
      vertex -18.8194 32.8889 0
    endloop
  endfacet
  facet normal 0.857854 -0.513893 0
    outer loop
      vertex -19.4624 32.3099 3
      vertex -19.4373 32.3518 0
      vertex -19.4373 32.3518 3
    endloop
  endfacet
  facet normal 0.857854 -0.513893 0
    outer loop
      vertex -19.4373 32.3518 0
      vertex -19.4624 32.3099 3
      vertex -19.4624 32.3099 0
    endloop
  endfacet
  facet normal -0.358293 0.933609 0
    outer loop
      vertex -17.7256 30.3119 0
      vertex -17.7712 30.2944 3
      vertex -17.7256 30.3119 3
    endloop
  endfacet
  facet normal -0.358293 0.933609 0
    outer loop
      vertex -17.7712 30.2944 3
      vertex -17.7256 30.3119 0
      vertex -17.7712 30.2944 0
    endloop
  endfacet
  facet normal 0.358293 0.933609 -0
    outer loop
      vertex -18.7288 30.2944 0
      vertex -18.7744 30.3119 3
      vertex -18.7288 30.2944 3
    endloop
  endfacet
  facet normal 0.358293 0.933609 0
    outer loop
      vertex -18.7744 30.3119 3
      vertex -18.7288 30.2944 0
      vertex -18.7744 30.3119 0
    endloop
  endfacet
  facet normal -0.73126 0.682099 0
    outer loop
      vertex -17.2429 30.6374 0
      vertex -17.2096 30.6731 3
      vertex -17.2096 30.6731 0
    endloop
  endfacet
  facet normal -0.73126 0.682099 0
    outer loop
      vertex -17.2096 30.6731 3
      vertex -17.2429 30.6374 0
      vertex -17.2429 30.6374 3
    endloop
  endfacet
  facet normal 0.974322 -0.225158 0
    outer loop
      vertex -19.6194 31.901 3
      vertex -19.6084 31.9486 0
      vertex -19.6084 31.9486 3
    endloop
  endfacet
  facet normal 0.974322 -0.225158 0
    outer loop
      vertex -19.6084 31.9486 0
      vertex -19.6194 31.901 3
      vertex -19.6194 31.901 0
    endloop
  endfacet
  facet normal 0.225158 -0.974322 0
    outer loop
      vertex -18.5887 32.9683 0
      vertex -18.5411 32.9793 3
      vertex -18.5887 32.9683 3
    endloop
  endfacet
  facet normal 0.225158 -0.974322 0
    outer loop
      vertex -18.5411 32.9793 3
      vertex -18.5887 32.9683 0
      vertex -18.5411 32.9793 0
    endloop
  endfacet
  facet normal -0.544269 0.838911 0
    outer loop
      vertex -17.4671 30.4493 0
      vertex -17.5081 30.4227 3
      vertex -17.4671 30.4493 3
    endloop
  endfacet
  facet normal -0.544269 0.838911 0
    outer loop
      vertex -17.5081 30.4227 3
      vertex -17.4671 30.4493 0
      vertex -17.5081 30.4227 0
    endloop
  endfacet
  facet normal -0.98753 0.157432 0
    outer loop
      vertex -16.8713 31.3668 0
      vertex -16.8636 31.4151 3
      vertex -16.8636 31.4151 0
    endloop
  endfacet
  facet normal -0.98753 0.157432 0
    outer loop
      vertex -16.8636 31.4151 3
      vertex -16.8713 31.3668 0
      vertex -16.8713 31.3668 3
    endloop
  endfacet
  facet normal 0.706083 0.708129 -0
    outer loop
      vertex -19.2225 30.6029 0
      vertex -19.2571 30.6374 3
      vertex -19.2225 30.6029 3
    endloop
  endfacet
  facet normal 0.706083 0.708129 0
    outer loop
      vertex -19.2571 30.6374 3
      vertex -19.2225 30.6029 0
      vertex -19.2571 30.6374 0
    endloop
  endfacet
  facet normal -0.799264 -0.600981 0
    outer loop
      vertex -17.1174 32.4328 0
      vertex -17.1468 32.4719 3
      vertex -17.1468 32.4719 0
    endloop
  endfacet
  facet normal -0.799264 -0.600981 0
    outer loop
      vertex -17.1468 32.4719 3
      vertex -17.1174 32.4328 0
      vertex -17.1174 32.4328 3
    endloop
  endfacet
  facet normal 0.73126 0.682099 0
    outer loop
      vertex -19.2571 30.6374 3
      vertex -19.2904 30.6731 0
      vertex -19.2904 30.6731 3
    endloop
  endfacet
  facet normal 0.73126 0.682099 0
    outer loop
      vertex -19.2904 30.6731 0
      vertex -19.2571 30.6374 3
      vertex -19.2571 30.6374 0
    endloop
  endfacet
  facet normal -0.81827 -0.574834 0
    outer loop
      vertex -17.0893 32.3928 0
      vertex -17.1174 32.4328 3
      vertex -17.1174 32.4328 0
    endloop
  endfacet
  facet normal -0.81827 -0.574834 0
    outer loop
      vertex -17.1174 32.4328 3
      vertex -17.0893 32.3928 0
      vertex -17.0893 32.3928 3
    endloop
  endfacet
  facet normal -0.629669 0.776864 0
    outer loop
      vertex -17.3501 30.5375 0
      vertex -17.3881 30.5067 3
      vertex -17.3501 30.5375 3
    endloop
  endfacet
  facet normal -0.629669 0.776864 0
    outer loop
      vertex -17.3881 30.5067 3
      vertex -17.3501 30.5375 0
      vertex -17.3881 30.5067 0
    endloop
  endfacet
  facet normal 0.99869 0.0511624 0
    outer loop
      vertex -19.6466 31.5123 3
      vertex -19.6491 31.5611 0
      vertex -19.6491 31.5611 3
    endloop
  endfacet
  facet normal 0.99869 0.0511624 0
    outer loop
      vertex -19.6491 31.5611 0
      vertex -19.6466 31.5123 3
      vertex -19.6466 31.5123 0
    endloop
  endfacet
  facet normal 0.920515 0.390707 0
    outer loop
      vertex -19.529 31.0405 3
      vertex -19.5481 31.0855 0
      vertex -19.5481 31.0855 3
    endloop
  endfacet
  facet normal 0.920515 0.390707 0
    outer loop
      vertex -19.5481 31.0855 0
      vertex -19.529 31.0405 3
      vertex -19.529 31.0405 0
    endloop
  endfacet
  facet normal -0.192183 -0.981359 0
    outer loop
      vertex -18.0069 32.9887 0
      vertex -17.9589 32.9793 3
      vertex -18.0069 32.9887 3
    endloop
  endfacet
  facet normal -0.192183 -0.981359 -0
    outer loop
      vertex -17.9589 32.9793 3
      vertex -18.0069 32.9887 0
      vertex -17.9589 32.9793 0
    endloop
  endfacet
  facet normal 0.874831 0.484428 0
    outer loop
      vertex -19.4624 30.9099 3
      vertex -19.4861 30.9527 0
      vertex -19.4861 30.9527 3
    endloop
  endfacet
  facet normal 0.874831 0.484428 0
    outer loop
      vertex -19.4861 30.9527 0
      vertex -19.4624 30.9099 3
      vertex -19.4624 30.9099 0
    endloop
  endfacet
  facet normal -0.453742 0.891133 0
    outer loop
      vertex -17.5927 30.3738 0
      vertex -17.6363 30.3516 3
      vertex -17.5927 30.3738 3
    endloop
  endfacet
  facet normal -0.453742 0.891133 0
    outer loop
      vertex -17.6363 30.3516 3
      vertex -17.5927 30.3738 0
      vertex -17.6363 30.3516 0
    endloop
  endfacet
  facet normal 0.601964 -0.798523 0
    outer loop
      vertex -19.1119 32.7131 0
      vertex -19.0729 32.7425 3
      vertex -19.1119 32.7131 3
    endloop
  endfacet
  facet normal 0.601964 -0.798523 0
    outer loop
      vertex -19.0729 32.7425 3
      vertex -19.1119 32.7131 0
      vertex -19.0729 32.7425 0
    endloop
  endfacet
  facet normal -0.905974 0.423333 0
    outer loop
      vertex -16.9917 30.9962 0
      vertex -16.971 31.0405 3
      vertex -16.971 31.0405 0
    endloop
  endfacet
  facet normal -0.905974 0.423333 0
    outer loop
      vertex -16.971 31.0405 3
      vertex -16.9917 30.9962 0
      vertex -16.9917 30.9962 3
    endloop
  endfacet
  facet normal -0.838911 -0.544269 0
    outer loop
      vertex -17.0627 32.3518 0
      vertex -17.0893 32.3928 3
      vertex -17.0893 32.3928 0
    endloop
  endfacet
  facet normal -0.838911 -0.544269 0
    outer loop
      vertex -17.0893 32.3928 3
      vertex -17.0627 32.3518 0
      vertex -17.0627 32.3518 3
    endloop
  endfacet
  facet normal 0.0184018 0.999831 -0
    outer loop
      vertex -18.25 30.2099 0
      vertex -18.2989 30.2108 3
      vertex -18.25 30.2099 3
    endloop
  endfacet
  facet normal 0.0184018 0.999831 0
    outer loop
      vertex -18.2989 30.2108 3
      vertex -18.25 30.2099 0
      vertex -18.2989 30.2108 0
    endloop
  endfacet
  facet normal -0.920515 -0.390707 0
    outer loop
      vertex -16.9519 32.1344 0
      vertex -16.971 32.1794 3
      vertex -16.971 32.1794 0
    endloop
  endfacet
  facet normal -0.920515 -0.390707 0
    outer loop
      vertex -16.971 32.1794 3
      vertex -16.9519 32.1344 0
      vertex -16.9519 32.1344 3
    endloop
  endfacet
  facet normal -0.777054 -0.629434 0
    outer loop
      vertex -17.1468 32.4719 0
      vertex -17.1775 32.5098 3
      vertex -17.1775 32.5098 0
    endloop
  endfacet
  facet normal -0.777054 -0.629434 0
    outer loop
      vertex -17.1775 32.5098 3
      vertex -17.1468 32.4719 0
      vertex -17.1468 32.4719 3
    endloop
  endfacet
  facet normal 0.966167 0.257917 0
    outer loop
      vertex -19.5958 31.224 3
      vertex -19.6084 31.2712 0
      vertex -19.6084 31.2712 3
    endloop
  endfacet
  facet normal 0.966167 0.257917 0
    outer loop
      vertex -19.6084 31.2712 0
      vertex -19.5958 31.224 3
      vertex -19.5958 31.224 0
    endloop
  endfacet
  facet normal -0.452117 -0.891959 0
    outer loop
      vertex -17.6363 32.8682 0
      vertex -17.5927 32.8461 3
      vertex -17.6363 32.8682 3
    endloop
  endfacet
  facet normal -0.452117 -0.891959 -0
    outer loop
      vertex -17.5927 32.8461 3
      vertex -17.6363 32.8682 0
      vertex -17.5927 32.8461 0
    endloop
  endfacet
  facet normal 0.192183 -0.981359 0
    outer loop
      vertex -18.5411 32.9793 0
      vertex -18.4931 32.9887 3
      vertex -18.5411 32.9793 3
    endloop
  endfacet
  facet normal 0.192183 -0.981359 0
    outer loop
      vertex -18.4931 32.9887 3
      vertex -18.5411 32.9793 0
      vertex -18.4931 32.9887 0
    endloop
  endfacet
  facet normal 0.981743 -0.190213 0
    outer loop
      vertex -19.6287 31.853 3
      vertex -19.6194 31.901 0
      vertex -19.6194 31.901 3
    endloop
  endfacet
  facet normal 0.981743 -0.190213 0
    outer loop
      vertex -19.6194 31.901 0
      vertex -19.6287 31.853 3
      vertex -19.6287 31.853 0
    endloop
  endfacet
  facet normal 0.0163577 -0.999866 0
    outer loop
      vertex -18.2989 33.0091 0
      vertex -18.25 33.0099 3
      vertex -18.2989 33.0091 3
    endloop
  endfacet
  facet normal 0.0163577 -0.999866 0
    outer loop
      vertex -18.25 33.0099 3
      vertex -18.2989 33.0091 0
      vertex -18.25 33.0099 0
    endloop
  endfacet
  facet normal 0.777864 0.628432 0
    outer loop
      vertex -19.3225 30.71 3
      vertex -19.3532 30.748 0
      vertex -19.3532 30.748 3
    endloop
  endfacet
  facet normal 0.777864 0.628432 0
    outer loop
      vertex -19.3532 30.748 0
      vertex -19.3225 30.71 3
      vertex -19.3225 30.71 0
    endloop
  endfacet
  facet normal -0.628432 -0.777864 0
    outer loop
      vertex -17.3881 32.7131 0
      vertex -17.3501 32.6824 3
      vertex -17.3881 32.7131 3
    endloop
  endfacet
  facet normal -0.628432 -0.777864 -0
    outer loop
      vertex -17.3501 32.6824 3
      vertex -17.3881 32.7131 0
      vertex -17.3501 32.6824 0
    endloop
  endfacet
  facet normal 0.190213 0.981743 -0
    outer loop
      vertex -18.4931 30.2312 0
      vertex -18.5411 30.2405 3
      vertex -18.4931 30.2312 3
    endloop
  endfacet
  facet normal 0.190213 0.981743 0
    outer loop
      vertex -18.5411 30.2405 3
      vertex -18.4931 30.2312 0
      vertex -18.5411 30.2405 0
    endloop
  endfacet
  facet normal 0.996125 0.0879535 0
    outer loop
      vertex -19.6423 31.4636 3
      vertex -19.6466 31.5123 0
      vertex -19.6466 31.5123 3
    endloop
  endfacet
  facet normal 0.996125 0.0879535 0
    outer loop
      vertex -19.6466 31.5123 0
      vertex -19.6423 31.4636 3
      vertex -19.6423 31.4636 0
    endloop
  endfacet
  facet normal -0.992682 0.120759 0
    outer loop
      vertex -16.8636 31.4151 0
      vertex -16.8577 31.4636 3
      vertex -16.8577 31.4636 0
    endloop
  endfacet
  facet normal -0.992682 0.120759 0
    outer loop
      vertex -16.8577 31.4636 3
      vertex -16.8636 31.4151 0
      vertex -16.8636 31.4151 3
    endloop
  endfacet
  facet normal 0.857854 0.513893 0
    outer loop
      vertex -19.4373 30.868 3
      vertex -19.4624 30.9099 0
      vertex -19.4624 30.9099 3
    endloop
  endfacet
  facet normal 0.857854 0.513893 0
    outer loop
      vertex -19.4624 30.9099 0
      vertex -19.4373 30.868 3
      vertex -19.4373 30.868 0
    endloop
  endfacet
  facet normal 0.99869 -0.0511624 0
    outer loop
      vertex -19.6491 31.6588 3
      vertex -19.6466 31.7076 0
      vertex -19.6466 31.7076 3
    endloop
  endfacet
  facet normal 0.99869 -0.0511624 0
    outer loop
      vertex -19.6466 31.7076 0
      vertex -19.6491 31.6588 3
      vertex -19.6491 31.6588 0
    endloop
  endfacet
  facet normal 0.0511624 0.99869 -0
    outer loop
      vertex -18.2989 30.2108 0
      vertex -18.3477 30.2133 3
      vertex -18.2989 30.2108 3
    endloop
  endfacet
  facet normal 0.0511624 0.99869 0
    outer loop
      vertex -18.3477 30.2133 3
      vertex -18.2989 30.2108 0
      vertex -18.3477 30.2133 0
    endloop
  endfacet
  facet normal 0.656331 -0.754473 0
    outer loop
      vertex -19.1868 32.6503 0
      vertex -19.1499 32.6824 3
      vertex -19.1868 32.6503 3
    endloop
  endfacet
  facet normal 0.656331 -0.754473 0
    outer loop
      vertex -19.1499 32.6824 3
      vertex -19.1868 32.6503 0
      vertex -19.1499 32.6824 0
    endloop
  endfacet
  facet normal 0.122775 -0.992434 0
    outer loop
      vertex -18.4448 32.9963 0
      vertex -18.3963 33.0023 3
      vertex -18.4448 32.9963 3
    endloop
  endfacet
  facet normal 0.122775 -0.992434 0
    outer loop
      vertex -18.3963 33.0023 3
      vertex -18.4448 32.9963 0
      vertex -18.3963 33.0023 0
    endloop
  endfacet
  facet normal -0.573462 0.819232 0
    outer loop
      vertex -17.4271 30.4773 0
      vertex -17.4671 30.4493 3
      vertex -17.4271 30.4773 3
    endloop
  endfacet
  facet normal -0.573462 0.819232 0
    outer loop
      vertex -17.4671 30.4493 3
      vertex -17.4271 30.4773 0
      vertex -17.4671 30.4493 0
    endloop
  endfacet
  facet normal -0.122775 -0.992434 0
    outer loop
      vertex -18.1037 33.0023 0
      vertex -18.0552 32.9963 3
      vertex -18.1037 33.0023 3
    endloop
  endfacet
  facet normal -0.122775 -0.992434 -0
    outer loop
      vertex -18.0552 32.9963 3
      vertex -18.1037 33.0023 0
      vertex -18.0552 32.9963 0
    endloop
  endfacet
  facet normal -0.390707 -0.920515 0
    outer loop
      vertex -17.7256 32.908 0
      vertex -17.6806 32.8889 3
      vertex -17.7256 32.908 3
    endloop
  endfacet
  facet normal -0.390707 -0.920515 -0
    outer loop
      vertex -17.6806 32.8889 3
      vertex -17.7256 32.908 0
      vertex -17.6806 32.8889 0
    endloop
  endfacet
  facet normal -0.290917 0.956748 0
    outer loop
      vertex -17.8174 30.2784 0
      vertex -17.8641 30.2642 3
      vertex -17.8174 30.2784 3
    endloop
  endfacet
  facet normal -0.290917 0.956748 0
    outer loop
      vertex -17.8641 30.2642 3
      vertex -17.8174 30.2784 0
      vertex -17.8641 30.2642 0
    endloop
  endfacet
  facet normal 0.257917 -0.966167 0
    outer loop
      vertex -18.6359 32.9557 0
      vertex -18.5887 32.9683 3
      vertex -18.6359 32.9557 3
    endloop
  endfacet
  facet normal 0.257917 -0.966167 0
    outer loop
      vertex -18.5887 32.9683 3
      vertex -18.6359 32.9557 0
      vertex -18.5887 32.9683 0
    endloop
  endfacet
  facet normal 0.818944 0.573873 0
    outer loop
      vertex -19.3826 30.787 3
      vertex -19.4107 30.8271 0
      vertex -19.4107 30.8271 3
    endloop
  endfacet
  facet normal 0.818944 0.573873 0
    outer loop
      vertex -19.4107 30.8271 0
      vertex -19.3826 30.787 3
      vertex -19.3826 30.787 0
    endloop
  endfacet
  facet normal -0.999831 -0.0184018 0
    outer loop
      vertex -16.85 31.6099 0
      vertex -16.8509 31.6588 3
      vertex -16.8509 31.6588 0
    endloop
  endfacet
  facet normal -0.999831 -0.0184018 0
    outer loop
      vertex -16.8509 31.6588 3
      vertex -16.85 31.6099 0
      vertex -16.85 31.6099 3
    endloop
  endfacet
  facet normal 0.987479 -0.157751 0
    outer loop
      vertex -19.6364 31.8048 3
      vertex -19.6287 31.853 0
      vertex -19.6287 31.853 3
    endloop
  endfacet
  facet normal 0.987479 -0.157751 0
    outer loop
      vertex -19.6287 31.853 0
      vertex -19.6364 31.8048 3
      vertex -19.6364 31.8048 0
    endloop
  endfacet
  facet normal 0.655164 0.755486 -0
    outer loop
      vertex -19.1499 30.5375 0
      vertex -19.1868 30.5695 3
      vertex -19.1499 30.5375 3
    endloop
  endfacet
  facet normal 0.655164 0.755486 0
    outer loop
      vertex -19.1868 30.5695 3
      vertex -19.1499 30.5375 0
      vertex -19.1868 30.5695 0
    endloop
  endfacet
  facet normal -0.890711 0.45457 0
    outer loop
      vertex -17.0139 30.9527 0
      vertex -16.9917 30.9962 3
      vertex -16.9917 30.9962 0
    endloop
  endfacet
  facet normal -0.890711 0.45457 0
    outer loop
      vertex -16.9917 30.9962 3
      vertex -17.0139 30.9527 0
      vertex -17.0139 30.9527 3
    endloop
  endfacet
  facet normal -0.754473 -0.656331 0
    outer loop
      vertex -17.1775 32.5098 0
      vertex -17.2096 32.5467 3
      vertex -17.2096 32.5467 0
    endloop
  endfacet
  facet normal -0.754473 -0.656331 0
    outer loop
      vertex -17.2096 32.5467 3
      vertex -17.1775 32.5098 0
      vertex -17.1775 32.5098 3
    endloop
  endfacet
  facet normal 0.259827 0.965655 -0
    outer loop
      vertex -18.5887 30.2515 0
      vertex -18.6359 30.2642 3
      vertex -18.5887 30.2515 3
    endloop
  endfacet
  facet normal 0.259827 0.965655 0
    outer loop
      vertex -18.6359 30.2642 3
      vertex -18.5887 30.2515 0
      vertex -18.6359 30.2642 0
    endloop
  endfacet
  facet normal -0.905607 -0.424119 0
    outer loop
      vertex -16.971 32.1794 0
      vertex -16.9917 32.2236 3
      vertex -16.9917 32.2236 0
    endloop
  endfacet
  facet normal -0.905607 -0.424119 0
    outer loop
      vertex -16.9917 32.2236 3
      vertex -16.971 32.1794 0
      vertex -16.971 32.1794 3
    endloop
  endfacet
  facet normal -0.981743 -0.190213 0
    outer loop
      vertex -16.8713 31.853 0
      vertex -16.8806 31.901 3
      vertex -16.8806 31.901 0
    endloop
  endfacet
  facet normal -0.981743 -0.190213 0
    outer loop
      vertex -16.8806 31.901 3
      vertex -16.8713 31.853 0
      vertex -16.8713 31.853 3
    endloop
  endfacet
  facet normal 0.292791 -0.956177 0
    outer loop
      vertex -18.6826 32.9414 0
      vertex -18.6359 32.9557 3
      vertex -18.6826 32.9414 3
    endloop
  endfacet
  facet normal 0.292791 -0.956177 0
    outer loop
      vertex -18.6359 32.9557 3
      vertex -18.6826 32.9414 0
      vertex -18.6359 32.9557 0
    endloop
  endfacet
  facet normal 0.628432 -0.777864 0
    outer loop
      vertex -19.1499 32.6824 0
      vertex -19.1119 32.7131 3
      vertex -19.1499 32.6824 3
    endloop
  endfacet
  facet normal 0.628432 -0.777864 0
    outer loop
      vertex -19.1119 32.7131 3
      vertex -19.1499 32.6824 0
      vertex -19.1119 32.7131 0
    endloop
  endfacet
  facet normal 0.754473 0.656331 0
    outer loop
      vertex -19.2904 30.6731 3
      vertex -19.3225 30.71 0
      vertex -19.3225 30.71 3
    endloop
  endfacet
  facet normal 0.754473 0.656331 0
    outer loop
      vertex -19.3225 30.71 0
      vertex -19.2904 30.6731 3
      vertex -19.2904 30.6731 0
    endloop
  endfacet
  facet normal 0.992682 0.120759 0
    outer loop
      vertex -19.6364 31.4151 3
      vertex -19.6423 31.4636 0
      vertex -19.6423 31.4636 3
    endloop
  endfacet
  facet normal 0.992682 0.120759 0
    outer loop
      vertex -19.6423 31.4636 0
      vertex -19.6364 31.4151 3
      vertex -19.6364 31.4151 0
    endloop
  endfacet
  facet normal 0.98753 0.157432 0
    outer loop
      vertex -19.6287 31.3668 3
      vertex -19.6364 31.4151 0
      vertex -19.6364 31.4151 3
    endloop
  endfacet
  facet normal 0.98753 0.157432 0
    outer loop
      vertex -19.6364 31.4151 0
      vertex -19.6287 31.3668 3
      vertex -19.6287 31.3668 0
    endloop
  endfacet
  facet normal 0.452117 -0.891959 0
    outer loop
      vertex -18.9073 32.8461 0
      vertex -18.8637 32.8682 3
      vertex -18.9073 32.8461 3
    endloop
  endfacet
  facet normal 0.452117 -0.891959 0
    outer loop
      vertex -18.8637 32.8682 3
      vertex -18.9073 32.8461 0
      vertex -18.8637 32.8682 0
    endloop
  endfacet
  facet normal 0.358293 -0.933609 0
    outer loop
      vertex -18.7744 32.908 0
      vertex -18.7288 32.9255 3
      vertex -18.7744 32.908 3
    endloop
  endfacet
  facet normal 0.358293 -0.933609 0
    outer loop
      vertex -18.7288 32.9255 3
      vertex -18.7744 32.908 0
      vertex -18.7288 32.9255 0
    endloop
  endfacet
  facet normal -0.325423 -0.945569 0
    outer loop
      vertex -17.8174 32.9414 0
      vertex -17.7712 32.9255 3
      vertex -17.8174 32.9414 3
    endloop
  endfacet
  facet normal -0.325423 -0.945569 -0
    outer loop
      vertex -17.7712 32.9255 3
      vertex -17.8174 32.9414 0
      vertex -17.7712 32.9255 0
    endloop
  endfacet
  facet normal -0.292791 -0.956177 0
    outer loop
      vertex -17.8641 32.9557 0
      vertex -17.8174 32.9414 3
      vertex -17.8641 32.9557 3
    endloop
  endfacet
  facet normal -0.292791 -0.956177 -0
    outer loop
      vertex -17.8174 32.9414 3
      vertex -17.8641 32.9557 0
      vertex -17.8174 32.9414 0
    endloop
  endfacet
  facet normal 0.515398 0.856951 -0
    outer loop
      vertex -18.95 30.3975 0
      vertex -18.9919 30.4227 3
      vertex -18.95 30.3975 3
    endloop
  endfacet
  facet normal 0.515398 0.856951 0
    outer loop
      vertex -18.9919 30.4227 3
      vertex -18.95 30.3975 0
      vertex -18.9919 30.4227 0
    endloop
  endfacet
  facet normal -0.601964 -0.798523 0
    outer loop
      vertex -17.4271 32.7425 0
      vertex -17.3881 32.7131 3
      vertex -17.4271 32.7425 3
    endloop
  endfacet
  facet normal -0.601964 -0.798523 -0
    outer loop
      vertex -17.3881 32.7131 3
      vertex -17.4271 32.7425 0
      vertex -17.3881 32.7131 0
    endloop
  endfacet
  facet normal 0.225158 0.974322 -0
    outer loop
      vertex -18.5411 30.2405 0
      vertex -18.5887 30.2515 3
      vertex -18.5411 30.2405 3
    endloop
  endfacet
  facet normal 0.225158 0.974322 0
    outer loop
      vertex -18.5887 30.2515 3
      vertex -18.5411 30.2405 0
      vertex -18.5887 30.2515 0
    endloop
  endfacet
  facet normal -0.777864 0.628432 0
    outer loop
      vertex -17.1775 30.71 0
      vertex -17.1468 30.748 3
      vertex -17.1468 30.748 0
    endloop
  endfacet
  facet normal -0.777864 0.628432 0
    outer loop
      vertex -17.1468 30.748 3
      vertex -17.1775 30.71 0
      vertex -17.1775 30.71 3
    endloop
  endfacet
  facet normal -0.601964 0.798523 0
    outer loop
      vertex -17.3881 30.5067 0
      vertex -17.4271 30.4773 3
      vertex -17.3881 30.5067 3
    endloop
  endfacet
  facet normal -0.601964 0.798523 0
    outer loop
      vertex -17.4271 30.4773 3
      vertex -17.3881 30.5067 0
      vertex -17.4271 30.4773 0
    endloop
  endfacet
  facet normal 0.999831 -0.0184018 0
    outer loop
      vertex -19.65 31.6099 3
      vertex -19.6491 31.6588 0
      vertex -19.6491 31.6588 3
    endloop
  endfacet
  facet normal 0.999831 -0.0184018 0
    outer loop
      vertex -19.6491 31.6588 0
      vertex -19.65 31.6099 3
      vertex -19.65 31.6099 0
    endloop
  endfacet
  facet normal 0.81827 -0.574834 0
    outer loop
      vertex -19.4107 32.3928 3
      vertex -19.3826 32.4328 0
      vertex -19.3826 32.4328 3
    endloop
  endfacet
  facet normal 0.81827 -0.574834 0
    outer loop
      vertex -19.3826 32.4328 0
      vertex -19.4107 32.3928 3
      vertex -19.4107 32.3928 0
    endloop
  endfacet
  facet normal -0.485295 -0.87435 0
    outer loop
      vertex -17.5927 32.8461 0
      vertex -17.55 32.8224 3
      vertex -17.5927 32.8461 3
    endloop
  endfacet
  facet normal -0.485295 -0.87435 -0
    outer loop
      vertex -17.55 32.8224 3
      vertex -17.5927 32.8461 0
      vertex -17.55 32.8224 0
    endloop
  endfacet
  facet normal 0.933609 -0.358293 0
    outer loop
      vertex -19.5656 32.0888 3
      vertex -19.5481 32.1344 0
      vertex -19.5481 32.1344 3
    endloop
  endfacet
  facet normal 0.933609 -0.358293 0
    outer loop
      vertex -19.5481 32.1344 0
      vertex -19.5656 32.0888 3
      vertex -19.5656 32.0888 0
    endloop
  endfacet
  facet normal 0.754473 -0.656331 0
    outer loop
      vertex -19.3225 32.5098 3
      vertex -19.2904 32.5467 0
      vertex -19.2904 32.5467 3
    endloop
  endfacet
  facet normal 0.754473 -0.656331 0
    outer loop
      vertex -19.2904 32.5467 0
      vertex -19.3225 32.5098 3
      vertex -19.3225 32.5098 0
    endloop
  endfacet
  facet normal 0.99983 0.0184395 0
    outer loop
      vertex -19.6491 31.5611 3
      vertex -19.65 31.6099 0
      vertex -19.65 31.6099 3
    endloop
  endfacet
  facet normal 0.99983 0.0184395 0
    outer loop
      vertex -19.65 31.6099 0
      vertex -19.6491 31.5611 3
      vertex -19.6491 31.5611 0
    endloop
  endfacet
  facet normal -0.390707 0.920515 0
    outer loop
      vertex -17.6806 30.331 0
      vertex -17.7256 30.3119 3
      vertex -17.6806 30.331 3
    endloop
  endfacet
  facet normal -0.390707 0.920515 0
    outer loop
      vertex -17.7256 30.3119 3
      vertex -17.6806 30.331 0
      vertex -17.7256 30.3119 0
    endloop
  endfacet
  facet normal 0.838911 -0.544269 0
    outer loop
      vertex -19.4373 32.3518 3
      vertex -19.4107 32.3928 0
      vertex -19.4107 32.3928 3
    endloop
  endfacet
  facet normal 0.838911 -0.544269 0
    outer loop
      vertex -19.4107 32.3928 0
      vertex -19.4373 32.3518 3
      vertex -19.4373 32.3518 0
    endloop
  endfacet
  facet normal -0.0532032 -0.998584 0
    outer loop
      vertex -18.2011 33.0091 0
      vertex -18.1523 33.0065 3
      vertex -18.2011 33.0091 3
    endloop
  endfacet
  facet normal -0.0532032 -0.998584 -0
    outer loop
      vertex -18.1523 33.0065 3
      vertex -18.2011 33.0091 0
      vertex -18.1523 33.0065 0
    endloop
  endfacet
  facet normal 0.601964 0.798523 -0
    outer loop
      vertex -19.0729 30.4773 0
      vertex -19.1119 30.5067 3
      vertex -19.0729 30.4773 3
    endloop
  endfacet
  facet normal 0.601964 0.798523 0
    outer loop
      vertex -19.1119 30.5067 3
      vertex -19.0729 30.4773 0
      vertex -19.1119 30.5067 0
    endloop
  endfacet
  facet normal 0.945785 -0.324794 0
    outer loop
      vertex -19.5815 32.0425 3
      vertex -19.5656 32.0888 0
      vertex -19.5656 32.0888 3
    endloop
  endfacet
  facet normal 0.945785 -0.324794 0
    outer loop
      vertex -19.5656 32.0888 0
      vertex -19.5815 32.0425 3
      vertex -19.5815 32.0425 0
    endloop
  endfacet
  facet normal -0.485295 0.87435 0
    outer loop
      vertex -17.55 30.3975 0
      vertex -17.5927 30.3738 3
      vertex -17.55 30.3975 3
    endloop
  endfacet
  facet normal -0.485295 0.87435 0
    outer loop
      vertex -17.5927 30.3738 3
      vertex -17.55 30.3975 0
      vertex -17.5927 30.3738 0
    endloop
  endfacet
  facet normal 0.891133 -0.453742 0
    outer loop
      vertex -19.5083 32.2236 3
      vertex -19.4861 32.2672 0
      vertex -19.4861 32.2672 3
    endloop
  endfacet
  facet normal 0.891133 -0.453742 0
    outer loop
      vertex -19.4861 32.2672 0
      vertex -19.5083 32.2236 3
      vertex -19.5083 32.2236 0
    endloop
  endfacet
  facet normal 0.905607 -0.424119 0
    outer loop
      vertex -19.529 32.1794 3
      vertex -19.5083 32.2236 0
      vertex -19.5083 32.2236 3
    endloop
  endfacet
  facet normal 0.905607 -0.424119 0
    outer loop
      vertex -19.5083 32.2236 0
      vertex -19.529 32.1794 3
      vertex -19.529 32.1794 0
    endloop
  endfacet
  facet normal -0.0881331 0.996109 0
    outer loop
      vertex -18.1037 30.2176 0
      vertex -18.1523 30.2133 3
      vertex -18.1037 30.2176 3
    endloop
  endfacet
  facet normal -0.0881331 0.996109 0
    outer loop
      vertex -18.1523 30.2133 3
      vertex -18.1037 30.2176 0
      vertex -18.1523 30.2133 0
    endloop
  endfacet
  facet normal -0.155437 0.987846 0
    outer loop
      vertex -18.0069 30.2312 0
      vertex -18.0552 30.2236 3
      vertex -18.0069 30.2312 3
    endloop
  endfacet
  facet normal -0.155437 0.987846 0
    outer loop
      vertex -18.0552 30.2236 3
      vertex -18.0069 30.2312 0
      vertex -18.0552 30.2236 0
    endloop
  endfacet
  facet normal -0.956177 -0.292791 0
    outer loop
      vertex -16.9042 31.9958 0
      vertex -16.9185 32.0425 3
      vertex -16.9185 32.0425 0
    endloop
  endfacet
  facet normal -0.956177 -0.292791 0
    outer loop
      vertex -16.9185 32.0425 3
      vertex -16.9042 31.9958 0
      vertex -16.9042 31.9958 3
    endloop
  endfacet
  facet normal 0.453742 0.891133 -0
    outer loop
      vertex -18.8637 30.3516 0
      vertex -18.9073 30.3738 3
      vertex -18.8637 30.3516 3
    endloop
  endfacet
  facet normal 0.453742 0.891133 0
    outer loop
      vertex -18.9073 30.3738 3
      vertex -18.8637 30.3516 0
      vertex -18.9073 30.3738 0
    endloop
  endfacet
  facet normal 0.485295 0.87435 -0
    outer loop
      vertex -18.9073 30.3738 0
      vertex -18.95 30.3975 3
      vertex -18.9073 30.3738 3
    endloop
  endfacet
  facet normal 0.485295 0.87435 0
    outer loop
      vertex -18.95 30.3975 3
      vertex -18.9073 30.3738 0
      vertex -18.95 30.3975 0
    endloop
  endfacet
  facet normal -0.122775 0.992434 0
    outer loop
      vertex -18.0552 30.2236 0
      vertex -18.1037 30.2176 3
      vertex -18.0552 30.2236 3
    endloop
  endfacet
  facet normal -0.122775 0.992434 0
    outer loop
      vertex -18.1037 30.2176 3
      vertex -18.0552 30.2236 0
      vertex -18.1037 30.2176 0
    endloop
  endfacet
  facet normal -0.327251 0.944937 0
    outer loop
      vertex -17.7712 30.2944 0
      vertex -17.8174 30.2784 3
      vertex -17.7712 30.2944 3
    endloop
  endfacet
  facet normal -0.327251 0.944937 0
    outer loop
      vertex -17.8174 30.2784 3
      vertex -17.7712 30.2944 0
      vertex -17.8174 30.2784 0
    endloop
  endfacet
  facet normal 0.629669 0.776864 -0
    outer loop
      vertex -19.1119 30.5067 0
      vertex -19.1499 30.5375 3
      vertex -19.1119 30.5067 3
    endloop
  endfacet
  facet normal 0.629669 0.776864 0
    outer loop
      vertex -19.1499 30.5375 3
      vertex -19.1119 30.5067 0
      vertex -19.1499 30.5375 0
    endloop
  endfacet
  facet normal -0.421652 0.906758 0
    outer loop
      vertex -17.6363 30.3516 0
      vertex -17.6806 30.331 3
      vertex -17.6363 30.3516 3
    endloop
  endfacet
  facet normal -0.421652 0.906758 0
    outer loop
      vertex -17.6806 30.331 3
      vertex -17.6363 30.3516 0
      vertex -17.6806 30.331 0
    endloop
  endfacet
  facet normal -0.423333 -0.905974 0
    outer loop
      vertex -17.6806 32.8889 0
      vertex -17.6363 32.8682 3
      vertex -17.6806 32.8889 3
    endloop
  endfacet
  facet normal -0.423333 -0.905974 -0
    outer loop
      vertex -17.6363 32.8682 3
      vertex -17.6806 32.8889 0
      vertex -17.6363 32.8682 0
    endloop
  endfacet
  facet normal -0.0860988 -0.996287 0
    outer loop
      vertex -18.1523 33.0065 0
      vertex -18.1037 33.0023 3
      vertex -18.1523 33.0065 3
    endloop
  endfacet
  facet normal -0.0860988 -0.996287 -0
    outer loop
      vertex -18.1037 33.0023 3
      vertex -18.1523 33.0065 0
      vertex -18.1037 33.0023 0
    endloop
  endfacet
  facet normal -0.0184018 0.999831 0
    outer loop
      vertex -18.2011 30.2108 0
      vertex -18.25 30.2099 3
      vertex -18.2011 30.2108 3
    endloop
  endfacet
  facet normal -0.0184018 0.999831 0
    outer loop
      vertex -18.25 30.2099 3
      vertex -18.2011 30.2108 0
      vertex -18.25 30.2099 0
    endloop
  endfacet
  facet normal -0.966167 0.257917 0
    outer loop
      vertex -16.9042 31.224 0
      vertex -16.8916 31.2712 3
      vertex -16.8916 31.2712 0
    endloop
  endfacet
  facet normal -0.966167 0.257917 0
    outer loop
      vertex -16.8916 31.2712 3
      vertex -16.9042 31.224 0
      vertex -16.9042 31.224 3
    endloop
  endfacet
  facet normal -0.99983 0.0184395 0
    outer loop
      vertex -16.8509 31.5611 0
      vertex -16.85 31.6099 3
      vertex -16.85 31.6099 0
    endloop
  endfacet
  facet normal -0.99983 0.0184395 0
    outer loop
      vertex -16.85 31.6099 3
      vertex -16.8509 31.5611 0
      vertex -16.8509 31.5611 3
    endloop
  endfacet
  facet normal 0.122775 0.992434 -0
    outer loop
      vertex -18.3963 30.2176 0
      vertex -18.4448 30.2236 3
      vertex -18.3963 30.2176 3
    endloop
  endfacet
  facet normal 0.122775 0.992434 0
    outer loop
      vertex -18.4448 30.2236 3
      vertex -18.3963 30.2176 0
      vertex -18.4448 30.2236 0
    endloop
  endfacet
  facet normal -0.574834 -0.81827 0
    outer loop
      vertex -17.4671 32.7706 0
      vertex -17.4271 32.7425 3
      vertex -17.4671 32.7706 3
    endloop
  endfacet
  facet normal -0.574834 -0.81827 -0
    outer loop
      vertex -17.4271 32.7425 3
      vertex -17.4671 32.7706 0
      vertex -17.4271 32.7425 0
    endloop
  endfacet
  facet normal 0.799264 -0.600981 0
    outer loop
      vertex -19.3826 32.4328 3
      vertex -19.3532 32.4719 0
      vertex -19.3532 32.4719 3
    endloop
  endfacet
  facet normal 0.799264 -0.600981 0
    outer loop
      vertex -19.3532 32.4719 0
      vertex -19.3826 32.4328 3
      vertex -19.3826 32.4328 0
    endloop
  endfacet
  facet normal -0.974322 -0.225158 0
    outer loop
      vertex -16.8806 31.901 0
      vertex -16.8916 31.9486 3
      vertex -16.8916 31.9486 0
    endloop
  endfacet
  facet normal -0.974322 -0.225158 0
    outer loop
      vertex -16.8916 31.9486 3
      vertex -16.8806 31.901 0
      vertex -16.8806 31.901 3
    endloop
  endfacet
  facet normal 0.777054 -0.629434 0
    outer loop
      vertex -19.3532 32.4719 3
      vertex -19.3225 32.5098 0
      vertex -19.3225 32.5098 3
    endloop
  endfacet
  facet normal 0.777054 -0.629434 0
    outer loop
      vertex -19.3225 32.5098 0
      vertex -19.3532 32.4719 3
      vertex -19.3532 32.4719 0
    endloop
  endfacet
  facet normal -0.259827 0.965655 0
    outer loop
      vertex -17.8641 30.2642 0
      vertex -17.9113 30.2515 3
      vertex -17.8641 30.2642 3
    endloop
  endfacet
  facet normal -0.259827 0.965655 0
    outer loop
      vertex -17.9113 30.2515 3
      vertex -17.8641 30.2642 0
      vertex -17.9113 30.2515 0
    endloop
  endfacet
  facet normal -0.257917 -0.966167 0
    outer loop
      vertex -17.9113 32.9683 0
      vertex -17.8641 32.9557 3
      vertex -17.9113 32.9683 3
    endloop
  endfacet
  facet normal -0.257917 -0.966167 -0
    outer loop
      vertex -17.8641 32.9557 3
      vertex -17.9113 32.9683 0
      vertex -17.8641 32.9557 0
    endloop
  endfacet
  facet normal 0.390707 0.920515 -0
    outer loop
      vertex -18.7744 30.3119 0
      vertex -18.8194 30.331 3
      vertex -18.7744 30.3119 3
    endloop
  endfacet
  facet normal 0.390707 0.920515 0
    outer loop
      vertex -18.8194 30.331 3
      vertex -18.7744 30.3119 0
      vertex -18.8194 30.331 0
    endloop
  endfacet
  facet normal -0.891133 -0.453742 0
    outer loop
      vertex -16.9917 32.2236 0
      vertex -17.0139 32.2672 3
      vertex -17.0139 32.2672 0
    endloop
  endfacet
  facet normal -0.891133 -0.453742 0
    outer loop
      vertex -17.0139 32.2672 3
      vertex -16.9917 32.2236 0
      vertex -16.9917 32.2236 3
    endloop
  endfacet
  facet normal -0.857854 0.513893 0
    outer loop
      vertex -17.0627 30.868 0
      vertex -17.0376 30.9099 3
      vertex -17.0376 30.9099 0
    endloop
  endfacet
  facet normal -0.857854 0.513893 0
    outer loop
      vertex -17.0376 30.9099 3
      vertex -17.0627 30.868 0
      vertex -17.0627 30.868 3
    endloop
  endfacet
  facet normal 0.290917 0.956748 -0
    outer loop
      vertex -18.6359 30.2642 0
      vertex -18.6826 30.2784 3
      vertex -18.6359 30.2642 3
    endloop
  endfacet
  facet normal 0.290917 0.956748 0
    outer loop
      vertex -18.6826 30.2784 3
      vertex -18.6359 30.2642 0
      vertex -18.6826 30.2784 0
    endloop
  endfacet
  facet normal -0.981669 0.190595 0
    outer loop
      vertex -16.8806 31.3189 0
      vertex -16.8713 31.3668 3
      vertex -16.8713 31.3668 0
    endloop
  endfacet
  facet normal -0.981669 0.190595 0
    outer loop
      vertex -16.8713 31.3668 3
      vertex -16.8806 31.3189 0
      vertex -16.8806 31.3189 3
    endloop
  endfacet
  facet normal -0.838303 0.545204 0
    outer loop
      vertex -17.0893 30.8271 0
      vertex -17.0627 30.868 3
      vertex -17.0627 30.868 0
    endloop
  endfacet
  facet normal -0.838303 0.545204 0
    outer loop
      vertex -17.0627 30.868 3
      vertex -17.0893 30.8271 0
      vertex -17.0893 30.8271 3
    endloop
  endfacet
  facet normal -0.225158 -0.974322 0
    outer loop
      vertex -17.9589 32.9793 0
      vertex -17.9113 32.9683 3
      vertex -17.9589 32.9793 3
    endloop
  endfacet
  facet normal -0.225158 -0.974322 -0
    outer loop
      vertex -17.9113 32.9683 3
      vertex -17.9589 32.9793 0
      vertex -17.9113 32.9683 0
    endloop
  endfacet
  facet normal -0.87435 -0.485295 0
    outer loop
      vertex -17.0139 32.2672 0
      vertex -17.0376 32.3099 3
      vertex -17.0376 32.3099 0
    endloop
  endfacet
  facet normal -0.87435 -0.485295 0
    outer loop
      vertex -17.0376 32.3099 3
      vertex -17.0139 32.2672 0
      vertex -17.0139 32.2672 3
    endloop
  endfacet
  facet normal 0.573462 0.819232 -0
    outer loop
      vertex -19.0329 30.4493 0
      vertex -19.0729 30.4773 3
      vertex -19.0329 30.4493 3
    endloop
  endfacet
  facet normal 0.573462 0.819232 0
    outer loop
      vertex -19.0729 30.4773 3
      vertex -19.0329 30.4493 0
      vertex -19.0729 30.4773 0
    endloop
  endfacet
  facet normal 0.920515 -0.390707 0
    outer loop
      vertex -19.5481 32.1344 3
      vertex -19.529 32.1794 0
      vertex -19.529 32.1794 3
    endloop
  endfacet
  facet normal 0.920515 -0.390707 0
    outer loop
      vertex -19.529 32.1794 0
      vertex -19.5481 32.1344 3
      vertex -19.5481 32.1344 0
    endloop
  endfacet
  facet normal 0.683192 0.730238 -0
    outer loop
      vertex -19.1868 30.5695 0
      vertex -19.2225 30.6029 3
      vertex -19.1868 30.5695 3
    endloop
  endfacet
  facet normal 0.683192 0.730238 0
    outer loop
      vertex -19.2225 30.6029 3
      vertex -19.1868 30.5695 0
      vertex -19.2225 30.6029 0
    endloop
  endfacet
  facet normal -0.544269 -0.838911 0
    outer loop
      vertex -17.5081 32.7972 0
      vertex -17.4671 32.7706 3
      vertex -17.5081 32.7972 3
    endloop
  endfacet
  facet normal -0.544269 -0.838911 -0
    outer loop
      vertex -17.4671 32.7706 3
      vertex -17.5081 32.7972 0
      vertex -17.4671 32.7706 0
    endloop
  endfacet
  facet normal -0.933609 0.358293 0
    outer loop
      vertex -16.9519 31.0855 0
      vertex -16.9344 31.1311 3
      vertex -16.9344 31.1311 0
    endloop
  endfacet
  facet normal -0.933609 0.358293 0
    outer loop
      vertex -16.9344 31.1311 3
      vertex -16.9519 31.0855 0
      vertex -16.9519 31.0855 3
    endloop
  endfacet
  facet normal -0.225158 0.974322 0
    outer loop
      vertex -17.9113 30.2515 0
      vertex -17.9589 30.2405 3
      vertex -17.9113 30.2515 3
    endloop
  endfacet
  facet normal -0.225158 0.974322 0
    outer loop
      vertex -17.9589 30.2405 3
      vertex -17.9113 30.2515 0
      vertex -17.9589 30.2405 0
    endloop
  endfacet
  facet normal -0.945569 0.325423 0
    outer loop
      vertex -16.9344 31.1311 0
      vertex -16.9185 31.1773 3
      vertex -16.9185 31.1773 0
    endloop
  endfacet
  facet normal -0.945569 0.325423 0
    outer loop
      vertex -16.9185 31.1773 3
      vertex -16.9344 31.1311 0
      vertex -16.9344 31.1311 3
    endloop
  endfacet
  facet normal -0.358293 -0.933609 0
    outer loop
      vertex -17.7712 32.9255 0
      vertex -17.7256 32.908 3
      vertex -17.7712 32.9255 3
    endloop
  endfacet
  facet normal -0.358293 -0.933609 -0
    outer loop
      vertex -17.7256 32.908 3
      vertex -17.7712 32.9255 0
      vertex -17.7256 32.908 0
    endloop
  endfacet
  facet normal -0.996125 -0.0879535 0
    outer loop
      vertex -16.8534 31.7076 0
      vertex -16.8577 31.7563 3
      vertex -16.8577 31.7563 0
    endloop
  endfacet
  facet normal -0.996125 -0.0879535 0
    outer loop
      vertex -16.8577 31.7563 3
      vertex -16.8534 31.7076 0
      vertex -16.8534 31.7076 3
    endloop
  endfacet
  facet normal -0.987479 -0.157751 0
    outer loop
      vertex -16.8636 31.8048 0
      vertex -16.8713 31.853 3
      vertex -16.8713 31.853 0
    endloop
  endfacet
  facet normal -0.987479 -0.157751 0
    outer loop
      vertex -16.8713 31.853 3
      vertex -16.8636 31.8048 0
      vertex -16.8636 31.8048 3
    endloop
  endfacet
  facet normal -0.190213 0.981743 0
    outer loop
      vertex -17.9589 30.2405 0
      vertex -18.0069 30.2312 3
      vertex -17.9589 30.2405 3
    endloop
  endfacet
  facet normal -0.190213 0.981743 0
    outer loop
      vertex -18.0069 30.2312 3
      vertex -17.9589 30.2405 0
      vertex -18.0069 30.2312 0
    endloop
  endfacet
  facet normal 0.155437 -0.987846 0
    outer loop
      vertex -18.4931 32.9887 0
      vertex -18.4448 32.9963 3
      vertex -18.4931 32.9887 3
    endloop
  endfacet
  facet normal 0.155437 -0.987846 0
    outer loop
      vertex -18.4448 32.9963 3
      vertex -18.4931 32.9887 0
      vertex -18.4448 32.9963 0
    endloop
  endfacet
  facet normal 0.945569 0.325423 0
    outer loop
      vertex -19.5656 31.1311 3
      vertex -19.5815 31.1773 0
      vertex -19.5815 31.1773 3
    endloop
  endfacet
  facet normal 0.945569 0.325423 0
    outer loop
      vertex -19.5815 31.1773 0
      vertex -19.5656 31.1311 3
      vertex -19.5656 31.1311 0
    endloop
  endfacet
  facet normal -0.707107 -0.707107 0
    outer loop
      vertex -17.2429 32.5824 0
      vertex -17.2775 32.617 3
      vertex -17.2775 32.617 0
    endloop
  endfacet
  facet normal -0.707107 -0.707107 0
    outer loop
      vertex -17.2775 32.617 3
      vertex -17.2429 32.5824 0
      vertex -17.2429 32.5824 3
    endloop
  endfacet
  facet normal 0.981669 0.190595 0
    outer loop
      vertex -19.6194 31.3189 3
      vertex -19.6287 31.3668 0
      vertex -19.6287 31.3668 3
    endloop
  endfacet
  facet normal 0.981669 0.190595 0
    outer loop
      vertex -19.6287 31.3668 0
      vertex -19.6194 31.3189 3
      vertex -19.6194 31.3189 0
    endloop
  endfacet
  facet normal -0.683192 0.730238 0
    outer loop
      vertex -17.2775 30.6029 0
      vertex -17.3132 30.5695 3
      vertex -17.2775 30.6029 3
    endloop
  endfacet
  facet normal -0.683192 0.730238 0
    outer loop
      vertex -17.3132 30.5695 3
      vertex -17.2775 30.6029 0
      vertex -17.3132 30.5695 0
    endloop
  endfacet
  facet normal 0.974426 0.22471 0
    outer loop
      vertex -19.6084 31.2712 3
      vertex -19.6194 31.3189 0
      vertex -19.6194 31.3189 3
    endloop
  endfacet
  facet normal 0.974426 0.22471 0
    outer loop
      vertex -19.6194 31.3189 0
      vertex -19.6084 31.2712 3
      vertex -19.6084 31.2712 0
    endloop
  endfacet
  facet normal 0.544269 0.838911 -0
    outer loop
      vertex -18.9919 30.4227 0
      vertex -19.0329 30.4493 3
      vertex -18.9919 30.4227 3
    endloop
  endfacet
  facet normal 0.544269 0.838911 0
    outer loop
      vertex -19.0329 30.4493 3
      vertex -18.9919 30.4227 0
      vertex -19.0329 30.4493 0
    endloop
  endfacet
  facet normal -0.974426 0.22471 0
    outer loop
      vertex -16.8916 31.2712 0
      vertex -16.8806 31.3189 3
      vertex -16.8806 31.3189 0
    endloop
  endfacet
  facet normal -0.974426 0.22471 0
    outer loop
      vertex -16.8806 31.3189 3
      vertex -16.8916 31.2712 0
      vertex -16.8916 31.2712 3
    endloop
  endfacet
  facet normal -0.818944 0.573873 0
    outer loop
      vertex -17.1174 30.787 0
      vertex -17.0893 30.8271 3
      vertex -17.0893 30.8271 0
    endloop
  endfacet
  facet normal -0.818944 0.573873 0
    outer loop
      vertex -17.0893 30.8271 3
      vertex -17.1174 30.787 0
      vertex -17.1174 30.787 3
    endloop
  endfacet
  facet normal -0.874831 0.484428 0
    outer loop
      vertex -17.0376 30.9099 0
      vertex -17.0139 30.9527 3
      vertex -17.0139 30.9527 0
    endloop
  endfacet
  facet normal -0.874831 0.484428 0
    outer loop
      vertex -17.0139 30.9527 3
      vertex -17.0376 30.9099 0
      vertex -17.0376 30.9099 3
    endloop
  endfacet
  facet normal -0.99869 -0.0511624 0
    outer loop
      vertex -16.8509 31.6588 0
      vertex -16.8534 31.7076 3
      vertex -16.8534 31.7076 0
    endloop
  endfacet
  facet normal -0.99869 -0.0511624 0
    outer loop
      vertex -16.8534 31.7076 3
      vertex -16.8509 31.6588 0
      vertex -16.8509 31.6588 3
    endloop
  endfacet
  facet normal 0.683192 -0.730238 0
    outer loop
      vertex -19.2225 -30.6029 0
      vertex -19.1868 -30.5695 3
      vertex -19.2225 -30.6029 3
    endloop
  endfacet
  facet normal 0.683192 -0.730238 0
    outer loop
      vertex -19.1868 -30.5695 3
      vertex -19.2225 -30.6029 0
      vertex -19.1868 -30.5695 0
    endloop
  endfacet
  facet normal 0.325423 0.945569 -0
    outer loop
      vertex -18.6826 -32.9414 0
      vertex -18.7288 -32.9255 3
      vertex -18.6826 -32.9414 3
    endloop
  endfacet
  facet normal 0.325423 0.945569 0
    outer loop
      vertex -18.7288 -32.9255 3
      vertex -18.6826 -32.9414 0
      vertex -18.7288 -32.9255 0
    endloop
  endfacet
  facet normal -0.73126 -0.682099 0
    outer loop
      vertex -17.2096 -30.6731 0
      vertex -17.2429 -30.6374 3
      vertex -17.2429 -30.6374 0
    endloop
  endfacet
  facet normal -0.73126 -0.682099 0
    outer loop
      vertex -17.2429 -30.6374 3
      vertex -17.2096 -30.6731 0
      vertex -17.2096 -30.6731 3
    endloop
  endfacet
  facet normal 0.99869 0.0511624 0
    outer loop
      vertex -19.6466 -31.7076 3
      vertex -19.6491 -31.6588 0
      vertex -19.6491 -31.6588 3
    endloop
  endfacet
  facet normal 0.99869 0.0511624 0
    outer loop
      vertex -19.6491 -31.6588 0
      vertex -19.6466 -31.7076 3
      vertex -19.6466 -31.7076 0
    endloop
  endfacet
  facet normal 0.891133 0.453742 0
    outer loop
      vertex -19.4861 -32.2672 3
      vertex -19.5083 -32.2236 0
      vertex -19.5083 -32.2236 3
    endloop
  endfacet
  facet normal 0.891133 0.453742 0
    outer loop
      vertex -19.5083 -32.2236 0
      vertex -19.4861 -32.2672 3
      vertex -19.4861 -32.2672 0
    endloop
  endfacet
  facet normal -0.192183 0.981359 0
    outer loop
      vertex -17.9589 -32.9793 0
      vertex -18.0069 -32.9887 3
      vertex -17.9589 -32.9793 3
    endloop
  endfacet
  facet normal -0.192183 0.981359 0
    outer loop
      vertex -18.0069 -32.9887 3
      vertex -17.9589 -32.9793 0
      vertex -18.0069 -32.9887 0
    endloop
  endfacet
  facet normal 0.544269 0.838911 -0
    outer loop
      vertex -18.9919 -32.7972 0
      vertex -19.0329 -32.7706 3
      vertex -18.9919 -32.7972 3
    endloop
  endfacet
  facet normal 0.544269 0.838911 0
    outer loop
      vertex -19.0329 -32.7706 3
      vertex -18.9919 -32.7972 0
      vertex -19.0329 -32.7706 0
    endloop
  endfacet
  facet normal -0.656331 0.754473 0
    outer loop
      vertex -17.3132 -32.6503 0
      vertex -17.3501 -32.6824 3
      vertex -17.3132 -32.6503 3
    endloop
  endfacet
  facet normal -0.656331 0.754473 0
    outer loop
      vertex -17.3501 -32.6824 3
      vertex -17.3132 -32.6503 0
      vertex -17.3501 -32.6824 0
    endloop
  endfacet
  facet normal -0.155437 -0.987846 0
    outer loop
      vertex -18.0552 -30.2236 0
      vertex -18.0069 -30.2312 3
      vertex -18.0552 -30.2236 3
    endloop
  endfacet
  facet normal -0.155437 -0.987846 -0
    outer loop
      vertex -18.0069 -30.2312 3
      vertex -18.0552 -30.2236 0
      vertex -18.0069 -30.2312 0
    endloop
  endfacet
  facet normal 0.838303 -0.545204 0
    outer loop
      vertex -19.4373 -30.868 3
      vertex -19.4107 -30.8271 0
      vertex -19.4107 -30.8271 3
    endloop
  endfacet
  facet normal 0.838303 -0.545204 0
    outer loop
      vertex -19.4107 -30.8271 0
      vertex -19.4373 -30.868 3
      vertex -19.4373 -30.868 0
    endloop
  endfacet
  facet normal -0.327251 -0.944937 0
    outer loop
      vertex -17.8174 -30.2784 0
      vertex -17.7712 -30.2944 3
      vertex -17.8174 -30.2784 3
    endloop
  endfacet
  facet normal -0.327251 -0.944937 -0
    outer loop
      vertex -17.7712 -30.2944 3
      vertex -17.8174 -30.2784 0
      vertex -17.7712 -30.2944 0
    endloop
  endfacet
  facet normal -0.933609 -0.358293 0
    outer loop
      vertex -16.9344 -31.1311 0
      vertex -16.9519 -31.0855 3
      vertex -16.9519 -31.0855 0
    endloop
  endfacet
  facet normal -0.933609 -0.358293 0
    outer loop
      vertex -16.9519 -31.0855 3
      vertex -16.9344 -31.1311 0
      vertex -16.9344 -31.1311 3
    endloop
  endfacet
  facet normal 0.890711 -0.45457 0
    outer loop
      vertex -19.5083 -30.9962 3
      vertex -19.4861 -30.9527 0
      vertex -19.4861 -30.9527 3
    endloop
  endfacet
  facet normal 0.890711 -0.45457 0
    outer loop
      vertex -19.4861 -30.9527 0
      vertex -19.5083 -30.9962 3
      vertex -19.5083 -30.9962 0
    endloop
  endfacet
  facet normal 0.485295 0.87435 -0
    outer loop
      vertex -18.9073 -32.8461 0
      vertex -18.95 -32.8224 3
      vertex -18.9073 -32.8461 3
    endloop
  endfacet
  facet normal 0.485295 0.87435 0
    outer loop
      vertex -18.95 -32.8224 3
      vertex -18.9073 -32.8461 0
      vertex -18.95 -32.8224 0
    endloop
  endfacet
  facet normal 0.933609 -0.358293 0
    outer loop
      vertex -19.5656 -31.1311 3
      vertex -19.5481 -31.0855 0
      vertex -19.5481 -31.0855 3
    endloop
  endfacet
  facet normal 0.933609 -0.358293 0
    outer loop
      vertex -19.5481 -31.0855 0
      vertex -19.5656 -31.1311 3
      vertex -19.5656 -31.1311 0
    endloop
  endfacet
  facet normal 0.122775 0.992434 -0
    outer loop
      vertex -18.3963 -33.0023 0
      vertex -18.4448 -32.9963 3
      vertex -18.3963 -33.0023 3
    endloop
  endfacet
  facet normal 0.122775 0.992434 0
    outer loop
      vertex -18.4448 -32.9963 3
      vertex -18.3963 -33.0023 0
      vertex -18.4448 -32.9963 0
    endloop
  endfacet
  facet normal 0.225158 -0.974322 0
    outer loop
      vertex -18.5887 -30.2515 0
      vertex -18.5411 -30.2405 3
      vertex -18.5887 -30.2515 3
    endloop
  endfacet
  facet normal 0.225158 -0.974322 0
    outer loop
      vertex -18.5411 -30.2405 3
      vertex -18.5887 -30.2515 0
      vertex -18.5411 -30.2405 0
    endloop
  endfacet
  facet normal 0.573462 -0.819232 0
    outer loop
      vertex -19.0729 -30.4773 0
      vertex -19.0329 -30.4493 3
      vertex -19.0729 -30.4773 3
    endloop
  endfacet
  facet normal 0.573462 -0.819232 0
    outer loop
      vertex -19.0329 -30.4493 3
      vertex -19.0729 -30.4773 0
      vertex -19.0329 -30.4493 0
    endloop
  endfacet
  facet normal 0.707107 0.707107 0
    outer loop
      vertex -19.2225 -32.617 3
      vertex -19.2571 -32.5824 0
      vertex -19.2571 -32.5824 3
    endloop
  endfacet
  facet normal 0.707107 0.707107 0
    outer loop
      vertex -19.2571 -32.5824 0
      vertex -19.2225 -32.617 3
      vertex -19.2225 -32.617 0
    endloop
  endfacet
  facet normal 0.799264 0.600981 0
    outer loop
      vertex -19.3532 -32.4719 3
      vertex -19.3826 -32.4328 0
      vertex -19.3826 -32.4328 3
    endloop
  endfacet
  facet normal 0.799264 0.600981 0
    outer loop
      vertex -19.3826 -32.4328 0
      vertex -19.3532 -32.4719 3
      vertex -19.3532 -32.4719 0
    endloop
  endfacet
  facet normal -0.485295 0.87435 0
    outer loop
      vertex -17.55 -32.8224 0
      vertex -17.5927 -32.8461 3
      vertex -17.55 -32.8224 3
    endloop
  endfacet
  facet normal -0.485295 0.87435 0
    outer loop
      vertex -17.5927 -32.8461 3
      vertex -17.55 -32.8224 0
      vertex -17.5927 -32.8461 0
    endloop
  endfacet
  facet normal 0.857854 0.513893 0
    outer loop
      vertex -19.4373 -32.3518 3
      vertex -19.4624 -32.3099 0
      vertex -19.4624 -32.3099 3
    endloop
  endfacet
  facet normal 0.857854 0.513893 0
    outer loop
      vertex -19.4624 -32.3099 0
      vertex -19.4373 -32.3518 3
      vertex -19.4373 -32.3518 0
    endloop
  endfacet
  facet normal -0.259827 -0.965655 0
    outer loop
      vertex -17.9113 -30.2515 0
      vertex -17.8641 -30.2642 3
      vertex -17.9113 -30.2515 3
    endloop
  endfacet
  facet normal -0.259827 -0.965655 -0
    outer loop
      vertex -17.8641 -30.2642 3
      vertex -17.9113 -30.2515 0
      vertex -17.8641 -30.2642 0
    endloop
  endfacet
  facet normal 0.857854 -0.513893 0
    outer loop
      vertex -19.4624 -30.9099 3
      vertex -19.4373 -30.868 0
      vertex -19.4373 -30.868 3
    endloop
  endfacet
  facet normal 0.857854 -0.513893 0
    outer loop
      vertex -19.4373 -30.868 0
      vertex -19.4624 -30.9099 3
      vertex -19.4624 -30.9099 0
    endloop
  endfacet
  facet normal 0.945569 -0.325423 0
    outer loop
      vertex -19.5815 -31.1773 3
      vertex -19.5656 -31.1311 0
      vertex -19.5656 -31.1311 3
    endloop
  endfacet
  facet normal 0.945569 -0.325423 0
    outer loop
      vertex -19.5656 -31.1311 0
      vertex -19.5815 -31.1773 3
      vertex -19.5815 -31.1773 0
    endloop
  endfacet
  facet normal 0.920515 -0.390707 0
    outer loop
      vertex -19.5481 -31.0855 3
      vertex -19.529 -31.0405 0
      vertex -19.529 -31.0405 3
    endloop
  endfacet
  facet normal 0.920515 -0.390707 0
    outer loop
      vertex -19.529 -31.0405 0
      vertex -19.5481 -31.0855 3
      vertex -19.5481 -31.0855 0
    endloop
  endfacet
  facet normal -0.0532032 0.998584 0
    outer loop
      vertex -18.1523 -33.0065 0
      vertex -18.2011 -33.0091 3
      vertex -18.1523 -33.0065 3
    endloop
  endfacet
  facet normal -0.0532032 0.998584 0
    outer loop
      vertex -18.2011 -33.0091 3
      vertex -18.1523 -33.0065 0
      vertex -18.2011 -33.0091 0
    endloop
  endfacet
  facet normal -0.777864 -0.628432 0
    outer loop
      vertex -17.1468 -30.748 0
      vertex -17.1775 -30.71 3
      vertex -17.1775 -30.71 0
    endloop
  endfacet
  facet normal -0.777864 -0.628432 0
    outer loop
      vertex -17.1775 -30.71 3
      vertex -17.1468 -30.748 0
      vertex -17.1468 -30.748 3
    endloop
  endfacet
  facet normal -0.0184018 -0.999831 0
    outer loop
      vertex -18.25 -30.2099 0
      vertex -18.2011 -30.2108 3
      vertex -18.25 -30.2099 3
    endloop
  endfacet
  facet normal -0.0184018 -0.999831 -0
    outer loop
      vertex -18.2011 -30.2108 3
      vertex -18.25 -30.2099 0
      vertex -18.2011 -30.2108 0
    endloop
  endfacet
  facet normal -0.81827 0.574834 0
    outer loop
      vertex -17.1174 -32.4328 0
      vertex -17.0893 -32.3928 3
      vertex -17.0893 -32.3928 0
    endloop
  endfacet
  facet normal -0.81827 0.574834 0
    outer loop
      vertex -17.0893 -32.3928 3
      vertex -17.1174 -32.4328 0
      vertex -17.1174 -32.4328 3
    endloop
  endfacet
  facet normal -0.974322 0.225158 0
    outer loop
      vertex -16.8916 -31.9486 0
      vertex -16.8806 -31.901 3
      vertex -16.8806 -31.901 0
    endloop
  endfacet
  facet normal -0.974322 0.225158 0
    outer loop
      vertex -16.8806 -31.901 3
      vertex -16.8916 -31.9486 0
      vertex -16.8916 -31.9486 3
    endloop
  endfacet
  facet normal 0.992682 -0.120759 0
    outer loop
      vertex -19.6423 -31.4636 3
      vertex -19.6364 -31.4151 0
      vertex -19.6364 -31.4151 3
    endloop
  endfacet
  facet normal 0.992682 -0.120759 0
    outer loop
      vertex -19.6364 -31.4151 0
      vertex -19.6423 -31.4636 3
      vertex -19.6423 -31.4636 0
    endloop
  endfacet
  facet normal -0.629669 -0.776864 0
    outer loop
      vertex -17.3881 -30.5067 0
      vertex -17.3501 -30.5375 3
      vertex -17.3881 -30.5067 3
    endloop
  endfacet
  facet normal -0.629669 -0.776864 -0
    outer loop
      vertex -17.3501 -30.5375 3
      vertex -17.3881 -30.5067 0
      vertex -17.3501 -30.5375 0
    endloop
  endfacet
  facet normal -0.0860988 0.996287 0
    outer loop
      vertex -18.1037 -33.0023 0
      vertex -18.1523 -33.0065 3
      vertex -18.1037 -33.0023 3
    endloop
  endfacet
  facet normal -0.0860988 0.996287 0
    outer loop
      vertex -18.1523 -33.0065 3
      vertex -18.1037 -33.0023 0
      vertex -18.1523 -33.0065 0
    endloop
  endfacet
  facet normal -0.999831 0.0184018 0
    outer loop
      vertex -16.8509 -31.6588 0
      vertex -16.85 -31.6099 3
      vertex -16.85 -31.6099 0
    endloop
  endfacet
  facet normal -0.999831 0.0184018 0
    outer loop
      vertex -16.85 -31.6099 3
      vertex -16.8509 -31.6588 0
      vertex -16.8509 -31.6588 3
    endloop
  endfacet
  facet normal 0.98753 -0.157432 0
    outer loop
      vertex -19.6364 -31.4151 3
      vertex -19.6287 -31.3668 0
      vertex -19.6287 -31.3668 3
    endloop
  endfacet
  facet normal 0.98753 -0.157432 0
    outer loop
      vertex -19.6287 -31.3668 0
      vertex -19.6364 -31.4151 3
      vertex -19.6364 -31.4151 0
    endloop
  endfacet
  facet normal -0.799264 0.600981 0
    outer loop
      vertex -17.1468 -32.4719 0
      vertex -17.1174 -32.4328 3
      vertex -17.1174 -32.4328 0
    endloop
  endfacet
  facet normal -0.799264 0.600981 0
    outer loop
      vertex -17.1174 -32.4328 3
      vertex -17.1468 -32.4719 0
      vertex -17.1468 -32.4719 3
    endloop
  endfacet
  facet normal 0.358293 0.933609 -0
    outer loop
      vertex -18.7288 -32.9255 0
      vertex -18.7744 -32.908 3
      vertex -18.7288 -32.9255 3
    endloop
  endfacet
  facet normal 0.358293 0.933609 0
    outer loop
      vertex -18.7744 -32.908 3
      vertex -18.7288 -32.9255 0
      vertex -18.7744 -32.908 0
    endloop
  endfacet
  facet normal 0.0881331 -0.996109 0
    outer loop
      vertex -18.3963 -30.2176 0
      vertex -18.3477 -30.2133 3
      vertex -18.3963 -30.2176 3
    endloop
  endfacet
  facet normal 0.0881331 -0.996109 0
    outer loop
      vertex -18.3477 -30.2133 3
      vertex -18.3963 -30.2176 0
      vertex -18.3477 -30.2133 0
    endloop
  endfacet
  facet normal 0.192183 0.981359 -0
    outer loop
      vertex -18.4931 -32.9887 0
      vertex -18.5411 -32.9793 3
      vertex -18.4931 -32.9887 3
    endloop
  endfacet
  facet normal 0.192183 0.981359 0
    outer loop
      vertex -18.5411 -32.9793 3
      vertex -18.4931 -32.9887 0
      vertex -18.5411 -32.9793 0
    endloop
  endfacet
  facet normal 0.259827 -0.965655 0
    outer loop
      vertex -18.6359 -30.2642 0
      vertex -18.5887 -30.2515 3
      vertex -18.6359 -30.2642 3
    endloop
  endfacet
  facet normal 0.259827 -0.965655 0
    outer loop
      vertex -18.5887 -30.2515 3
      vertex -18.6359 -30.2642 0
      vertex -18.5887 -30.2515 0
    endloop
  endfacet
  facet normal -0.390707 -0.920515 0
    outer loop
      vertex -17.7256 -30.3119 0
      vertex -17.6806 -30.331 3
      vertex -17.7256 -30.3119 3
    endloop
  endfacet
  facet normal -0.390707 -0.920515 -0
    outer loop
      vertex -17.6806 -30.331 3
      vertex -17.7256 -30.3119 0
      vertex -17.6806 -30.331 0
    endloop
  endfacet
  facet normal 0.981669 -0.190595 0
    outer loop
      vertex -19.6287 -31.3668 3
      vertex -19.6194 -31.3189 0
      vertex -19.6194 -31.3189 3
    endloop
  endfacet
  facet normal 0.981669 -0.190595 0
    outer loop
      vertex -19.6194 -31.3189 0
      vertex -19.6287 -31.3668 3
      vertex -19.6287 -31.3668 0
    endloop
  endfacet
  facet normal 0.656331 0.754473 -0
    outer loop
      vertex -19.1499 -32.6824 0
      vertex -19.1868 -32.6503 3
      vertex -19.1499 -32.6824 3
    endloop
  endfacet
  facet normal 0.656331 0.754473 0
    outer loop
      vertex -19.1868 -32.6503 3
      vertex -19.1499 -32.6824 0
      vertex -19.1868 -32.6503 0
    endloop
  endfacet
  facet normal 0.358293 -0.933609 0
    outer loop
      vertex -18.7744 -30.3119 0
      vertex -18.7288 -30.2944 3
      vertex -18.7744 -30.3119 3
    endloop
  endfacet
  facet normal 0.358293 -0.933609 0
    outer loop
      vertex -18.7288 -30.2944 3
      vertex -18.7744 -30.3119 0
      vertex -18.7288 -30.2944 0
    endloop
  endfacet
  facet normal 0.818944 -0.573873 0
    outer loop
      vertex -19.4107 -30.8271 3
      vertex -19.3826 -30.787 0
      vertex -19.3826 -30.787 3
    endloop
  endfacet
  facet normal 0.818944 -0.573873 0
    outer loop
      vertex -19.3826 -30.787 0
      vertex -19.4107 -30.8271 3
      vertex -19.4107 -30.8271 0
    endloop
  endfacet
  facet normal 0.838911 0.544269 0
    outer loop
      vertex -19.4107 -32.3928 3
      vertex -19.4373 -32.3518 0
      vertex -19.4373 -32.3518 3
    endloop
  endfacet
  facet normal 0.838911 0.544269 0
    outer loop
      vertex -19.4373 -32.3518 0
      vertex -19.4107 -32.3928 3
      vertex -19.4107 -32.3928 0
    endloop
  endfacet
  facet normal -0.452117 0.891959 0
    outer loop
      vertex -17.5927 -32.8461 0
      vertex -17.6363 -32.8682 3
      vertex -17.5927 -32.8461 3
    endloop
  endfacet
  facet normal -0.452117 0.891959 0
    outer loop
      vertex -17.6363 -32.8682 3
      vertex -17.5927 -32.8461 0
      vertex -17.6363 -32.8682 0
    endloop
  endfacet
  facet normal -0.325423 0.945569 0
    outer loop
      vertex -17.7712 -32.9255 0
      vertex -17.8174 -32.9414 3
      vertex -17.7712 -32.9255 3
    endloop
  endfacet
  facet normal -0.325423 0.945569 0
    outer loop
      vertex -17.8174 -32.9414 3
      vertex -17.7712 -32.9255 0
      vertex -17.8174 -32.9414 0
    endloop
  endfacet
  facet normal 0.452117 0.891959 -0
    outer loop
      vertex -18.8637 -32.8682 0
      vertex -18.9073 -32.8461 3
      vertex -18.8637 -32.8682 3
    endloop
  endfacet
  facet normal 0.452117 0.891959 0
    outer loop
      vertex -18.9073 -32.8461 3
      vertex -18.8637 -32.8682 0
      vertex -18.9073 -32.8461 0
    endloop
  endfacet
  facet normal -0.933609 0.358293 0
    outer loop
      vertex -16.9519 -32.1344 0
      vertex -16.9344 -32.0888 3
      vertex -16.9344 -32.0888 0
    endloop
  endfacet
  facet normal -0.933609 0.358293 0
    outer loop
      vertex -16.9344 -32.0888 3
      vertex -16.9519 -32.1344 0
      vertex -16.9519 -32.1344 3
    endloop
  endfacet
  facet normal -0.453742 -0.891133 0
    outer loop
      vertex -17.6363 -30.3516 0
      vertex -17.5927 -30.3738 3
      vertex -17.6363 -30.3516 3
    endloop
  endfacet
  facet normal -0.453742 -0.891133 -0
    outer loop
      vertex -17.5927 -30.3738 3
      vertex -17.6363 -30.3516 0
      vertex -17.5927 -30.3738 0
    endloop
  endfacet
  facet normal 0.0860988 0.996287 -0
    outer loop
      vertex -18.3477 -33.0065 0
      vertex -18.3963 -33.0023 3
      vertex -18.3477 -33.0065 3
    endloop
  endfacet
  facet normal 0.0860988 0.996287 0
    outer loop
      vertex -18.3963 -33.0023 3
      vertex -18.3477 -33.0065 0
      vertex -18.3963 -33.0023 0
    endloop
  endfacet
  facet normal -0.421652 -0.906758 0
    outer loop
      vertex -17.6806 -30.331 0
      vertex -17.6363 -30.3516 3
      vertex -17.6806 -30.331 3
    endloop
  endfacet
  facet normal -0.421652 -0.906758 -0
    outer loop
      vertex -17.6363 -30.3516 3
      vertex -17.6806 -30.331 0
      vertex -17.6363 -30.3516 0
    endloop
  endfacet
  facet normal -0.390707 0.920515 0
    outer loop
      vertex -17.6806 -32.8889 0
      vertex -17.7256 -32.908 3
      vertex -17.6806 -32.8889 3
    endloop
  endfacet
  facet normal -0.390707 0.920515 0
    outer loop
      vertex -17.7256 -32.908 3
      vertex -17.6806 -32.8889 0
      vertex -17.7256 -32.908 0
    endloop
  endfacet
  facet normal 0.945785 0.324794 0
    outer loop
      vertex -19.5656 -32.0888 3
      vertex -19.5815 -32.0425 0
      vertex -19.5815 -32.0425 3
    endloop
  endfacet
  facet normal 0.945785 0.324794 0
    outer loop
      vertex -19.5815 -32.0425 0
      vertex -19.5656 -32.0888 3
      vertex -19.5656 -32.0888 0
    endloop
  endfacet
  facet normal 0.257917 0.966167 -0
    outer loop
      vertex -18.5887 -32.9683 0
      vertex -18.6359 -32.9557 3
      vertex -18.5887 -32.9683 3
    endloop
  endfacet
  facet normal 0.257917 0.966167 0
    outer loop
      vertex -18.6359 -32.9557 3
      vertex -18.5887 -32.9683 0
      vertex -18.6359 -32.9557 0
    endloop
  endfacet
  facet normal -0.190213 -0.981743 0
    outer loop
      vertex -18.0069 -30.2312 0
      vertex -17.9589 -30.2405 3
      vertex -18.0069 -30.2312 3
    endloop
  endfacet
  facet normal -0.190213 -0.981743 -0
    outer loop
      vertex -17.9589 -30.2405 3
      vertex -18.0069 -30.2312 0
      vertex -17.9589 -30.2405 0
    endloop
  endfacet
  facet normal -0.777054 0.629434 0
    outer loop
      vertex -17.1775 -32.5098 0
      vertex -17.1468 -32.4719 3
      vertex -17.1468 -32.4719 0
    endloop
  endfacet
  facet normal -0.777054 0.629434 0
    outer loop
      vertex -17.1468 -32.4719 3
      vertex -17.1775 -32.5098 0
      vertex -17.1775 -32.5098 3
    endloop
  endfacet
  facet normal 0.574834 0.81827 -0
    outer loop
      vertex -19.0329 -32.7706 0
      vertex -19.0729 -32.7425 3
      vertex -19.0329 -32.7706 3
    endloop
  endfacet
  facet normal 0.574834 0.81827 0
    outer loop
      vertex -19.0729 -32.7425 3
      vertex -19.0329 -32.7706 0
      vertex -19.0729 -32.7425 0
    endloop
  endfacet
  facet normal 0.905974 -0.423333 0
    outer loop
      vertex -19.529 -31.0405 3
      vertex -19.5083 -30.9962 0
      vertex -19.5083 -30.9962 3
    endloop
  endfacet
  facet normal 0.905974 -0.423333 0
    outer loop
      vertex -19.5083 -30.9962 0
      vertex -19.529 -31.0405 3
      vertex -19.529 -31.0405 0
    endloop
  endfacet
  facet normal -0.574834 0.81827 0
    outer loop
      vertex -17.4271 -32.7425 0
      vertex -17.4671 -32.7706 3
      vertex -17.4271 -32.7425 3
    endloop
  endfacet
  facet normal -0.574834 0.81827 0
    outer loop
      vertex -17.4671 -32.7706 3
      vertex -17.4271 -32.7425 0
      vertex -17.4671 -32.7706 0
    endloop
  endfacet
  facet normal -0.225158 0.974322 0
    outer loop
      vertex -17.9113 -32.9683 0
      vertex -17.9589 -32.9793 3
      vertex -17.9113 -32.9683 3
    endloop
  endfacet
  facet normal -0.225158 0.974322 0
    outer loop
      vertex -17.9589 -32.9793 3
      vertex -17.9113 -32.9683 0
      vertex -17.9589 -32.9793 0
    endloop
  endfacet
  facet normal -0.573462 -0.819232 0
    outer loop
      vertex -17.4671 -30.4493 0
      vertex -17.4271 -30.4773 3
      vertex -17.4671 -30.4493 3
    endloop
  endfacet
  facet normal -0.573462 -0.819232 -0
    outer loop
      vertex -17.4271 -30.4773 3
      vertex -17.4671 -30.4493 0
      vertex -17.4271 -30.4773 0
    endloop
  endfacet
  facet normal 0.155437 0.987846 -0
    outer loop
      vertex -18.4448 -32.9963 0
      vertex -18.4931 -32.9887 3
      vertex -18.4448 -32.9963 3
    endloop
  endfacet
  facet normal 0.155437 0.987846 0
    outer loop
      vertex -18.4931 -32.9887 3
      vertex -18.4448 -32.9963 0
      vertex -18.4931 -32.9887 0
    endloop
  endfacet
  facet normal -0.99983 -0.0184395 0
    outer loop
      vertex -16.85 -31.6099 0
      vertex -16.8509 -31.5611 3
      vertex -16.8509 -31.5611 0
    endloop
  endfacet
  facet normal -0.99983 -0.0184395 0
    outer loop
      vertex -16.8509 -31.5611 3
      vertex -16.85 -31.6099 0
      vertex -16.85 -31.6099 3
    endloop
  endfacet
  facet normal -0.956177 -0.292791 0
    outer loop
      vertex -16.9042 -31.224 0
      vertex -16.9185 -31.1773 3
      vertex -16.9185 -31.1773 0
    endloop
  endfacet
  facet normal -0.956177 -0.292791 0
    outer loop
      vertex -16.9185 -31.1773 3
      vertex -16.9042 -31.224 0
      vertex -16.9042 -31.224 3
    endloop
  endfacet
  facet normal -0.992682 -0.120759 0
    outer loop
      vertex -16.8577 -31.4636 0
      vertex -16.8636 -31.4151 3
      vertex -16.8636 -31.4151 0
    endloop
  endfacet
  facet normal -0.992682 -0.120759 0
    outer loop
      vertex -16.8636 -31.4151 3
      vertex -16.8577 -31.4636 0
      vertex -16.8577 -31.4636 3
    endloop
  endfacet
  facet normal 0.601964 0.798523 -0
    outer loop
      vertex -19.0729 -32.7425 0
      vertex -19.1119 -32.7131 3
      vertex -19.0729 -32.7425 3
    endloop
  endfacet
  facet normal 0.601964 0.798523 0
    outer loop
      vertex -19.1119 -32.7131 3
      vertex -19.0729 -32.7425 0
      vertex -19.1119 -32.7131 0
    endloop
  endfacet
  facet normal 0.73126 -0.682099 0
    outer loop
      vertex -19.2904 -30.6731 3
      vertex -19.2571 -30.6374 0
      vertex -19.2571 -30.6374 3
    endloop
  endfacet
  facet normal 0.73126 -0.682099 0
    outer loop
      vertex -19.2571 -30.6374 0
      vertex -19.2904 -30.6731 3
      vertex -19.2904 -30.6731 0
    endloop
  endfacet
  facet normal 0.515398 0.856951 -0
    outer loop
      vertex -18.95 -32.8224 0
      vertex -18.9919 -32.7972 3
      vertex -18.95 -32.8224 3
    endloop
  endfacet
  facet normal 0.515398 0.856951 0
    outer loop
      vertex -18.9919 -32.7972 3
      vertex -18.95 -32.8224 0
      vertex -18.9919 -32.7972 0
    endloop
  endfacet
  facet normal 0.966167 0.257917 0
    outer loop
      vertex -19.5958 -31.9958 3
      vertex -19.6084 -31.9486 0
      vertex -19.6084 -31.9486 3
    endloop
  endfacet
  facet normal 0.966167 0.257917 0
    outer loop
      vertex -19.6084 -31.9486 0
      vertex -19.5958 -31.9958 3
      vertex -19.5958 -31.9958 0
    endloop
  endfacet
  facet normal 0.73126 0.682099 0
    outer loop
      vertex -19.2571 -32.5824 3
      vertex -19.2904 -32.5467 0
      vertex -19.2904 -32.5467 3
    endloop
  endfacet
  facet normal 0.73126 0.682099 0
    outer loop
      vertex -19.2904 -32.5467 0
      vertex -19.2571 -32.5824 3
      vertex -19.2571 -32.5824 0
    endloop
  endfacet
  facet normal -0.290917 -0.956748 0
    outer loop
      vertex -17.8641 -30.2642 0
      vertex -17.8174 -30.2784 3
      vertex -17.8641 -30.2642 3
    endloop
  endfacet
  facet normal -0.290917 -0.956748 -0
    outer loop
      vertex -17.8174 -30.2784 3
      vertex -17.8641 -30.2642 0
      vertex -17.8174 -30.2784 0
    endloop
  endfacet
  facet normal -0.99869 -0.0511624 0
    outer loop
      vertex -16.8509 -31.5611 0
      vertex -16.8534 -31.5123 3
      vertex -16.8534 -31.5123 0
    endloop
  endfacet
  facet normal -0.99869 -0.0511624 0
    outer loop
      vertex -16.8534 -31.5123 3
      vertex -16.8509 -31.5611 0
      vertex -16.8509 -31.5611 3
    endloop
  endfacet
  facet normal -0.683192 -0.730238 0
    outer loop
      vertex -17.3132 -30.5695 0
      vertex -17.2775 -30.6029 3
      vertex -17.3132 -30.5695 3
    endloop
  endfacet
  facet normal -0.683192 -0.730238 -0
    outer loop
      vertex -17.2775 -30.6029 3
      vertex -17.3132 -30.5695 0
      vertex -17.2775 -30.6029 0
    endloop
  endfacet
  facet normal -0.945785 0.324794 0
    outer loop
      vertex -16.9344 -32.0888 0
      vertex -16.9185 -32.0425 3
      vertex -16.9185 -32.0425 0
    endloop
  endfacet
  facet normal -0.945785 0.324794 0
    outer loop
      vertex -16.9185 -32.0425 3
      vertex -16.9344 -32.0888 0
      vertex -16.9344 -32.0888 3
    endloop
  endfacet
  facet normal -0.0511624 -0.99869 0
    outer loop
      vertex -18.2011 -30.2108 0
      vertex -18.1523 -30.2133 3
      vertex -18.2011 -30.2108 3
    endloop
  endfacet
  facet normal -0.0511624 -0.99869 -0
    outer loop
      vertex -18.1523 -30.2133 3
      vertex -18.2011 -30.2108 0
      vertex -18.1523 -30.2133 0
    endloop
  endfacet
  facet normal 0.996125 -0.0879535 0
    outer loop
      vertex -19.6466 -31.5123 3
      vertex -19.6423 -31.4636 0
      vertex -19.6423 -31.4636 3
    endloop
  endfacet
  facet normal 0.996125 -0.0879535 0
    outer loop
      vertex -19.6423 -31.4636 0
      vertex -19.6466 -31.5123 3
      vertex -19.6466 -31.5123 0
    endloop
  endfacet
  facet normal -0.992682 0.120759 0
    outer loop
      vertex -16.8636 -31.8048 0
      vertex -16.8577 -31.7563 3
      vertex -16.8577 -31.7563 0
    endloop
  endfacet
  facet normal -0.992682 0.120759 0
    outer loop
      vertex -16.8577 -31.7563 3
      vertex -16.8636 -31.8048 0
      vertex -16.8636 -31.8048 3
    endloop
  endfacet
  facet normal 0.0532032 0.998584 -0
    outer loop
      vertex -18.2989 -33.0091 0
      vertex -18.3477 -33.0065 3
      vertex -18.2989 -33.0091 3
    endloop
  endfacet
  facet normal 0.0532032 0.998584 0
    outer loop
      vertex -18.3477 -33.0065 3
      vertex -18.2989 -33.0091 0
      vertex -18.3477 -33.0065 0
    endloop
  endfacet
  facet normal 0.292791 0.956177 -0
    outer loop
      vertex -18.6359 -32.9557 0
      vertex -18.6826 -32.9414 3
      vertex -18.6359 -32.9557 3
    endloop
  endfacet
  facet normal 0.292791 0.956177 0
    outer loop
      vertex -18.6826 -32.9414 3
      vertex -18.6359 -32.9557 0
      vertex -18.6826 -32.9414 0
    endloop
  endfacet
  facet normal 0.225158 0.974322 -0
    outer loop
      vertex -18.5411 -32.9793 0
      vertex -18.5887 -32.9683 3
      vertex -18.5411 -32.9793 3
    endloop
  endfacet
  facet normal 0.225158 0.974322 0
    outer loop
      vertex -18.5887 -32.9683 3
      vertex -18.5411 -32.9793 0
      vertex -18.5887 -32.9683 0
    endloop
  endfacet
  facet normal -0.655164 -0.755486 0
    outer loop
      vertex -17.3501 -30.5375 0
      vertex -17.3132 -30.5695 3
      vertex -17.3501 -30.5375 3
    endloop
  endfacet
  facet normal -0.655164 -0.755486 -0
    outer loop
      vertex -17.3132 -30.5695 3
      vertex -17.3501 -30.5375 0
      vertex -17.3132 -30.5695 0
    endloop
  endfacet
  facet normal -0.423333 0.905974 0
    outer loop
      vertex -17.6363 -32.8682 0
      vertex -17.6806 -32.8889 3
      vertex -17.6363 -32.8682 3
    endloop
  endfacet
  facet normal -0.423333 0.905974 0
    outer loop
      vertex -17.6806 -32.8889 3
      vertex -17.6363 -32.8682 0
      vertex -17.6806 -32.8889 0
    endloop
  endfacet
  facet normal -0.996125 -0.0879535 0
    outer loop
      vertex -16.8534 -31.5123 0
      vertex -16.8577 -31.4636 3
      vertex -16.8577 -31.4636 0
    endloop
  endfacet
  facet normal -0.996125 -0.0879535 0
    outer loop
      vertex -16.8577 -31.4636 3
      vertex -16.8534 -31.5123 0
      vertex -16.8534 -31.5123 3
    endloop
  endfacet
  facet normal -0.956177 0.292791 0
    outer loop
      vertex -16.9185 -32.0425 0
      vertex -16.9042 -31.9958 3
      vertex -16.9042 -31.9958 0
    endloop
  endfacet
  facet normal -0.956177 0.292791 0
    outer loop
      vertex -16.9042 -31.9958 3
      vertex -16.9185 -32.0425 0
      vertex -16.9185 -32.0425 3
    endloop
  endfacet
  facet normal -0.0163577 0.999866 0
    outer loop
      vertex -18.2011 -33.0091 0
      vertex -18.25 -33.0099 3
      vertex -18.2011 -33.0091 3
    endloop
  endfacet
  facet normal -0.0163577 0.999866 0
    outer loop
      vertex -18.25 -33.0099 3
      vertex -18.2011 -33.0091 0
      vertex -18.25 -33.0099 0
    endloop
  endfacet
  facet normal 0.956177 0.292791 0
    outer loop
      vertex -19.5815 -32.0425 3
      vertex -19.5958 -31.9958 0
      vertex -19.5958 -31.9958 3
    endloop
  endfacet
  facet normal 0.956177 0.292791 0
    outer loop
      vertex -19.5958 -31.9958 0
      vertex -19.5815 -32.0425 3
      vertex -19.5815 -32.0425 0
    endloop
  endfacet
  facet normal -0.874831 -0.484428 0
    outer loop
      vertex -17.0139 -30.9527 0
      vertex -17.0376 -30.9099 3
      vertex -17.0376 -30.9099 0
    endloop
  endfacet
  facet normal -0.874831 -0.484428 0
    outer loop
      vertex -17.0376 -30.9099 3
      vertex -17.0139 -30.9527 0
      vertex -17.0139 -30.9527 3
    endloop
  endfacet
  facet normal -0.0881331 -0.996109 0
    outer loop
      vertex -18.1523 -30.2133 0
      vertex -18.1037 -30.2176 3
      vertex -18.1523 -30.2133 3
    endloop
  endfacet
  facet normal -0.0881331 -0.996109 -0
    outer loop
      vertex -18.1037 -30.2176 3
      vertex -18.1523 -30.2133 0
      vertex -18.1037 -30.2176 0
    endloop
  endfacet
  facet normal -0.292791 0.956177 0
    outer loop
      vertex -17.8174 -32.9414 0
      vertex -17.8641 -32.9557 3
      vertex -17.8174 -32.9414 3
    endloop
  endfacet
  facet normal -0.292791 0.956177 0
    outer loop
      vertex -17.8641 -32.9557 3
      vertex -17.8174 -32.9414 0
      vertex -17.8641 -32.9557 0
    endloop
  endfacet
  facet normal 0.0163577 0.999866 -0
    outer loop
      vertex -18.25 -33.0099 0
      vertex -18.2989 -33.0091 3
      vertex -18.25 -33.0099 3
    endloop
  endfacet
  facet normal 0.0163577 0.999866 0
    outer loop
      vertex -18.2989 -33.0091 3
      vertex -18.25 -33.0099 0
      vertex -18.2989 -33.0091 0
    endloop
  endfacet
  facet normal -0.838911 0.544269 0
    outer loop
      vertex -17.0893 -32.3928 0
      vertex -17.0627 -32.3518 3
      vertex -17.0627 -32.3518 0
    endloop
  endfacet
  facet normal -0.838911 0.544269 0
    outer loop
      vertex -17.0627 -32.3518 3
      vertex -17.0893 -32.3928 0
      vertex -17.0893 -32.3928 3
    endloop
  endfacet
  facet normal -0.981743 0.190213 0
    outer loop
      vertex -16.8806 -31.901 0
      vertex -16.8713 -31.853 3
      vertex -16.8713 -31.853 0
    endloop
  endfacet
  facet normal -0.981743 0.190213 0
    outer loop
      vertex -16.8713 -31.853 3
      vertex -16.8806 -31.901 0
      vertex -16.8806 -31.901 3
    endloop
  endfacet
  facet normal 0.905607 0.424119 0
    outer loop
      vertex -19.5083 -32.2236 3
      vertex -19.529 -32.1794 0
      vertex -19.529 -32.1794 3
    endloop
  endfacet
  facet normal 0.905607 0.424119 0
    outer loop
      vertex -19.529 -32.1794 0
      vertex -19.5083 -32.2236 3
      vertex -19.5083 -32.2236 0
    endloop
  endfacet
  facet normal 0.629669 -0.776864 0
    outer loop
      vertex -19.1499 -30.5375 0
      vertex -19.1119 -30.5067 3
      vertex -19.1499 -30.5375 3
    endloop
  endfacet
  facet normal 0.629669 -0.776864 0
    outer loop
      vertex -19.1119 -30.5067 3
      vertex -19.1499 -30.5375 0
      vertex -19.1119 -30.5067 0
    endloop
  endfacet
  facet normal -0.682099 0.73126 0
    outer loop
      vertex -17.2775 -32.617 0
      vertex -17.3132 -32.6503 3
      vertex -17.2775 -32.617 3
    endloop
  endfacet
  facet normal -0.682099 0.73126 0
    outer loop
      vertex -17.3132 -32.6503 3
      vertex -17.2775 -32.617 0
      vertex -17.3132 -32.6503 0
    endloop
  endfacet
  facet normal -0.966167 0.257917 0
    outer loop
      vertex -16.9042 -31.9958 0
      vertex -16.8916 -31.9486 3
      vertex -16.8916 -31.9486 0
    endloop
  endfacet
  facet normal -0.966167 0.257917 0
    outer loop
      vertex -16.8916 -31.9486 3
      vertex -16.9042 -31.9958 0
      vertex -16.9042 -31.9958 3
    endloop
  endfacet
  facet normal -0.706083 -0.708129 0
    outer loop
      vertex -17.2429 -30.6374 0
      vertex -17.2775 -30.6029 3
      vertex -17.2775 -30.6029 0
    endloop
  endfacet
  facet normal -0.706083 -0.708129 0
    outer loop
      vertex -17.2775 -30.6029 3
      vertex -17.2429 -30.6374 0
      vertex -17.2429 -30.6374 3
    endloop
  endfacet
  facet normal -0.966167 -0.257917 0
    outer loop
      vertex -16.8916 -31.2712 0
      vertex -16.9042 -31.224 3
      vertex -16.9042 -31.224 0
    endloop
  endfacet
  facet normal -0.966167 -0.257917 0
    outer loop
      vertex -16.9042 -31.224 3
      vertex -16.8916 -31.2712 0
      vertex -16.8916 -31.2712 3
    endloop
  endfacet
  facet normal -0.905607 0.424119 0
    outer loop
      vertex -16.9917 -32.2236 0
      vertex -16.971 -32.1794 3
      vertex -16.971 -32.1794 0
    endloop
  endfacet
  facet normal -0.905607 0.424119 0
    outer loop
      vertex -16.971 -32.1794 3
      vertex -16.9917 -32.2236 0
      vertex -16.9917 -32.2236 3
    endloop
  endfacet
  facet normal -0.891133 0.453742 0
    outer loop
      vertex -17.0139 -32.2672 0
      vertex -16.9917 -32.2236 3
      vertex -16.9917 -32.2236 0
    endloop
  endfacet
  facet normal -0.891133 0.453742 0
    outer loop
      vertex -16.9917 -32.2236 3
      vertex -17.0139 -32.2672 0
      vertex -17.0139 -32.2672 3
    endloop
  endfacet
  facet normal -0.601964 0.798523 0
    outer loop
      vertex -17.3881 -32.7131 0
      vertex -17.4271 -32.7425 3
      vertex -17.3881 -32.7131 3
    endloop
  endfacet
  facet normal -0.601964 0.798523 0
    outer loop
      vertex -17.4271 -32.7425 3
      vertex -17.3881 -32.7131 0
      vertex -17.4271 -32.7425 0
    endloop
  endfacet
  facet normal -0.155437 0.987846 0
    outer loop
      vertex -18.0069 -32.9887 0
      vertex -18.0552 -32.9963 3
      vertex -18.0069 -32.9887 3
    endloop
  endfacet
  facet normal -0.155437 0.987846 0
    outer loop
      vertex -18.0552 -32.9963 3
      vertex -18.0069 -32.9887 0
      vertex -18.0552 -32.9963 0
    endloop
  endfacet
  facet normal 0.0511624 -0.99869 0
    outer loop
      vertex -18.3477 -30.2133 0
      vertex -18.2989 -30.2108 3
      vertex -18.3477 -30.2133 3
    endloop
  endfacet
  facet normal 0.0511624 -0.99869 0
    outer loop
      vertex -18.2989 -30.2108 3
      vertex -18.3477 -30.2133 0
      vertex -18.2989 -30.2108 0
    endloop
  endfacet
  facet normal -0.996125 0.0879535 0
    outer loop
      vertex -16.8577 -31.7563 0
      vertex -16.8534 -31.7076 3
      vertex -16.8534 -31.7076 0
    endloop
  endfacet
  facet normal -0.996125 0.0879535 0
    outer loop
      vertex -16.8534 -31.7076 3
      vertex -16.8577 -31.7563 0
      vertex -16.8577 -31.7563 3
    endloop
  endfacet
  facet normal 0.754473 0.656331 0
    outer loop
      vertex -19.2904 -32.5467 3
      vertex -19.3225 -32.5098 0
      vertex -19.3225 -32.5098 3
    endloop
  endfacet
  facet normal 0.754473 0.656331 0
    outer loop
      vertex -19.3225 -32.5098 0
      vertex -19.2904 -32.5467 3
      vertex -19.2904 -32.5467 0
    endloop
  endfacet
  facet normal -0.920515 -0.390707 0
    outer loop
      vertex -16.9519 -31.0855 0
      vertex -16.971 -31.0405 3
      vertex -16.971 -31.0405 0
    endloop
  endfacet
  facet normal -0.920515 -0.390707 0
    outer loop
      vertex -16.971 -31.0405 3
      vertex -16.9519 -31.0855 0
      vertex -16.9519 -31.0855 3
    endloop
  endfacet
  facet normal -0.754473 -0.656331 0
    outer loop
      vertex -17.1775 -30.71 0
      vertex -17.2096 -30.6731 3
      vertex -17.2096 -30.6731 0
    endloop
  endfacet
  facet normal -0.754473 -0.656331 0
    outer loop
      vertex -17.2096 -30.6731 3
      vertex -17.1775 -30.71 0
      vertex -17.1775 -30.71 3
    endloop
  endfacet
  facet normal -0.628432 0.777864 0
    outer loop
      vertex -17.3501 -32.6824 0
      vertex -17.3881 -32.7131 3
      vertex -17.3501 -32.6824 3
    endloop
  endfacet
  facet normal -0.628432 0.777864 0
    outer loop
      vertex -17.3881 -32.7131 3
      vertex -17.3501 -32.6824 0
      vertex -17.3881 -32.7131 0
    endloop
  endfacet
  facet normal -0.857854 0.513893 0
    outer loop
      vertex -17.0627 -32.3518 0
      vertex -17.0376 -32.3099 3
      vertex -17.0376 -32.3099 0
    endloop
  endfacet
  facet normal -0.857854 0.513893 0
    outer loop
      vertex -17.0376 -32.3099 3
      vertex -17.0627 -32.3518 0
      vertex -17.0627 -32.3518 3
    endloop
  endfacet
  facet normal -0.544269 -0.838911 0
    outer loop
      vertex -17.5081 -30.4227 0
      vertex -17.4671 -30.4493 3
      vertex -17.5081 -30.4227 3
    endloop
  endfacet
  facet normal -0.544269 -0.838911 -0
    outer loop
      vertex -17.4671 -30.4493 3
      vertex -17.5081 -30.4227 0
      vertex -17.4671 -30.4493 0
    endloop
  endfacet
  facet normal 0.327251 -0.944937 0
    outer loop
      vertex -18.7288 -30.2944 0
      vertex -18.6826 -30.2784 3
      vertex -18.7288 -30.2944 3
    endloop
  endfacet
  facet normal 0.327251 -0.944937 0
    outer loop
      vertex -18.6826 -30.2784 3
      vertex -18.7288 -30.2944 0
      vertex -18.6826 -30.2784 0
    endloop
  endfacet
  facet normal -0.98753 -0.157432 0
    outer loop
      vertex -16.8636 -31.4151 0
      vertex -16.8713 -31.3668 3
      vertex -16.8713 -31.3668 0
    endloop
  endfacet
  facet normal -0.98753 -0.157432 0
    outer loop
      vertex -16.8713 -31.3668 3
      vertex -16.8636 -31.4151 0
      vertex -16.8636 -31.4151 3
    endloop
  endfacet
  facet normal 0.544269 -0.838911 0
    outer loop
      vertex -19.0329 -30.4493 0
      vertex -18.9919 -30.4227 3
      vertex -19.0329 -30.4493 3
    endloop
  endfacet
  facet normal 0.544269 -0.838911 0
    outer loop
      vertex -18.9919 -30.4227 3
      vertex -19.0329 -30.4493 0
      vertex -18.9919 -30.4227 0
    endloop
  endfacet
  facet normal 0.87435 0.485295 0
    outer loop
      vertex -19.4624 -32.3099 3
      vertex -19.4861 -32.2672 0
      vertex -19.4861 -32.2672 3
    endloop
  endfacet
  facet normal 0.87435 0.485295 0
    outer loop
      vertex -19.4861 -32.2672 0
      vertex -19.4624 -32.3099 3
      vertex -19.4624 -32.3099 0
    endloop
  endfacet
  facet normal -0.358293 0.933609 0
    outer loop
      vertex -17.7256 -32.908 0
      vertex -17.7712 -32.9255 3
      vertex -17.7256 -32.908 3
    endloop
  endfacet
  facet normal -0.358293 0.933609 0
    outer loop
      vertex -17.7712 -32.9255 3
      vertex -17.7256 -32.908 0
      vertex -17.7712 -32.9255 0
    endloop
  endfacet
  facet normal 0.81827 0.574834 0
    outer loop
      vertex -19.3826 -32.4328 3
      vertex -19.4107 -32.3928 0
      vertex -19.4107 -32.3928 3
    endloop
  endfacet
  facet normal 0.81827 0.574834 0
    outer loop
      vertex -19.4107 -32.3928 0
      vertex -19.3826 -32.4328 3
      vertex -19.3826 -32.4328 0
    endloop
  endfacet
  facet normal 0.390707 0.920515 -0
    outer loop
      vertex -18.7744 -32.908 0
      vertex -18.8194 -32.8889 3
      vertex -18.7744 -32.908 3
    endloop
  endfacet
  facet normal 0.390707 0.920515 0
    outer loop
      vertex -18.8194 -32.8889 3
      vertex -18.7744 -32.908 0
      vertex -18.8194 -32.8889 0
    endloop
  endfacet
  facet normal 0.99983 -0.0184395 0
    outer loop
      vertex -19.65 -31.6099 3
      vertex -19.6491 -31.5611 0
      vertex -19.6491 -31.5611 3
    endloop
  endfacet
  facet normal 0.99983 -0.0184395 0
    outer loop
      vertex -19.6491 -31.5611 0
      vertex -19.65 -31.6099 3
      vertex -19.65 -31.6099 0
    endloop
  endfacet
  facet normal 0.423333 0.905974 -0
    outer loop
      vertex -18.8194 -32.8889 0
      vertex -18.8637 -32.8682 3
      vertex -18.8194 -32.8889 3
    endloop
  endfacet
  facet normal 0.423333 0.905974 0
    outer loop
      vertex -18.8637 -32.8682 3
      vertex -18.8194 -32.8889 0
      vertex -18.8637 -32.8682 0
    endloop
  endfacet
  facet normal -0.122775 0.992434 0
    outer loop
      vertex -18.0552 -32.9963 0
      vertex -18.1037 -33.0023 3
      vertex -18.0552 -32.9963 3
    endloop
  endfacet
  facet normal -0.122775 0.992434 0
    outer loop
      vertex -18.1037 -33.0023 3
      vertex -18.0552 -32.9963 0
      vertex -18.1037 -33.0023 0
    endloop
  endfacet
  facet normal 0.485295 -0.87435 0
    outer loop
      vertex -18.95 -30.3975 0
      vertex -18.9073 -30.3738 3
      vertex -18.95 -30.3975 3
    endloop
  endfacet
  facet normal 0.485295 -0.87435 0
    outer loop
      vertex -18.9073 -30.3738 3
      vertex -18.95 -30.3975 0
      vertex -18.9073 -30.3738 0
    endloop
  endfacet
  facet normal 0.706083 -0.708129 0
    outer loop
      vertex -19.2571 -30.6374 0
      vertex -19.2225 -30.6029 3
      vertex -19.2571 -30.6374 3
    endloop
  endfacet
  facet normal 0.706083 -0.708129 0
    outer loop
      vertex -19.2225 -30.6029 3
      vertex -19.2571 -30.6374 0
      vertex -19.2225 -30.6029 0
    endloop
  endfacet
  facet normal 0.996125 0.0879535 0
    outer loop
      vertex -19.6423 -31.7563 3
      vertex -19.6466 -31.7076 0
      vertex -19.6466 -31.7076 3
    endloop
  endfacet
  facet normal 0.996125 0.0879535 0
    outer loop
      vertex -19.6466 -31.7076 0
      vertex -19.6423 -31.7563 3
      vertex -19.6423 -31.7563 0
    endloop
  endfacet
  facet normal -0.544269 0.838911 0
    outer loop
      vertex -17.4671 -32.7706 0
      vertex -17.5081 -32.7972 3
      vertex -17.4671 -32.7706 3
    endloop
  endfacet
  facet normal -0.544269 0.838911 0
    outer loop
      vertex -17.5081 -32.7972 3
      vertex -17.4671 -32.7706 0
      vertex -17.5081 -32.7972 0
    endloop
  endfacet
  facet normal 0.628432 0.777864 -0
    outer loop
      vertex -19.1119 -32.7131 0
      vertex -19.1499 -32.6824 3
      vertex -19.1119 -32.7131 3
    endloop
  endfacet
  facet normal 0.628432 0.777864 0
    outer loop
      vertex -19.1499 -32.6824 3
      vertex -19.1119 -32.7131 0
      vertex -19.1499 -32.6824 0
    endloop
  endfacet
  facet normal 0.682099 0.73126 -0
    outer loop
      vertex -19.1868 -32.6503 0
      vertex -19.2225 -32.617 3
      vertex -19.1868 -32.6503 3
    endloop
  endfacet
  facet normal 0.682099 0.73126 0
    outer loop
      vertex -19.2225 -32.617 3
      vertex -19.1868 -32.6503 0
      vertex -19.2225 -32.617 0
    endloop
  endfacet
  facet normal -0.890711 -0.45457 0
    outer loop
      vertex -16.9917 -30.9962 0
      vertex -17.0139 -30.9527 3
      vertex -17.0139 -30.9527 0
    endloop
  endfacet
  facet normal -0.890711 -0.45457 0
    outer loop
      vertex -17.0139 -30.9527 3
      vertex -16.9917 -30.9962 0
      vertex -16.9917 -30.9962 3
    endloop
  endfacet
  facet normal 0.999831 0.0184018 0
    outer loop
      vertex -19.6491 -31.6588 3
      vertex -19.65 -31.6099 0
      vertex -19.65 -31.6099 3
    endloop
  endfacet
  facet normal 0.999831 0.0184018 0
    outer loop
      vertex -19.65 -31.6099 0
      vertex -19.6491 -31.6588 3
      vertex -19.6491 -31.6588 0
    endloop
  endfacet
  facet normal -0.920515 0.390707 0
    outer loop
      vertex -16.971 -32.1794 0
      vertex -16.9519 -32.1344 3
      vertex -16.9519 -32.1344 0
    endloop
  endfacet
  facet normal -0.920515 0.390707 0
    outer loop
      vertex -16.9519 -32.1344 3
      vertex -16.971 -32.1794 0
      vertex -16.971 -32.1794 3
    endloop
  endfacet
  facet normal 0.155437 -0.987846 0
    outer loop
      vertex -18.4931 -30.2312 0
      vertex -18.4448 -30.2236 3
      vertex -18.4931 -30.2312 3
    endloop
  endfacet
  facet normal 0.155437 -0.987846 0
    outer loop
      vertex -18.4448 -30.2236 3
      vertex -18.4931 -30.2312 0
      vertex -18.4448 -30.2236 0
    endloop
  endfacet
  facet normal -0.987479 0.157751 0
    outer loop
      vertex -16.8713 -31.853 0
      vertex -16.8636 -31.8048 3
      vertex -16.8636 -31.8048 0
    endloop
  endfacet
  facet normal -0.987479 0.157751 0
    outer loop
      vertex -16.8636 -31.8048 3
      vertex -16.8713 -31.853 0
      vertex -16.8713 -31.853 3
    endloop
  endfacet
  facet normal 0.981743 0.190213 0
    outer loop
      vertex -19.6194 -31.901 3
      vertex -19.6287 -31.853 0
      vertex -19.6287 -31.853 3
    endloop
  endfacet
  facet normal 0.981743 0.190213 0
    outer loop
      vertex -19.6287 -31.853 0
      vertex -19.6194 -31.901 3
      vertex -19.6194 -31.901 0
    endloop
  endfacet
  facet normal 0.655164 -0.755486 0
    outer loop
      vertex -19.1868 -30.5695 0
      vertex -19.1499 -30.5375 3
      vertex -19.1868 -30.5695 3
    endloop
  endfacet
  facet normal 0.655164 -0.755486 0
    outer loop
      vertex -19.1499 -30.5375 3
      vertex -19.1868 -30.5695 0
      vertex -19.1499 -30.5375 0
    endloop
  endfacet
  facet normal 0.974426 -0.22471 0
    outer loop
      vertex -19.6194 -31.3189 3
      vertex -19.6084 -31.2712 0
      vertex -19.6084 -31.2712 3
    endloop
  endfacet
  facet normal 0.974426 -0.22471 0
    outer loop
      vertex -19.6084 -31.2712 0
      vertex -19.6194 -31.3189 3
      vertex -19.6194 -31.3189 0
    endloop
  endfacet
  facet normal 0.421652 -0.906758 0
    outer loop
      vertex -18.8637 -30.3516 0
      vertex -18.8194 -30.331 3
      vertex -18.8637 -30.3516 3
    endloop
  endfacet
  facet normal 0.421652 -0.906758 0
    outer loop
      vertex -18.8194 -30.331 3
      vertex -18.8637 -30.3516 0
      vertex -18.8194 -30.331 0
    endloop
  endfacet
  facet normal -0.122775 -0.992434 0
    outer loop
      vertex -18.1037 -30.2176 0
      vertex -18.0552 -30.2236 3
      vertex -18.1037 -30.2176 3
    endloop
  endfacet
  facet normal -0.122775 -0.992434 -0
    outer loop
      vertex -18.0552 -30.2236 3
      vertex -18.1037 -30.2176 0
      vertex -18.0552 -30.2236 0
    endloop
  endfacet
  facet normal 0.974322 0.225158 0
    outer loop
      vertex -19.6084 -31.9486 3
      vertex -19.6194 -31.901 0
      vertex -19.6194 -31.901 3
    endloop
  endfacet
  facet normal 0.974322 0.225158 0
    outer loop
      vertex -19.6194 -31.901 0
      vertex -19.6084 -31.9486 3
      vertex -19.6084 -31.9486 0
    endloop
  endfacet
  facet normal -0.974426 -0.22471 0
    outer loop
      vertex -16.8806 -31.3189 0
      vertex -16.8916 -31.2712 3
      vertex -16.8916 -31.2712 0
    endloop
  endfacet
  facet normal -0.974426 -0.22471 0
    outer loop
      vertex -16.8916 -31.2712 3
      vertex -16.8806 -31.3189 0
      vertex -16.8806 -31.3189 3
    endloop
  endfacet
  facet normal 0.874831 -0.484428 0
    outer loop
      vertex -19.4861 -30.9527 3
      vertex -19.4624 -30.9099 0
      vertex -19.4624 -30.9099 3
    endloop
  endfacet
  facet normal 0.874831 -0.484428 0
    outer loop
      vertex -19.4624 -30.9099 0
      vertex -19.4861 -30.9527 3
      vertex -19.4861 -30.9527 0
    endloop
  endfacet
  facet normal 0.777054 0.629434 0
    outer loop
      vertex -19.3225 -32.5098 3
      vertex -19.3532 -32.4719 0
      vertex -19.3532 -32.4719 3
    endloop
  endfacet
  facet normal 0.777054 0.629434 0
    outer loop
      vertex -19.3532 -32.4719 0
      vertex -19.3225 -32.5098 3
      vertex -19.3225 -32.5098 0
    endloop
  endfacet
  facet normal -0.707107 0.707107 0
    outer loop
      vertex -17.2775 -32.617 0
      vertex -17.2429 -32.5824 3
      vertex -17.2429 -32.5824 0
    endloop
  endfacet
  facet normal -0.707107 0.707107 0
    outer loop
      vertex -17.2429 -32.5824 3
      vertex -17.2775 -32.617 0
      vertex -17.2775 -32.617 3
    endloop
  endfacet
  facet normal -0.257917 0.966167 0
    outer loop
      vertex -17.8641 -32.9557 0
      vertex -17.9113 -32.9683 3
      vertex -17.8641 -32.9557 3
    endloop
  endfacet
  facet normal -0.257917 0.966167 0
    outer loop
      vertex -17.9113 -32.9683 3
      vertex -17.8641 -32.9557 0
      vertex -17.9113 -32.9683 0
    endloop
  endfacet
  facet normal -0.601964 -0.798523 0
    outer loop
      vertex -17.4271 -30.4773 0
      vertex -17.3881 -30.5067 3
      vertex -17.4271 -30.4773 3
    endloop
  endfacet
  facet normal -0.601964 -0.798523 -0
    outer loop
      vertex -17.3881 -30.5067 3
      vertex -17.4271 -30.4773 0
      vertex -17.3881 -30.5067 0
    endloop
  endfacet
  facet normal -0.945569 -0.325423 0
    outer loop
      vertex -16.9185 -31.1773 0
      vertex -16.9344 -31.1311 3
      vertex -16.9344 -31.1311 0
    endloop
  endfacet
  facet normal -0.945569 -0.325423 0
    outer loop
      vertex -16.9344 -31.1311 3
      vertex -16.9185 -31.1773 0
      vertex -16.9185 -31.1773 3
    endloop
  endfacet
  facet normal -0.838303 -0.545204 0
    outer loop
      vertex -17.0627 -30.868 0
      vertex -17.0893 -30.8271 3
      vertex -17.0893 -30.8271 0
    endloop
  endfacet
  facet normal -0.838303 -0.545204 0
    outer loop
      vertex -17.0893 -30.8271 3
      vertex -17.0627 -30.868 0
      vertex -17.0627 -30.868 3
    endloop
  endfacet
  facet normal 0.0184018 -0.999831 0
    outer loop
      vertex -18.2989 -30.2108 0
      vertex -18.25 -30.2099 3
      vertex -18.2989 -30.2108 3
    endloop
  endfacet
  facet normal 0.0184018 -0.999831 0
    outer loop
      vertex -18.25 -30.2099 3
      vertex -18.2989 -30.2108 0
      vertex -18.25 -30.2099 0
    endloop
  endfacet
  facet normal -0.754473 0.656331 0
    outer loop
      vertex -17.2096 -32.5467 0
      vertex -17.1775 -32.5098 3
      vertex -17.1775 -32.5098 0
    endloop
  endfacet
  facet normal -0.754473 0.656331 0
    outer loop
      vertex -17.1775 -32.5098 3
      vertex -17.2096 -32.5467 0
      vertex -17.2096 -32.5467 3
    endloop
  endfacet
  facet normal 0.99869 -0.0511624 0
    outer loop
      vertex -19.6491 -31.5611 3
      vertex -19.6466 -31.5123 0
      vertex -19.6466 -31.5123 3
    endloop
  endfacet
  facet normal 0.99869 -0.0511624 0
    outer loop
      vertex -19.6466 -31.5123 0
      vertex -19.6491 -31.5611 3
      vertex -19.6491 -31.5611 0
    endloop
  endfacet
  facet normal -0.798523 -0.601964 0
    outer loop
      vertex -17.1174 -30.787 0
      vertex -17.1468 -30.748 3
      vertex -17.1468 -30.748 0
    endloop
  endfacet
  facet normal -0.798523 -0.601964 0
    outer loop
      vertex -17.1468 -30.748 3
      vertex -17.1174 -30.787 0
      vertex -17.1174 -30.787 3
    endloop
  endfacet
  facet normal -0.87435 0.485295 0
    outer loop
      vertex -17.0376 -32.3099 0
      vertex -17.0139 -32.2672 3
      vertex -17.0139 -32.2672 0
    endloop
  endfacet
  facet normal -0.87435 0.485295 0
    outer loop
      vertex -17.0139 -32.2672 3
      vertex -17.0376 -32.3099 0
      vertex -17.0376 -32.3099 3
    endloop
  endfacet
  facet normal 0.122775 -0.992434 0
    outer loop
      vertex -18.4448 -30.2236 0
      vertex -18.3963 -30.2176 3
      vertex -18.4448 -30.2236 3
    endloop
  endfacet
  facet normal 0.122775 -0.992434 0
    outer loop
      vertex -18.3963 -30.2176 3
      vertex -18.4448 -30.2236 0
      vertex -18.3963 -30.2176 0
    endloop
  endfacet
  facet normal -0.485295 -0.87435 0
    outer loop
      vertex -17.5927 -30.3738 0
      vertex -17.55 -30.3975 3
      vertex -17.5927 -30.3738 3
    endloop
  endfacet
  facet normal -0.485295 -0.87435 -0
    outer loop
      vertex -17.55 -30.3975 3
      vertex -17.5927 -30.3738 0
      vertex -17.55 -30.3975 0
    endloop
  endfacet
  facet normal -0.358293 -0.933609 0
    outer loop
      vertex -17.7712 -30.2944 0
      vertex -17.7256 -30.3119 3
      vertex -17.7712 -30.2944 3
    endloop
  endfacet
  facet normal -0.358293 -0.933609 -0
    outer loop
      vertex -17.7256 -30.3119 3
      vertex -17.7712 -30.2944 0
      vertex -17.7256 -30.3119 0
    endloop
  endfacet
  facet normal 0.290917 -0.956748 0
    outer loop
      vertex -18.6826 -30.2784 0
      vertex -18.6359 -30.2642 3
      vertex -18.6826 -30.2784 3
    endloop
  endfacet
  facet normal 0.290917 -0.956748 0
    outer loop
      vertex -18.6359 -30.2642 3
      vertex -18.6826 -30.2784 0
      vertex -18.6359 -30.2642 0
    endloop
  endfacet
  facet normal 0.777864 -0.628432 0
    outer loop
      vertex -19.3532 -30.748 3
      vertex -19.3225 -30.71 0
      vertex -19.3225 -30.71 3
    endloop
  endfacet
  facet normal 0.777864 -0.628432 0
    outer loop
      vertex -19.3225 -30.71 0
      vertex -19.3532 -30.748 3
      vertex -19.3532 -30.748 0
    endloop
  endfacet
  facet normal -0.981669 -0.190595 0
    outer loop
      vertex -16.8713 -31.3668 0
      vertex -16.8806 -31.3189 3
      vertex -16.8806 -31.3189 0
    endloop
  endfacet
  facet normal -0.981669 -0.190595 0
    outer loop
      vertex -16.8806 -31.3189 3
      vertex -16.8713 -31.3668 0
      vertex -16.8713 -31.3668 3
    endloop
  endfacet
  facet normal -0.905974 -0.423333 0
    outer loop
      vertex -16.971 -31.0405 0
      vertex -16.9917 -30.9962 3
      vertex -16.9917 -30.9962 0
    endloop
  endfacet
  facet normal -0.905974 -0.423333 0
    outer loop
      vertex -16.9917 -30.9962 3
      vertex -16.971 -31.0405 0
      vertex -16.971 -31.0405 3
    endloop
  endfacet
  facet normal 0.515398 -0.856951 0
    outer loop
      vertex -18.9919 -30.4227 0
      vertex -18.95 -30.3975 3
      vertex -18.9919 -30.4227 3
    endloop
  endfacet
  facet normal 0.515398 -0.856951 0
    outer loop
      vertex -18.95 -30.3975 3
      vertex -18.9919 -30.4227 0
      vertex -18.95 -30.3975 0
    endloop
  endfacet
  facet normal -0.515398 -0.856951 0
    outer loop
      vertex -17.55 -30.3975 0
      vertex -17.5081 -30.4227 3
      vertex -17.55 -30.3975 3
    endloop
  endfacet
  facet normal -0.515398 -0.856951 -0
    outer loop
      vertex -17.5081 -30.4227 3
      vertex -17.55 -30.3975 0
      vertex -17.5081 -30.4227 0
    endloop
  endfacet
  facet normal -0.99869 0.0511624 0
    outer loop
      vertex -16.8534 -31.7076 0
      vertex -16.8509 -31.6588 3
      vertex -16.8509 -31.6588 0
    endloop
  endfacet
  facet normal -0.99869 0.0511624 0
    outer loop
      vertex -16.8509 -31.6588 3
      vertex -16.8534 -31.7076 0
      vertex -16.8534 -31.7076 3
    endloop
  endfacet
  facet normal 0.992682 0.120759 0
    outer loop
      vertex -19.6364 -31.8048 3
      vertex -19.6423 -31.7563 0
      vertex -19.6423 -31.7563 3
    endloop
  endfacet
  facet normal 0.992682 0.120759 0
    outer loop
      vertex -19.6423 -31.7563 0
      vertex -19.6364 -31.8048 3
      vertex -19.6364 -31.8048 0
    endloop
  endfacet
  facet normal 0.987479 0.157751 0
    outer loop
      vertex -19.6287 -31.853 3
      vertex -19.6364 -31.8048 0
      vertex -19.6364 -31.8048 3
    endloop
  endfacet
  facet normal 0.987479 0.157751 0
    outer loop
      vertex -19.6364 -31.8048 0
      vertex -19.6287 -31.853 3
      vertex -19.6287 -31.853 0
    endloop
  endfacet
  facet normal 0.190213 -0.981743 0
    outer loop
      vertex -18.5411 -30.2405 0
      vertex -18.4931 -30.2312 3
      vertex -18.5411 -30.2405 3
    endloop
  endfacet
  facet normal 0.190213 -0.981743 0
    outer loop
      vertex -18.4931 -30.2312 3
      vertex -18.5411 -30.2405 0
      vertex -18.4931 -30.2312 0
    endloop
  endfacet
  facet normal 0.390707 -0.920515 0
    outer loop
      vertex -18.8194 -30.331 0
      vertex -18.7744 -30.3119 3
      vertex -18.8194 -30.331 3
    endloop
  endfacet
  facet normal 0.390707 -0.920515 0
    outer loop
      vertex -18.7744 -30.3119 3
      vertex -18.8194 -30.331 0
      vertex -18.7744 -30.3119 0
    endloop
  endfacet
  facet normal 0.933609 0.358293 0
    outer loop
      vertex -19.5481 -32.1344 3
      vertex -19.5656 -32.0888 0
      vertex -19.5656 -32.0888 3
    endloop
  endfacet
  facet normal 0.933609 0.358293 0
    outer loop
      vertex -19.5656 -32.0888 0
      vertex -19.5481 -32.1344 3
      vertex -19.5481 -32.1344 0
    endloop
  endfacet
  facet normal -0.515398 0.856951 0
    outer loop
      vertex -17.5081 -32.7972 0
      vertex -17.55 -32.8224 3
      vertex -17.5081 -32.7972 3
    endloop
  endfacet
  facet normal -0.515398 0.856951 0
    outer loop
      vertex -17.55 -32.8224 3
      vertex -17.5081 -32.7972 0
      vertex -17.55 -32.8224 0
    endloop
  endfacet
  facet normal 0.798523 -0.601964 0
    outer loop
      vertex -19.3826 -30.787 3
      vertex -19.3532 -30.748 0
      vertex -19.3532 -30.748 3
    endloop
  endfacet
  facet normal 0.798523 -0.601964 0
    outer loop
      vertex -19.3532 -30.748 0
      vertex -19.3826 -30.787 3
      vertex -19.3826 -30.787 0
    endloop
  endfacet
  facet normal 0.453742 -0.891133 0
    outer loop
      vertex -18.9073 -30.3738 0
      vertex -18.8637 -30.3516 3
      vertex -18.9073 -30.3738 3
    endloop
  endfacet
  facet normal 0.453742 -0.891133 0
    outer loop
      vertex -18.8637 -30.3516 3
      vertex -18.9073 -30.3738 0
      vertex -18.8637 -30.3516 0
    endloop
  endfacet
  facet normal 0.920515 0.390707 0
    outer loop
      vertex -19.529 -32.1794 3
      vertex -19.5481 -32.1344 0
      vertex -19.5481 -32.1344 3
    endloop
  endfacet
  facet normal 0.920515 0.390707 0
    outer loop
      vertex -19.5481 -32.1344 0
      vertex -19.529 -32.1794 3
      vertex -19.529 -32.1794 0
    endloop
  endfacet
  facet normal -0.225158 -0.974322 0
    outer loop
      vertex -17.9589 -30.2405 0
      vertex -17.9113 -30.2515 3
      vertex -17.9589 -30.2405 3
    endloop
  endfacet
  facet normal -0.225158 -0.974322 -0
    outer loop
      vertex -17.9113 -30.2515 3
      vertex -17.9589 -30.2405 0
      vertex -17.9113 -30.2515 0
    endloop
  endfacet
  facet normal 0.966167 -0.257917 0
    outer loop
      vertex -19.6084 -31.2712 3
      vertex -19.5958 -31.224 0
      vertex -19.5958 -31.224 3
    endloop
  endfacet
  facet normal 0.966167 -0.257917 0
    outer loop
      vertex -19.5958 -31.224 0
      vertex -19.6084 -31.2712 3
      vertex -19.6084 -31.2712 0
    endloop
  endfacet
  facet normal 0.956177 -0.292791 0
    outer loop
      vertex -19.5958 -31.224 3
      vertex -19.5815 -31.1773 0
      vertex -19.5815 -31.1773 3
    endloop
  endfacet
  facet normal 0.956177 -0.292791 0
    outer loop
      vertex -19.5815 -31.1773 0
      vertex -19.5958 -31.224 3
      vertex -19.5958 -31.224 0
    endloop
  endfacet
  facet normal -0.857854 -0.513893 0
    outer loop
      vertex -17.0376 -30.9099 0
      vertex -17.0627 -30.868 3
      vertex -17.0627 -30.868 0
    endloop
  endfacet
  facet normal -0.857854 -0.513893 0
    outer loop
      vertex -17.0627 -30.868 3
      vertex -17.0376 -30.9099 0
      vertex -17.0376 -30.9099 3
    endloop
  endfacet
  facet normal -0.818944 -0.573873 0
    outer loop
      vertex -17.0893 -30.8271 0
      vertex -17.1174 -30.787 3
      vertex -17.1174 -30.787 0
    endloop
  endfacet
  facet normal -0.818944 -0.573873 0
    outer loop
      vertex -17.1174 -30.787 3
      vertex -17.0893 -30.8271 0
      vertex -17.0893 -30.8271 3
    endloop
  endfacet
  facet normal -0.73126 0.682099 0
    outer loop
      vertex -17.2429 -32.5824 0
      vertex -17.2096 -32.5467 3
      vertex -17.2096 -32.5467 0
    endloop
  endfacet
  facet normal -0.73126 0.682099 0
    outer loop
      vertex -17.2096 -32.5467 3
      vertex -17.2429 -32.5824 0
      vertex -17.2429 -32.5824 3
    endloop
  endfacet
  facet normal 0.601964 -0.798523 0
    outer loop
      vertex -19.1119 -30.5067 0
      vertex -19.0729 -30.4773 3
      vertex -19.1119 -30.5067 3
    endloop
  endfacet
  facet normal 0.601964 -0.798523 0
    outer loop
      vertex -19.0729 -30.4773 3
      vertex -19.1119 -30.5067 0
      vertex -19.0729 -30.4773 0
    endloop
  endfacet
  facet normal 0.754473 -0.656331 0
    outer loop
      vertex -19.3225 -30.71 3
      vertex -19.2904 -30.6731 0
      vertex -19.2904 -30.6731 3
    endloop
  endfacet
  facet normal 0.754473 -0.656331 0
    outer loop
      vertex -19.2904 -30.6731 0
      vertex -19.3225 -30.71 3
      vertex -19.3225 -30.71 0
    endloop
  endfacet
  facet normal 0.0173945 0.999849 -0
    outer loop
      vertex 0 -1.4 -2
      vertex -0.0488586 -1.39915 3
      vertex 0 -1.4 3
    endloop
  endfacet
  facet normal 0.0173945 0.999849 0
    outer loop
      vertex -0.0488586 -1.39915 3
      vertex 0 -1.4 -2
      vertex -0.0488586 -1.39915 -2
    endloop
  endfacet
  facet normal -0.998627 -0.0523874 0
    outer loop
      vertex 1.39915 0.0488586 -2
      vertex 1.39659 0.0976582 3
      vertex 1.39659 0.0976582 -2
    endloop
  endfacet
  facet normal -0.998627 -0.0523874 0
    outer loop
      vertex 1.39659 0.0976582 3
      vertex 1.39915 0.0488586 -2
      vertex 1.39915 0.0488586 3
    endloop
  endfacet
  facet normal -0.999849 -0.0173945 0
    outer loop
      vertex 1.4 0 -2
      vertex 1.39915 0.0488586 3
      vertex 1.39915 0.0488586 -2
    endloop
  endfacet
  facet normal -0.999849 -0.0173945 0
    outer loop
      vertex 1.39915 0.0488586 3
      vertex 1.4 0 -2
      vertex 1.4 0 3
    endloop
  endfacet
  facet normal -0.996193 -0.0871757 0
    outer loop
      vertex 1.39659 0.0976582 -2
      vertex 1.39233 0.146339 3
      vertex 1.39233 0.146339 -2
    endloop
  endfacet
  facet normal -0.996193 -0.0871757 0
    outer loop
      vertex 1.39233 0.146339 3
      vertex 1.39659 0.0976582 -2
      vertex 1.39659 0.0976582 3
    endloop
  endfacet
  facet normal -0.965965 0.258671 0
    outer loop
      vertex 1.34577 -0.385892 -2
      vertex 1.35841 -0.33869 3
      vertex 1.35841 -0.33869 -2
    endloop
  endfacet
  facet normal -0.965965 0.258671 0
    outer loop
      vertex 1.35841 -0.33869 3
      vertex 1.34577 -0.385892 -2
      vertex 1.34577 -0.385892 3
    endloop
  endfacet
  facet normal -0.992535 -0.121962 0
    outer loop
      vertex 1.39233 0.146339 -2
      vertex 1.38637 0.194842 3
      vertex 1.38637 0.194842 -2
    endloop
  endfacet
  facet normal -0.992535 -0.121962 0
    outer loop
      vertex 1.38637 0.194842 3
      vertex 1.39233 0.146339 -2
      vertex 1.39233 0.146339 3
    endloop
  endfacet
  facet normal 0.156346 -0.987702 0
    outer loop
      vertex -0.243107 1.37873 -2
      vertex -0.194842 1.38637 3
      vertex -0.243107 1.37873 3
    endloop
  endfacet
  facet normal 0.156346 -0.987702 0
    outer loop
      vertex -0.194842 1.38637 3
      vertex -0.243107 1.37873 -2
      vertex -0.194842 1.38637 -2
    endloop
  endfacet
  facet normal -0.156346 -0.987702 0
    outer loop
      vertex 0.194842 1.38637 -2
      vertex 0.243107 1.37873 3
      vertex 0.194842 1.38637 3
    endloop
  endfacet
  facet normal -0.156346 -0.987702 -0
    outer loop
      vertex 0.243107 1.37873 3
      vertex 0.194842 1.38637 -2
      vertex 0.243107 1.37873 -2
    endloop
  endfacet
  facet normal 0.956288 -0.292426 0
    outer loop
      vertex -1.34577 0.385892 3
      vertex -1.33148 0.432623 -2
      vertex -1.33148 0.432623 3
    endloop
  endfacet
  facet normal 0.956288 -0.292426 0
    outer loop
      vertex -1.33148 0.432623 -2
      vertex -1.34577 0.385892 3
      vertex -1.34577 0.385892 -2
    endloop
  endfacet
  facet normal -0.838621 0.544716 0
    outer loop
      vertex 1.16065 -0.782869 -2
      vertex 1.18727 -0.741886 3
      vertex 1.18727 -0.741886 -2
    endloop
  endfacet
  facet normal -0.838621 0.544716 0
    outer loop
      vertex 1.18727 -0.741886 3
      vertex 1.16065 -0.782869 -2
      vertex 1.16065 -0.782869 3
    endloop
  endfacet
  facet normal -0.0871757 0.996193 0
    outer loop
      vertex 0.146339 -1.39233 -2
      vertex 0.0976582 -1.39659 3
      vertex 0.146339 -1.39233 3
    endloop
  endfacet
  facet normal -0.0871757 0.996193 0
    outer loop
      vertex 0.0976582 -1.39659 3
      vertex 0.146339 -1.39233 -2
      vertex 0.0976582 -1.39659 -2
    endloop
  endfacet
  facet normal 0.996193 -0.0871757 0
    outer loop
      vertex -1.39659 0.0976582 3
      vertex -1.39233 0.146339 -2
      vertex -1.39233 0.146339 3
    endloop
  endfacet
  facet normal 0.996193 -0.0871757 0
    outer loop
      vertex -1.39233 0.146339 -2
      vertex -1.39659 0.0976582 3
      vertex -1.39659 0.0976582 -2
    endloop
  endfacet
  facet normal -0.39084 -0.920459 0
    outer loop
      vertex 0.524448 1.29806 -2
      vertex 0.56943 1.27896 3
      vertex 0.524448 1.29806 3
    endloop
  endfacet
  facet normal -0.39084 -0.920459 -0
    outer loop
      vertex 0.56943 1.27896 3
      vertex 0.524448 1.29806 -2
      vertex 0.56943 1.27896 -2
    endloop
  endfacet
  facet normal 0.857236 -0.514923 0
    outer loop
      vertex -1.21243 0.7 3
      vertex -1.18727 0.741886 -2
      vertex -1.18727 0.741886 3
    endloop
  endfacet
  facet normal 0.857236 -0.514923 0
    outer loop
      vertex -1.18727 0.741886 -2
      vertex -1.21243 0.7 3
      vertex -1.21243 0.7 -2
    endloop
  endfacet
  facet normal -0.945514 -0.325581 0
    outer loop
      vertex 1.33148 0.432623 -2
      vertex 1.31557 0.478827 3
      vertex 1.31557 0.478827 -2
    endloop
  endfacet
  facet normal -0.945514 -0.325581 0
    outer loop
      vertex 1.31557 0.478827 3
      vertex 1.33148 0.432623 -2
      vertex 1.33148 0.432623 3
    endloop
  endfacet
  facet normal -0.956288 0.292426 0
    outer loop
      vertex 1.33148 -0.432623 -2
      vertex 1.34577 -0.385892 3
      vertex 1.34577 -0.385892 -2
    endloop
  endfacet
  facet normal -0.956288 0.292426 0
    outer loop
      vertex 1.34577 -0.385892 3
      vertex 1.33148 -0.432623 -2
      vertex 1.33148 -0.432623 3
    endloop
  endfacet
  facet normal 0.121962 -0.992535 0
    outer loop
      vertex -0.194842 1.38637 -2
      vertex -0.146339 1.39233 3
      vertex -0.194842 1.38637 3
    endloop
  endfacet
  facet normal 0.121962 -0.992535 0
    outer loop
      vertex -0.146339 1.39233 3
      vertex -0.194842 1.38637 -2
      vertex -0.146339 1.39233 -2
    endloop
  endfacet
  facet normal 0.777178 0.629281 0
    outer loop
      vertex -1.07246 -0.899902 3
      vertex -1.10321 -0.861925 -2
      vertex -1.10321 -0.861925 3
    endloop
  endfacet
  facet normal 0.777178 0.629281 0
    outer loop
      vertex -1.10321 -0.861925 -2
      vertex -1.07246 -0.899902 3
      vertex -1.07246 -0.899902 -2
    endloop
  endfacet
  facet normal -0.0523874 0.998627 0
    outer loop
      vertex 0.0976582 -1.39659 -2
      vertex 0.0488586 -1.39915 3
      vertex 0.0976582 -1.39659 3
    endloop
  endfacet
  facet normal -0.0523874 0.998627 0
    outer loop
      vertex 0.0488586 -1.39915 3
      vertex 0.0976582 -1.39659 -2
      vertex 0.0488586 -1.39915 -2
    endloop
  endfacet
  facet normal -0.484948 -0.874543 0
    outer loop
      vertex 0.65726 1.23613 -2
      vertex 0.7 1.21243 3
      vertex 0.65726 1.23613 3
    endloop
  endfacet
  facet normal -0.484948 -0.874543 -0
    outer loop
      vertex 0.7 1.21243 3
      vertex 0.65726 1.23613 -2
      vertex 0.7 1.21243 -2
    endloop
  endfacet
  facet normal -0.190726 0.981643 0
    outer loop
      vertex 0.291076 -1.36941 -2
      vertex 0.243107 -1.37873 3
      vertex 0.291076 -1.36941 3
    endloop
  endfacet
  facet normal -0.190726 0.981643 0
    outer loop
      vertex 0.243107 -1.37873 3
      vertex 0.291076 -1.36941 -2
      vertex 0.243107 -1.37873 -2
    endloop
  endfacet
  facet normal -0.754711 0.656057 0
    outer loop
      vertex 1.0404 -0.936783 -2
      vertex 1.07246 -0.899902 3
      vertex 1.07246 -0.899902 -2
    endloop
  endfacet
  facet normal -0.754711 0.656057 0
    outer loop
      vertex 1.07246 -0.899902 3
      vertex 1.0404 -0.936783 -2
      vertex 1.0404 -0.936783 3
    endloop
  endfacet
  facet normal 0.996193 0.0871757 0
    outer loop
      vertex -1.39233 -0.146339 3
      vertex -1.39659 -0.0976582 -2
      vertex -1.39659 -0.0976582 3
    endloop
  endfacet
  facet normal 0.996193 0.0871757 0
    outer loop
      vertex -1.39659 -0.0976582 -2
      vertex -1.39233 -0.146339 3
      vertex -1.39233 -0.146339 -2
    endloop
  endfacet
  facet normal -0.965965 -0.258671 0
    outer loop
      vertex 1.35841 0.33869 -2
      vertex 1.34577 0.385892 3
      vertex 1.34577 0.385892 -2
    endloop
  endfacet
  facet normal -0.965965 -0.258671 0
    outer loop
      vertex 1.34577 0.385892 3
      vertex 1.35841 0.33869 -2
      vertex 1.35841 0.33869 3
    endloop
  endfacet
  facet normal -0.544716 -0.838621 0
    outer loop
      vertex 0.741886 1.18727 -2
      vertex 0.782869 1.16065 3
      vertex 0.741886 1.18727 3
    endloop
  endfacet
  facet normal -0.544716 -0.838621 -0
    outer loop
      vertex 0.782869 1.16065 3
      vertex 0.741886 1.18727 -2
      vertex 0.782869 1.16065 -2
    endloop
  endfacet
  facet normal -0.325581 -0.945514 0
    outer loop
      vertex 0.432623 1.33148 -2
      vertex 0.478827 1.31557 3
      vertex 0.432623 1.33148 3
    endloop
  endfacet
  facet normal -0.325581 -0.945514 -0
    outer loop
      vertex 0.478827 1.31557 3
      vertex 0.432623 1.33148 -2
      vertex 0.478827 1.31557 -2
    endloop
  endfacet
  facet normal 0.0871757 0.996193 -0
    outer loop
      vertex -0.0976582 -1.39659 -2
      vertex -0.146339 -1.39233 3
      vertex -0.0976582 -1.39659 3
    endloop
  endfacet
  facet normal 0.0871757 0.996193 0
    outer loop
      vertex -0.146339 -1.39233 3
      vertex -0.0976582 -1.39659 -2
      vertex -0.146339 -1.39233 -2
    endloop
  endfacet
  facet normal -0.573586 0.819145 0
    outer loop
      vertex 0.822899 -1.13262 -2
      vertex 0.782869 -1.16065 3
      vertex 0.822899 -1.13262 3
    endloop
  endfacet
  facet normal -0.573586 0.819145 0
    outer loop
      vertex 0.782869 -1.16065 3
      vertex 0.822899 -1.13262 -2
      vertex 0.782869 -1.16065 -2
    endloop
  endfacet
  facet normal -0.857236 -0.514923 0
    outer loop
      vertex 1.21243 0.7 -2
      vertex 1.18727 0.741886 3
      vertex 1.18727 0.741886 -2
    endloop
  endfacet
  facet normal -0.857236 -0.514923 0
    outer loop
      vertex 1.18727 0.741886 3
      vertex 1.21243 0.7 -2
      vertex 1.21243 0.7 3
    endloop
  endfacet
  facet normal 0.68193 0.731417 -0
    outer loop
      vertex -0.936783 -1.0404 -2
      vertex -0.972521 -1.00708 3
      vertex -0.936783 -1.0404 3
    endloop
  endfacet
  facet normal 0.68193 0.731417 0
    outer loop
      vertex -0.972521 -1.00708 3
      vertex -0.936783 -1.0404 -2
      vertex -0.972521 -1.00708 -2
    endloop
  endfacet
  facet normal 0.514923 -0.857236 0
    outer loop
      vertex -0.741886 1.18727 -2
      vertex -0.7 1.21243 3
      vertex -0.741886 1.18727 3
    endloop
  endfacet
  facet normal 0.514923 -0.857236 0
    outer loop
      vertex -0.7 1.21243 3
      vertex -0.741886 1.18727 -2
      vertex -0.7 1.21243 -2
    endloop
  endfacet
  facet normal -0.731417 0.68193 0
    outer loop
      vertex 1.00708 -0.972521 -2
      vertex 1.0404 -0.936783 3
      vertex 1.0404 -0.936783 -2
    endloop
  endfacet
  facet normal -0.731417 0.68193 0
    outer loop
      vertex 1.0404 -0.936783 3
      vertex 1.00708 -0.972521 -2
      vertex 1.00708 -0.972521 3
    endloop
  endfacet
  facet normal -0.987702 -0.156346 0
    outer loop
      vertex 1.38637 0.194842 -2
      vertex 1.37873 0.243107 3
      vertex 1.37873 0.243107 -2
    endloop
  endfacet
  facet normal -0.987702 -0.156346 0
    outer loop
      vertex 1.37873 0.243107 3
      vertex 1.38637 0.194842 -2
      vertex 1.38637 0.194842 3
    endloop
  endfacet
  facet normal -0.629281 0.777178 0
    outer loop
      vertex 0.899902 -1.07246 -2
      vertex 0.861925 -1.10321 3
      vertex 0.899902 -1.07246 3
    endloop
  endfacet
  facet normal -0.629281 0.777178 0
    outer loop
      vertex 0.861925 -1.10321 3
      vertex 0.899902 -1.07246 -2
      vertex 0.861925 -1.10321 -2
    endloop
  endfacet
  facet normal 0.656057 0.754711 -0
    outer loop
      vertex -0.899902 -1.07246 -2
      vertex -0.936783 -1.0404 3
      vertex -0.899902 -1.07246 3
    endloop
  endfacet
  facet normal 0.656057 0.754711 0
    outer loop
      vertex -0.936783 -1.0404 3
      vertex -0.899902 -1.07246 -2
      vertex -0.936783 -1.0404 -2
    endloop
  endfacet
  facet normal -0.42258 0.906326 0
    outer loop
      vertex 0.613719 -1.25831 -2
      vertex 0.56943 -1.27896 3
      vertex 0.613719 -1.25831 3
    endloop
  endfacet
  facet normal -0.42258 0.906326 0
    outer loop
      vertex 0.56943 -1.27896 3
      vertex 0.613719 -1.25831 -2
      vertex 0.56943 -1.27896 -2
    endloop
  endfacet
  facet normal -0.874543 0.484948 0
    outer loop
      vertex 1.21243 -0.7 -2
      vertex 1.23613 -0.65726 3
      vertex 1.23613 -0.65726 -2
    endloop
  endfacet
  facet normal -0.874543 0.484948 0
    outer loop
      vertex 1.23613 -0.65726 3
      vertex 1.21243 -0.7 -2
      vertex 1.21243 -0.7 3
    endloop
  endfacet
  facet normal 0.933596 -0.358328 0
    outer loop
      vertex -1.31557 0.478827 3
      vertex -1.29806 0.524448 -2
      vertex -1.29806 0.524448 3
    endloop
  endfacet
  facet normal 0.933596 -0.358328 0
    outer loop
      vertex -1.29806 0.524448 -2
      vertex -1.31557 0.478827 3
      vertex -1.31557 0.478827 -2
    endloop
  endfacet
  facet normal 0.573586 -0.819145 0
    outer loop
      vertex -0.822899 1.13262 -2
      vertex -0.782869 1.16065 3
      vertex -0.822899 1.13262 3
    endloop
  endfacet
  facet normal 0.573586 -0.819145 0
    outer loop
      vertex -0.782869 1.16065 3
      vertex -0.822899 1.13262 -2
      vertex -0.782869 1.16065 -2
    endloop
  endfacet
  facet normal -0.981643 -0.190726 0
    outer loop
      vertex 1.37873 0.243107 -2
      vertex 1.36941 0.291076 3
      vertex 1.36941 0.291076 -2
    endloop
  endfacet
  facet normal -0.981643 -0.190726 0
    outer loop
      vertex 1.36941 0.291076 3
      vertex 1.37873 0.243107 -2
      vertex 1.37873 0.243107 3
    endloop
  endfacet
  facet normal -0.325581 0.945514 0
    outer loop
      vertex 0.478827 -1.31557 -2
      vertex 0.432623 -1.33148 3
      vertex 0.478827 -1.31557 3
    endloop
  endfacet
  facet normal -0.325581 0.945514 0
    outer loop
      vertex 0.432623 -1.33148 3
      vertex 0.478827 -1.31557 -2
      vertex 0.432623 -1.33148 -2
    endloop
  endfacet
  facet normal -0.945514 0.325581 0
    outer loop
      vertex 1.31557 -0.478827 -2
      vertex 1.33148 -0.432623 3
      vertex 1.33148 -0.432623 -2
    endloop
  endfacet
  facet normal -0.945514 0.325581 0
    outer loop
      vertex 1.33148 -0.432623 3
      vertex 1.31557 -0.478827 -2
      vertex 1.31557 -0.478827 3
    endloop
  endfacet
  facet normal -0.996193 0.0871757 0
    outer loop
      vertex 1.39233 -0.146339 -2
      vertex 1.39659 -0.0976582 3
      vertex 1.39659 -0.0976582 -2
    endloop
  endfacet
  facet normal -0.996193 0.0871757 0
    outer loop
      vertex 1.39659 -0.0976582 3
      vertex 1.39233 -0.146339 -2
      vertex 1.39233 -0.146339 3
    endloop
  endfacet
  facet normal 0.484948 0.874543 -0
    outer loop
      vertex -0.65726 -1.23613 -2
      vertex -0.7 -1.21243 3
      vertex -0.65726 -1.23613 3
    endloop
  endfacet
  facet normal 0.484948 0.874543 0
    outer loop
      vertex -0.7 -1.21243 3
      vertex -0.65726 -1.23613 -2
      vertex -0.7 -1.21243 -2
    endloop
  endfacet
  facet normal 0.933596 0.358328 0
    outer loop
      vertex -1.29806 -0.524448 3
      vertex -1.31557 -0.478827 -2
      vertex -1.31557 -0.478827 3
    endloop
  endfacet
  facet normal 0.933596 0.358328 0
    outer loop
      vertex -1.31557 -0.478827 -2
      vertex -1.29806 -0.524448 3
      vertex -1.29806 -0.524448 -2
    endloop
  endfacet
  facet normal 0.974337 -0.225096 0
    outer loop
      vertex -1.36941 0.291076 3
      vertex -1.35841 0.33869 -2
      vertex -1.35841 0.33869 3
    endloop
  endfacet
  facet normal 0.974337 -0.225096 0
    outer loop
      vertex -1.35841 0.33869 -2
      vertex -1.36941 0.291076 3
      vertex -1.36941 0.291076 -2
    endloop
  endfacet
  facet normal 0.225096 -0.974337 0
    outer loop
      vertex -0.33869 1.35841 -2
      vertex -0.291076 1.36941 3
      vertex -0.33869 1.35841 3
    endloop
  endfacet
  facet normal 0.225096 -0.974337 0
    outer loop
      vertex -0.291076 1.36941 3
      vertex -0.33869 1.35841 -2
      vertex -0.291076 1.36941 -2
    endloop
  endfacet
  facet normal -0.798618 -0.601839 0
    outer loop
      vertex 1.13262 0.822899 -2
      vertex 1.10321 0.861925 3
      vertex 1.10321 0.861925 -2
    endloop
  endfacet
  facet normal -0.798618 -0.601839 0
    outer loop
      vertex 1.10321 0.861925 3
      vertex 1.13262 0.822899 -2
      vertex 1.13262 0.822899 3
    endloop
  endfacet
  facet normal 0.484948 -0.874543 0
    outer loop
      vertex -0.7 1.21243 -2
      vertex -0.65726 1.23613 3
      vertex -0.7 1.21243 3
    endloop
  endfacet
  facet normal 0.484948 -0.874543 0
    outer loop
      vertex -0.65726 1.23613 3
      vertex -0.7 1.21243 -2
      vertex -0.65726 1.23613 -2
    endloop
  endfacet
  facet normal -0.838621 -0.544716 0
    outer loop
      vertex 1.18727 0.741886 -2
      vertex 1.16065 0.782869 3
      vertex 1.16065 0.782869 -2
    endloop
  endfacet
  facet normal -0.838621 -0.544716 0
    outer loop
      vertex 1.16065 0.782869 3
      vertex 1.18727 0.741886 -2
      vertex 1.18727 0.741886 3
    endloop
  endfacet
  facet normal -0.42258 -0.906326 0
    outer loop
      vertex 0.56943 1.27896 -2
      vertex 0.613719 1.25831 3
      vertex 0.56943 1.27896 3
    endloop
  endfacet
  facet normal -0.42258 -0.906326 -0
    outer loop
      vertex 0.613719 1.25831 3
      vertex 0.56943 1.27896 -2
      vertex 0.613719 1.25831 -2
    endloop
  endfacet
  facet normal -0.707107 -0.707107 0
    outer loop
      vertex 1.00708 0.972521 -2
      vertex 0.972521 1.00708 3
      vertex 0.972521 1.00708 -2
    endloop
  endfacet
  facet normal -0.707107 -0.707107 0
    outer loop
      vertex 0.972521 1.00708 3
      vertex 1.00708 0.972521 -2
      vertex 1.00708 0.972521 3
    endloop
  endfacet
  facet normal -0.292426 -0.956288 0
    outer loop
      vertex 0.385892 1.34577 -2
      vertex 0.432623 1.33148 3
      vertex 0.385892 1.34577 3
    endloop
  endfacet
  facet normal -0.292426 -0.956288 -0
    outer loop
      vertex 0.432623 1.33148 3
      vertex 0.385892 1.34577 -2
      vertex 0.432623 1.33148 -2
    endloop
  endfacet
  facet normal 0.544716 -0.838621 0
    outer loop
      vertex -0.782869 1.16065 -2
      vertex -0.741886 1.18727 3
      vertex -0.782869 1.16065 3
    endloop
  endfacet
  facet normal 0.544716 -0.838621 0
    outer loop
      vertex -0.741886 1.18727 3
      vertex -0.782869 1.16065 -2
      vertex -0.741886 1.18727 -2
    endloop
  endfacet
  facet normal -0.0871757 -0.996193 0
    outer loop
      vertex 0.0976582 1.39659 -2
      vertex 0.146339 1.39233 3
      vertex 0.0976582 1.39659 3
    endloop
  endfacet
  facet normal -0.0871757 -0.996193 -0
    outer loop
      vertex 0.146339 1.39233 3
      vertex 0.0976582 1.39659 -2
      vertex 0.146339 1.39233 -2
    endloop
  endfacet
  facet normal -0.358328 -0.933596 0
    outer loop
      vertex 0.478827 1.31557 -2
      vertex 0.524448 1.29806 3
      vertex 0.478827 1.31557 3
    endloop
  endfacet
  facet normal -0.358328 -0.933596 -0
    outer loop
      vertex 0.524448 1.29806 3
      vertex 0.478827 1.31557 -2
      vertex 0.524448 1.29806 -2
    endloop
  endfacet
  facet normal -0.874543 -0.484948 0
    outer loop
      vertex 1.23613 0.65726 -2
      vertex 1.21243 0.7 3
      vertex 1.21243 0.7 -2
    endloop
  endfacet
  facet normal -0.874543 -0.484948 0
    outer loop
      vertex 1.21243 0.7 3
      vertex 1.23613 0.65726 -2
      vertex 1.23613 0.65726 3
    endloop
  endfacet
  facet normal -0.358328 0.933596 0
    outer loop
      vertex 0.524448 -1.29806 -2
      vertex 0.478827 -1.31557 3
      vertex 0.524448 -1.29806 3
    endloop
  endfacet
  facet normal -0.358328 0.933596 0
    outer loop
      vertex 0.478827 -1.31557 3
      vertex 0.524448 -1.29806 -2
      vertex 0.478827 -1.31557 -2
    endloop
  endfacet
  facet normal -0.819145 -0.573586 0
    outer loop
      vertex 1.16065 0.782869 -2
      vertex 1.13262 0.822899 3
      vertex 1.13262 0.822899 -2
    endloop
  endfacet
  facet normal -0.819145 -0.573586 0
    outer loop
      vertex 1.13262 0.822899 3
      vertex 1.16065 0.782869 -2
      vertex 1.16065 0.782869 3
    endloop
  endfacet
  facet normal 0.987702 -0.156346 0
    outer loop
      vertex -1.38637 0.194842 3
      vertex -1.37873 0.243107 -2
      vertex -1.37873 0.243107 3
    endloop
  endfacet
  facet normal 0.987702 -0.156346 0
    outer loop
      vertex -1.37873 0.243107 -2
      vertex -1.38637 0.194842 3
      vertex -1.38637 0.194842 -2
    endloop
  endfacet
  facet normal 0.999849 0.0173945 0
    outer loop
      vertex -1.39915 -0.0488586 3
      vertex -1.4 0 -2
      vertex -1.4 0 3
    endloop
  endfacet
  facet normal 0.999849 0.0173945 0
    outer loop
      vertex -1.4 0 -2
      vertex -1.39915 -0.0488586 3
      vertex -1.39915 -0.0488586 -2
    endloop
  endfacet
  facet normal 0.999849 -0.0173945 0
    outer loop
      vertex -1.4 0 3
      vertex -1.39915 0.0488586 -2
      vertex -1.39915 0.0488586 3
    endloop
  endfacet
  facet normal 0.999849 -0.0173945 0
    outer loop
      vertex -1.39915 0.0488586 -2
      vertex -1.4 0 3
      vertex -1.4 0 -2
    endloop
  endfacet
  facet normal 0.573586 0.819145 -0
    outer loop
      vertex -0.782869 -1.16065 -2
      vertex -0.822899 -1.13262 3
      vertex -0.782869 -1.16065 3
    endloop
  endfacet
  facet normal 0.573586 0.819145 0
    outer loop
      vertex -0.822899 -1.13262 3
      vertex -0.782869 -1.16065 -2
      vertex -0.822899 -1.13262 -2
    endloop
  endfacet
  facet normal 0.992535 -0.121962 0
    outer loop
      vertex -1.39233 0.146339 3
      vertex -1.38637 0.194842 -2
      vertex -1.38637 0.194842 3
    endloop
  endfacet
  facet normal 0.992535 -0.121962 0
    outer loop
      vertex -1.38637 0.194842 -2
      vertex -1.39233 0.146339 3
      vertex -1.39233 0.146339 -2
    endloop
  endfacet
  facet normal -0.225096 0.974337 0
    outer loop
      vertex 0.33869 -1.35841 -2
      vertex 0.291076 -1.36941 3
      vertex 0.33869 -1.35841 3
    endloop
  endfacet
  facet normal -0.225096 0.974337 0
    outer loop
      vertex 0.291076 -1.36941 3
      vertex 0.33869 -1.35841 -2
      vertex 0.291076 -1.36941 -2
    endloop
  endfacet
  facet normal -0.258671 0.965965 0
    outer loop
      vertex 0.385892 -1.34577 -2
      vertex 0.33869 -1.35841 3
      vertex 0.385892 -1.34577 3
    endloop
  endfacet
  facet normal -0.258671 0.965965 0
    outer loop
      vertex 0.33869 -1.35841 3
      vertex 0.385892 -1.34577 -2
      vertex 0.33869 -1.35841 -2
    endloop
  endfacet
  facet normal 0.39084 -0.920459 0
    outer loop
      vertex -0.56943 1.27896 -2
      vertex -0.524448 1.29806 3
      vertex -0.56943 1.27896 3
    endloop
  endfacet
  facet normal 0.39084 -0.920459 0
    outer loop
      vertex -0.524448 1.29806 3
      vertex -0.56943 1.27896 -2
      vertex -0.524448 1.29806 -2
    endloop
  endfacet
  facet normal 0.0523874 0.998627 -0
    outer loop
      vertex -0.0488586 -1.39915 -2
      vertex -0.0976582 -1.39659 3
      vertex -0.0488586 -1.39915 3
    endloop
  endfacet
  facet normal 0.0523874 0.998627 0
    outer loop
      vertex -0.0976582 -1.39659 3
      vertex -0.0488586 -1.39915 -2
      vertex -0.0976582 -1.39659 -2
    endloop
  endfacet
  facet normal -0.601839 -0.798618 0
    outer loop
      vertex 0.822899 1.13262 -2
      vertex 0.861925 1.10321 3
      vertex 0.822899 1.13262 3
    endloop
  endfacet
  facet normal -0.601839 -0.798618 -0
    outer loop
      vertex 0.861925 1.10321 3
      vertex 0.822899 1.13262 -2
      vertex 0.861925 1.10321 -2
    endloop
  endfacet
  facet normal -0.656057 -0.754711 0
    outer loop
      vertex 0.899902 1.07246 -2
      vertex 0.936783 1.0404 3
      vertex 0.899902 1.07246 3
    endloop
  endfacet
  facet normal -0.656057 -0.754711 -0
    outer loop
      vertex 0.936783 1.0404 3
      vertex 0.899902 1.07246 -2
      vertex 0.936783 1.0404 -2
    endloop
  endfacet
  facet normal 0.0173945 -0.999849 0
    outer loop
      vertex -0.0488586 1.39915 -2
      vertex 0 1.4 3
      vertex -0.0488586 1.39915 3
    endloop
  endfacet
  facet normal 0.0173945 -0.999849 0
    outer loop
      vertex 0 1.4 3
      vertex -0.0488586 1.39915 -2
      vertex 0 1.4 -2
    endloop
  endfacet
  facet normal 0.707107 -0.707107 0
    outer loop
      vertex -1.00708 0.972521 3
      vertex -0.972521 1.00708 -2
      vertex -0.972521 1.00708 3
    endloop
  endfacet
  facet normal 0.707107 -0.707107 0
    outer loop
      vertex -0.972521 1.00708 -2
      vertex -1.00708 0.972521 3
      vertex -1.00708 0.972521 -2
    endloop
  endfacet
  facet normal -0.998627 0.0523874 0
    outer loop
      vertex 1.39659 -0.0976582 -2
      vertex 1.39915 -0.0488586 3
      vertex 1.39915 -0.0488586 -2
    endloop
  endfacet
  facet normal -0.998627 0.0523874 0
    outer loop
      vertex 1.39915 -0.0488586 3
      vertex 1.39659 -0.0976582 -2
      vertex 1.39659 -0.0976582 3
    endloop
  endfacet
  facet normal 0.258671 -0.965965 0
    outer loop
      vertex -0.385892 1.34577 -2
      vertex -0.33869 1.35841 3
      vertex -0.385892 1.34577 3
    endloop
  endfacet
  facet normal 0.258671 -0.965965 0
    outer loop
      vertex -0.33869 1.35841 3
      vertex -0.385892 1.34577 -2
      vertex -0.33869 1.35841 -2
    endloop
  endfacet
  facet normal -0.992535 0.121962 0
    outer loop
      vertex 1.38637 -0.194842 -2
      vertex 1.39233 -0.146339 3
      vertex 1.39233 -0.146339 -2
    endloop
  endfacet
  facet normal -0.992535 0.121962 0
    outer loop
      vertex 1.39233 -0.146339 3
      vertex 1.38637 -0.194842 -2
      vertex 1.38637 -0.194842 3
    endloop
  endfacet
  facet normal -0.453905 0.89105 0
    outer loop
      vertex 0.65726 -1.23613 -2
      vertex 0.613719 -1.25831 3
      vertex 0.65726 -1.23613 3
    endloop
  endfacet
  facet normal -0.453905 0.89105 0
    outer loop
      vertex 0.613719 -1.25831 3
      vertex 0.65726 -1.23613 -2
      vertex 0.613719 -1.25831 -2
    endloop
  endfacet
  facet normal 0.838621 0.544716 0
    outer loop
      vertex -1.16065 -0.782869 3
      vertex -1.18727 -0.741886 -2
      vertex -1.18727 -0.741886 3
    endloop
  endfacet
  facet normal 0.838621 0.544716 0
    outer loop
      vertex -1.18727 -0.741886 -2
      vertex -1.16065 -0.782869 3
      vertex -1.16065 -0.782869 -2
    endloop
  endfacet
  facet normal -0.89105 -0.453905 0
    outer loop
      vertex 1.25831 0.613719 -2
      vertex 1.23613 0.65726 3
      vertex 1.23613 0.65726 -2
    endloop
  endfacet
  facet normal -0.89105 -0.453905 0
    outer loop
      vertex 1.23613 0.65726 3
      vertex 1.25831 0.613719 -2
      vertex 1.25831 0.613719 3
    endloop
  endfacet
  facet normal 0.906326 0.42258 0
    outer loop
      vertex -1.25831 -0.613719 3
      vertex -1.27896 -0.56943 -2
      vertex -1.27896 -0.56943 3
    endloop
  endfacet
  facet normal 0.906326 0.42258 0
    outer loop
      vertex -1.27896 -0.56943 -2
      vertex -1.25831 -0.613719 3
      vertex -1.25831 -0.613719 -2
    endloop
  endfacet
  facet normal 0.325581 -0.945514 0
    outer loop
      vertex -0.478827 1.31557 -2
      vertex -0.432623 1.33148 3
      vertex -0.478827 1.31557 3
    endloop
  endfacet
  facet normal 0.325581 -0.945514 0
    outer loop
      vertex -0.432623 1.33148 3
      vertex -0.478827 1.31557 -2
      vertex -0.432623 1.33148 -2
    endloop
  endfacet
  facet normal -0.0173945 0.999849 0
    outer loop
      vertex 0.0488586 -1.39915 -2
      vertex 0 -1.4 3
      vertex 0.0488586 -1.39915 3
    endloop
  endfacet
  facet normal -0.0173945 0.999849 0
    outer loop
      vertex 0 -1.4 3
      vertex 0.0488586 -1.39915 -2
      vertex 0 -1.4 -2
    endloop
  endfacet
  facet normal 0.292426 0.956288 -0
    outer loop
      vertex -0.385892 -1.34577 -2
      vertex -0.432623 -1.33148 3
      vertex -0.385892 -1.34577 3
    endloop
  endfacet
  facet normal 0.292426 0.956288 0
    outer loop
      vertex -0.432623 -1.33148 3
      vertex -0.385892 -1.34577 -2
      vertex -0.432623 -1.33148 -2
    endloop
  endfacet
  facet normal -0.0173945 -0.999849 0
    outer loop
      vertex 0 1.4 -2
      vertex 0.0488586 1.39915 3
      vertex 0 1.4 3
    endloop
  endfacet
  facet normal -0.0173945 -0.999849 -0
    outer loop
      vertex 0.0488586 1.39915 3
      vertex 0 1.4 -2
      vertex 0.0488586 1.39915 -2
    endloop
  endfacet
  facet normal -0.573586 -0.819145 0
    outer loop
      vertex 0.782869 1.16065 -2
      vertex 0.822899 1.13262 3
      vertex 0.782869 1.16065 3
    endloop
  endfacet
  facet normal -0.573586 -0.819145 -0
    outer loop
      vertex 0.822899 1.13262 3
      vertex 0.782869 1.16065 -2
      vertex 0.822899 1.13262 -2
    endloop
  endfacet
  facet normal -0.453905 -0.89105 0
    outer loop
      vertex 0.613719 1.25831 -2
      vertex 0.65726 1.23613 3
      vertex 0.613719 1.25831 3
    endloop
  endfacet
  facet normal -0.453905 -0.89105 -0
    outer loop
      vertex 0.65726 1.23613 3
      vertex 0.613719 1.25831 -2
      vertex 0.65726 1.23613 -2
    endloop
  endfacet
  facet normal 0.819145 -0.573586 0
    outer loop
      vertex -1.16065 0.782869 3
      vertex -1.13262 0.822899 -2
      vertex -1.13262 0.822899 3
    endloop
  endfacet
  facet normal 0.819145 -0.573586 0
    outer loop
      vertex -1.13262 0.822899 -2
      vertex -1.16065 0.782869 3
      vertex -1.16065 0.782869 -2
    endloop
  endfacet
  facet normal -0.857236 0.514923 0
    outer loop
      vertex 1.18727 -0.741886 -2
      vertex 1.21243 -0.7 3
      vertex 1.21243 -0.7 -2
    endloop
  endfacet
  facet normal -0.857236 0.514923 0
    outer loop
      vertex 1.21243 -0.7 3
      vertex 1.18727 -0.741886 -2
      vertex 1.18727 -0.741886 3
    endloop
  endfacet
  facet normal -0.956288 -0.292426 0
    outer loop
      vertex 1.34577 0.385892 -2
      vertex 1.33148 0.432623 3
      vertex 1.33148 0.432623 -2
    endloop
  endfacet
  facet normal -0.956288 -0.292426 0
    outer loop
      vertex 1.33148 0.432623 3
      vertex 1.34577 0.385892 -2
      vertex 1.34577 0.385892 3
    endloop
  endfacet
  facet normal 0.857236 0.514923 0
    outer loop
      vertex -1.18727 -0.741886 3
      vertex -1.21243 -0.7 -2
      vertex -1.21243 -0.7 3
    endloop
  endfacet
  facet normal 0.857236 0.514923 0
    outer loop
      vertex -1.21243 -0.7 -2
      vertex -1.18727 -0.741886 3
      vertex -1.18727 -0.741886 -2
    endloop
  endfacet
  facet normal -0.68193 0.731417 0
    outer loop
      vertex 0.972521 -1.00708 -2
      vertex 0.936783 -1.0404 3
      vertex 0.972521 -1.00708 3
    endloop
  endfacet
  facet normal -0.68193 0.731417 0
    outer loop
      vertex 0.936783 -1.0404 3
      vertex 0.972521 -1.00708 -2
      vertex 0.936783 -1.0404 -2
    endloop
  endfacet
  facet normal 0.819145 0.573586 0
    outer loop
      vertex -1.13262 -0.822899 3
      vertex -1.16065 -0.782869 -2
      vertex -1.16065 -0.782869 3
    endloop
  endfacet
  facet normal 0.819145 0.573586 0
    outer loop
      vertex -1.16065 -0.782869 -2
      vertex -1.13262 -0.822899 3
      vertex -1.13262 -0.822899 -2
    endloop
  endfacet
  facet normal 0.754711 0.656057 0
    outer loop
      vertex -1.0404 -0.936783 3
      vertex -1.07246 -0.899902 -2
      vertex -1.07246 -0.899902 3
    endloop
  endfacet
  facet normal 0.754711 0.656057 0
    outer loop
      vertex -1.07246 -0.899902 -2
      vertex -1.0404 -0.936783 3
      vertex -1.0404 -0.936783 -2
    endloop
  endfacet
  facet normal -0.999849 0.0173945 0
    outer loop
      vertex 1.39915 -0.0488586 -2
      vertex 1.4 0 3
      vertex 1.4 0 -2
    endloop
  endfacet
  facet normal -0.999849 0.0173945 0
    outer loop
      vertex 1.4 0 3
      vertex 1.39915 -0.0488586 -2
      vertex 1.39915 -0.0488586 3
    endloop
  endfacet
  facet normal 0.68193 -0.731417 0
    outer loop
      vertex -0.972521 1.00708 -2
      vertex -0.936783 1.0404 3
      vertex -0.972521 1.00708 3
    endloop
  endfacet
  facet normal 0.68193 -0.731417 0
    outer loop
      vertex -0.936783 1.0404 3
      vertex -0.972521 1.00708 -2
      vertex -0.936783 1.0404 -2
    endloop
  endfacet
  facet normal -0.920459 0.39084 0
    outer loop
      vertex 1.27896 -0.56943 -2
      vertex 1.29806 -0.524448 3
      vertex 1.29806 -0.524448 -2
    endloop
  endfacet
  facet normal -0.920459 0.39084 0
    outer loop
      vertex 1.29806 -0.524448 3
      vertex 1.27896 -0.56943 -2
      vertex 1.27896 -0.56943 3
    endloop
  endfacet
  facet normal -0.544716 0.838621 0
    outer loop
      vertex 0.782869 -1.16065 -2
      vertex 0.741886 -1.18727 3
      vertex 0.782869 -1.16065 3
    endloop
  endfacet
  facet normal -0.544716 0.838621 0
    outer loop
      vertex 0.741886 -1.18727 3
      vertex 0.782869 -1.16065 -2
      vertex 0.741886 -1.18727 -2
    endloop
  endfacet
  facet normal -0.156346 0.987702 0
    outer loop
      vertex 0.243107 -1.37873 -2
      vertex 0.194842 -1.38637 3
      vertex 0.243107 -1.37873 3
    endloop
  endfacet
  facet normal -0.156346 0.987702 0
    outer loop
      vertex 0.194842 -1.38637 3
      vertex 0.243107 -1.37873 -2
      vertex 0.194842 -1.38637 -2
    endloop
  endfacet
  facet normal 0.731417 -0.68193 0
    outer loop
      vertex -1.0404 0.936783 3
      vertex -1.00708 0.972521 -2
      vertex -1.00708 0.972521 3
    endloop
  endfacet
  facet normal 0.731417 -0.68193 0
    outer loop
      vertex -1.00708 0.972521 -2
      vertex -1.0404 0.936783 3
      vertex -1.0404 0.936783 -2
    endloop
  endfacet
  facet normal 0.0871757 -0.996193 0
    outer loop
      vertex -0.146339 1.39233 -2
      vertex -0.0976582 1.39659 3
      vertex -0.146339 1.39233 3
    endloop
  endfacet
  facet normal 0.0871757 -0.996193 0
    outer loop
      vertex -0.0976582 1.39659 3
      vertex -0.146339 1.39233 -2
      vertex -0.0976582 1.39659 -2
    endloop
  endfacet
  facet normal -0.39084 0.920459 0
    outer loop
      vertex 0.56943 -1.27896 -2
      vertex 0.524448 -1.29806 3
      vertex 0.56943 -1.27896 3
    endloop
  endfacet
  facet normal -0.39084 0.920459 0
    outer loop
      vertex 0.524448 -1.29806 3
      vertex 0.56943 -1.27896 -2
      vertex 0.524448 -1.29806 -2
    endloop
  endfacet
  facet normal 0.754711 -0.656057 0
    outer loop
      vertex -1.07246 0.899902 3
      vertex -1.0404 0.936783 -2
      vertex -1.0404 0.936783 3
    endloop
  endfacet
  facet normal 0.754711 -0.656057 0
    outer loop
      vertex -1.0404 0.936783 -2
      vertex -1.07246 0.899902 3
      vertex -1.07246 0.899902 -2
    endloop
  endfacet
  facet normal -0.190726 -0.981643 0
    outer loop
      vertex 0.243107 1.37873 -2
      vertex 0.291076 1.36941 3
      vertex 0.243107 1.37873 3
    endloop
  endfacet
  facet normal -0.190726 -0.981643 -0
    outer loop
      vertex 0.291076 1.36941 3
      vertex 0.243107 1.37873 -2
      vertex 0.291076 1.36941 -2
    endloop
  endfacet
  facet normal -0.906326 -0.42258 0
    outer loop
      vertex 1.27896 0.56943 -2
      vertex 1.25831 0.613719 3
      vertex 1.25831 0.613719 -2
    endloop
  endfacet
  facet normal -0.906326 -0.42258 0
    outer loop
      vertex 1.25831 0.613719 3
      vertex 1.27896 0.56943 -2
      vertex 1.27896 0.56943 3
    endloop
  endfacet
  facet normal 0.956288 0.292426 0
    outer loop
      vertex -1.33148 -0.432623 3
      vertex -1.34577 -0.385892 -2
      vertex -1.34577 -0.385892 3
    endloop
  endfacet
  facet normal 0.956288 0.292426 0
    outer loop
      vertex -1.34577 -0.385892 -2
      vertex -1.33148 -0.432623 3
      vertex -1.33148 -0.432623 -2
    endloop
  endfacet
  facet normal -0.707107 0.707107 0
    outer loop
      vertex 0.972521 -1.00708 -2
      vertex 1.00708 -0.972521 3
      vertex 1.00708 -0.972521 -2
    endloop
  endfacet
  facet normal -0.707107 0.707107 0
    outer loop
      vertex 1.00708 -0.972521 3
      vertex 0.972521 -1.00708 -2
      vertex 0.972521 -1.00708 3
    endloop
  endfacet
  facet normal 0.945514 0.325581 0
    outer loop
      vertex -1.31557 -0.478827 3
      vertex -1.33148 -0.432623 -2
      vertex -1.33148 -0.432623 3
    endloop
  endfacet
  facet normal 0.945514 0.325581 0
    outer loop
      vertex -1.33148 -0.432623 -2
      vertex -1.31557 -0.478827 3
      vertex -1.31557 -0.478827 -2
    endloop
  endfacet
  facet normal 0.981643 0.190726 0
    outer loop
      vertex -1.36941 -0.291076 3
      vertex -1.37873 -0.243107 -2
      vertex -1.37873 -0.243107 3
    endloop
  endfacet
  facet normal 0.981643 0.190726 0
    outer loop
      vertex -1.37873 -0.243107 -2
      vertex -1.36941 -0.291076 3
      vertex -1.36941 -0.291076 -2
    endloop
  endfacet
  facet normal 0.906326 -0.42258 0
    outer loop
      vertex -1.27896 0.56943 3
      vertex -1.25831 0.613719 -2
      vertex -1.25831 0.613719 3
    endloop
  endfacet
  facet normal 0.906326 -0.42258 0
    outer loop
      vertex -1.25831 0.613719 -2
      vertex -1.27896 0.56943 3
      vertex -1.27896 0.56943 -2
    endloop
  endfacet
  facet normal 0.656057 -0.754711 0
    outer loop
      vertex -0.936783 1.0404 -2
      vertex -0.899902 1.07246 3
      vertex -0.936783 1.0404 3
    endloop
  endfacet
  facet normal 0.656057 -0.754711 0
    outer loop
      vertex -0.899902 1.07246 3
      vertex -0.936783 1.0404 -2
      vertex -0.899902 1.07246 -2
    endloop
  endfacet
  facet normal 0.998627 0.0523874 0
    outer loop
      vertex -1.39659 -0.0976582 3
      vertex -1.39915 -0.0488586 -2
      vertex -1.39915 -0.0488586 3
    endloop
  endfacet
  facet normal 0.998627 0.0523874 0
    outer loop
      vertex -1.39915 -0.0488586 -2
      vertex -1.39659 -0.0976582 3
      vertex -1.39659 -0.0976582 -2
    endloop
  endfacet
  facet normal -0.629281 -0.777178 0
    outer loop
      vertex 0.861925 1.10321 -2
      vertex 0.899902 1.07246 3
      vertex 0.861925 1.10321 3
    endloop
  endfacet
  facet normal -0.629281 -0.777178 -0
    outer loop
      vertex 0.899902 1.07246 3
      vertex 0.861925 1.10321 -2
      vertex 0.899902 1.07246 -2
    endloop
  endfacet
  facet normal 0.731417 0.68193 0
    outer loop
      vertex -1.00708 -0.972521 3
      vertex -1.0404 -0.936783 -2
      vertex -1.0404 -0.936783 3
    endloop
  endfacet
  facet normal 0.731417 0.68193 0
    outer loop
      vertex -1.0404 -0.936783 -2
      vertex -1.00708 -0.972521 3
      vertex -1.00708 -0.972521 -2
    endloop
  endfacet
  facet normal 0.798618 0.601839 0
    outer loop
      vertex -1.10321 -0.861925 3
      vertex -1.13262 -0.822899 -2
      vertex -1.13262 -0.822899 3
    endloop
  endfacet
  facet normal 0.798618 0.601839 0
    outer loop
      vertex -1.13262 -0.822899 -2
      vertex -1.10321 -0.861925 3
      vertex -1.10321 -0.861925 -2
    endloop
  endfacet
  facet normal 0.190726 -0.981643 0
    outer loop
      vertex -0.291076 1.36941 -2
      vertex -0.243107 1.37873 3
      vertex -0.291076 1.36941 3
    endloop
  endfacet
  facet normal 0.190726 -0.981643 0
    outer loop
      vertex -0.243107 1.37873 3
      vertex -0.291076 1.36941 -2
      vertex -0.243107 1.37873 -2
    endloop
  endfacet
  facet normal -0.514923 0.857236 0
    outer loop
      vertex 0.741886 -1.18727 -2
      vertex 0.7 -1.21243 3
      vertex 0.741886 -1.18727 3
    endloop
  endfacet
  facet normal -0.514923 0.857236 0
    outer loop
      vertex 0.7 -1.21243 3
      vertex 0.741886 -1.18727 -2
      vertex 0.7 -1.21243 -2
    endloop
  endfacet
  facet normal 0.358328 -0.933596 0
    outer loop
      vertex -0.524448 1.29806 -2
      vertex -0.478827 1.31557 3
      vertex -0.524448 1.29806 3
    endloop
  endfacet
  facet normal 0.358328 -0.933596 0
    outer loop
      vertex -0.478827 1.31557 3
      vertex -0.524448 1.29806 -2
      vertex -0.478827 1.31557 -2
    endloop
  endfacet
  facet normal -0.933596 0.358328 0
    outer loop
      vertex 1.29806 -0.524448 -2
      vertex 1.31557 -0.478827 3
      vertex 1.31557 -0.478827 -2
    endloop
  endfacet
  facet normal -0.933596 0.358328 0
    outer loop
      vertex 1.31557 -0.478827 3
      vertex 1.29806 -0.524448 -2
      vertex 1.29806 -0.524448 3
    endloop
  endfacet
  facet normal -0.89105 0.453905 0
    outer loop
      vertex 1.23613 -0.65726 -2
      vertex 1.25831 -0.613719 3
      vertex 1.25831 -0.613719 -2
    endloop
  endfacet
  facet normal -0.89105 0.453905 0
    outer loop
      vertex 1.25831 -0.613719 3
      vertex 1.23613 -0.65726 -2
      vertex 1.23613 -0.65726 3
    endloop
  endfacet
  facet normal 0.965965 -0.258671 0
    outer loop
      vertex -1.35841 0.33869 3
      vertex -1.34577 0.385892 -2
      vertex -1.34577 0.385892 3
    endloop
  endfacet
  facet normal 0.965965 -0.258671 0
    outer loop
      vertex -1.34577 0.385892 -2
      vertex -1.35841 0.33869 3
      vertex -1.35841 0.33869 -2
    endloop
  endfacet
  facet normal -0.819145 0.573586 0
    outer loop
      vertex 1.13262 -0.822899 -2
      vertex 1.16065 -0.782869 3
      vertex 1.16065 -0.782869 -2
    endloop
  endfacet
  facet normal -0.819145 0.573586 0
    outer loop
      vertex 1.16065 -0.782869 3
      vertex 1.13262 -0.822899 -2
      vertex 1.13262 -0.822899 3
    endloop
  endfacet
  facet normal -0.0523874 -0.998627 0
    outer loop
      vertex 0.0488586 1.39915 -2
      vertex 0.0976582 1.39659 3
      vertex 0.0488586 1.39915 3
    endloop
  endfacet
  facet normal -0.0523874 -0.998627 -0
    outer loop
      vertex 0.0976582 1.39659 3
      vertex 0.0488586 1.39915 -2
      vertex 0.0976582 1.39659 -2
    endloop
  endfacet
  facet normal -0.258671 -0.965965 0
    outer loop
      vertex 0.33869 1.35841 -2
      vertex 0.385892 1.34577 3
      vertex 0.33869 1.35841 3
    endloop
  endfacet
  facet normal -0.258671 -0.965965 -0
    outer loop
      vertex 0.385892 1.34577 3
      vertex 0.33869 1.35841 -2
      vertex 0.385892 1.34577 -2
    endloop
  endfacet
  facet normal 0.258671 0.965965 -0
    outer loop
      vertex -0.33869 -1.35841 -2
      vertex -0.385892 -1.34577 3
      vertex -0.33869 -1.35841 3
    endloop
  endfacet
  facet normal 0.258671 0.965965 0
    outer loop
      vertex -0.385892 -1.34577 3
      vertex -0.33869 -1.35841 -2
      vertex -0.385892 -1.34577 -2
    endloop
  endfacet
  facet normal -0.981643 0.190726 0
    outer loop
      vertex 1.36941 -0.291076 -2
      vertex 1.37873 -0.243107 3
      vertex 1.37873 -0.243107 -2
    endloop
  endfacet
  facet normal -0.981643 0.190726 0
    outer loop
      vertex 1.37873 -0.243107 3
      vertex 1.36941 -0.291076 -2
      vertex 1.36941 -0.291076 3
    endloop
  endfacet
  facet normal 0.965965 0.258671 0
    outer loop
      vertex -1.34577 -0.385892 3
      vertex -1.35841 -0.33869 -2
      vertex -1.35841 -0.33869 3
    endloop
  endfacet
  facet normal 0.965965 0.258671 0
    outer loop
      vertex -1.35841 -0.33869 -2
      vertex -1.34577 -0.385892 3
      vertex -1.34577 -0.385892 -2
    endloop
  endfacet
  facet normal 0.225096 0.974337 -0
    outer loop
      vertex -0.291076 -1.36941 -2
      vertex -0.33869 -1.35841 3
      vertex -0.291076 -1.36941 3
    endloop
  endfacet
  facet normal 0.225096 0.974337 0
    outer loop
      vertex -0.33869 -1.35841 3
      vertex -0.291076 -1.36941 -2
      vertex -0.33869 -1.35841 -2
    endloop
  endfacet
  facet normal 0.707107 0.707107 0
    outer loop
      vertex -0.972521 -1.00708 3
      vertex -1.00708 -0.972521 -2
      vertex -1.00708 -0.972521 3
    endloop
  endfacet
  facet normal 0.707107 0.707107 0
    outer loop
      vertex -1.00708 -0.972521 -2
      vertex -0.972521 -1.00708 3
      vertex -0.972521 -1.00708 -2
    endloop
  endfacet
  facet normal 0.121962 0.992535 -0
    outer loop
      vertex -0.146339 -1.39233 -2
      vertex -0.194842 -1.38637 3
      vertex -0.146339 -1.39233 3
    endloop
  endfacet
  facet normal 0.121962 0.992535 0
    outer loop
      vertex -0.194842 -1.38637 3
      vertex -0.146339 -1.39233 -2
      vertex -0.194842 -1.38637 -2
    endloop
  endfacet
  facet normal 0.0523874 -0.998627 0
    outer loop
      vertex -0.0976582 1.39659 -2
      vertex -0.0488586 1.39915 3
      vertex -0.0976582 1.39659 3
    endloop
  endfacet
  facet normal 0.0523874 -0.998627 0
    outer loop
      vertex -0.0488586 1.39915 3
      vertex -0.0976582 1.39659 -2
      vertex -0.0488586 1.39915 -2
    endloop
  endfacet
  facet normal 0.998627 -0.0523874 0
    outer loop
      vertex -1.39915 0.0488586 3
      vertex -1.39659 0.0976582 -2
      vertex -1.39659 0.0976582 3
    endloop
  endfacet
  facet normal 0.998627 -0.0523874 0
    outer loop
      vertex -1.39659 0.0976582 -2
      vertex -1.39915 0.0488586 3
      vertex -1.39915 0.0488586 -2
    endloop
  endfacet
  facet normal -0.974337 0.225096 0
    outer loop
      vertex 1.35841 -0.33869 -2
      vertex 1.36941 -0.291076 3
      vertex 1.36941 -0.291076 -2
    endloop
  endfacet
  facet normal -0.974337 0.225096 0
    outer loop
      vertex 1.36941 -0.291076 3
      vertex 1.35841 -0.33869 -2
      vertex 1.35841 -0.33869 3
    endloop
  endfacet
  facet normal -0.514923 -0.857236 0
    outer loop
      vertex 0.7 1.21243 -2
      vertex 0.741886 1.18727 3
      vertex 0.7 1.21243 3
    endloop
  endfacet
  facet normal -0.514923 -0.857236 -0
    outer loop
      vertex 0.741886 1.18727 3
      vertex 0.7 1.21243 -2
      vertex 0.741886 1.18727 -2
    endloop
  endfacet
  facet normal -0.974337 -0.225096 0
    outer loop
      vertex 1.36941 0.291076 -2
      vertex 1.35841 0.33869 3
      vertex 1.35841 0.33869 -2
    endloop
  endfacet
  facet normal -0.974337 -0.225096 0
    outer loop
      vertex 1.35841 0.33869 3
      vertex 1.36941 0.291076 -2
      vertex 1.36941 0.291076 3
    endloop
  endfacet
  facet normal 0.292426 -0.956288 0
    outer loop
      vertex -0.432623 1.33148 -2
      vertex -0.385892 1.34577 3
      vertex -0.432623 1.33148 3
    endloop
  endfacet
  facet normal 0.292426 -0.956288 0
    outer loop
      vertex -0.385892 1.34577 3
      vertex -0.432623 1.33148 -2
      vertex -0.385892 1.34577 -2
    endloop
  endfacet
  facet normal -0.987702 0.156346 0
    outer loop
      vertex 1.37873 -0.243107 -2
      vertex 1.38637 -0.194842 3
      vertex 1.38637 -0.194842 -2
    endloop
  endfacet
  facet normal -0.987702 0.156346 0
    outer loop
      vertex 1.38637 -0.194842 3
      vertex 1.37873 -0.243107 -2
      vertex 1.37873 -0.243107 3
    endloop
  endfacet
  facet normal 0.601839 0.798618 -0
    outer loop
      vertex -0.822899 -1.13262 -2
      vertex -0.861925 -1.10321 3
      vertex -0.822899 -1.13262 3
    endloop
  endfacet
  facet normal 0.601839 0.798618 0
    outer loop
      vertex -0.861925 -1.10321 3
      vertex -0.822899 -1.13262 -2
      vertex -0.861925 -1.10321 -2
    endloop
  endfacet
  facet normal -0.906326 0.42258 0
    outer loop
      vertex 1.25831 -0.613719 -2
      vertex 1.27896 -0.56943 3
      vertex 1.27896 -0.56943 -2
    endloop
  endfacet
  facet normal -0.906326 0.42258 0
    outer loop
      vertex 1.27896 -0.56943 3
      vertex 1.25831 -0.613719 -2
      vertex 1.25831 -0.613719 3
    endloop
  endfacet
  facet normal 0.987702 0.156346 0
    outer loop
      vertex -1.37873 -0.243107 3
      vertex -1.38637 -0.194842 -2
      vertex -1.38637 -0.194842 3
    endloop
  endfacet
  facet normal 0.987702 0.156346 0
    outer loop
      vertex -1.38637 -0.194842 -2
      vertex -1.37873 -0.243107 3
      vertex -1.37873 -0.243107 -2
    endloop
  endfacet
  facet normal 0.974337 0.225096 0
    outer loop
      vertex -1.35841 -0.33869 3
      vertex -1.36941 -0.291076 -2
      vertex -1.36941 -0.291076 3
    endloop
  endfacet
  facet normal 0.974337 0.225096 0
    outer loop
      vertex -1.36941 -0.291076 -2
      vertex -1.35841 -0.33869 3
      vertex -1.35841 -0.33869 -2
    endloop
  endfacet
  facet normal -0.656057 0.754711 0
    outer loop
      vertex 0.936783 -1.0404 -2
      vertex 0.899902 -1.07246 3
      vertex 0.936783 -1.0404 3
    endloop
  endfacet
  facet normal -0.656057 0.754711 0
    outer loop
      vertex 0.899902 -1.07246 3
      vertex 0.936783 -1.0404 -2
      vertex 0.899902 -1.07246 -2
    endloop
  endfacet
  facet normal 0.798618 -0.601839 0
    outer loop
      vertex -1.13262 0.822899 3
      vertex -1.10321 0.861925 -2
      vertex -1.10321 0.861925 3
    endloop
  endfacet
  facet normal 0.798618 -0.601839 0
    outer loop
      vertex -1.10321 0.861925 -2
      vertex -1.13262 0.822899 3
      vertex -1.13262 0.822899 -2
    endloop
  endfacet
  facet normal -0.731417 -0.68193 0
    outer loop
      vertex 1.0404 0.936783 -2
      vertex 1.00708 0.972521 3
      vertex 1.00708 0.972521 -2
    endloop
  endfacet
  facet normal -0.731417 -0.68193 0
    outer loop
      vertex 1.00708 0.972521 3
      vertex 1.0404 0.936783 -2
      vertex 1.0404 0.936783 3
    endloop
  endfacet
  facet normal 0.601839 -0.798618 0
    outer loop
      vertex -0.861925 1.10321 -2
      vertex -0.822899 1.13262 3
      vertex -0.861925 1.10321 3
    endloop
  endfacet
  facet normal 0.601839 -0.798618 0
    outer loop
      vertex -0.822899 1.13262 3
      vertex -0.861925 1.10321 -2
      vertex -0.822899 1.13262 -2
    endloop
  endfacet
  facet normal 0.777178 -0.629281 0
    outer loop
      vertex -1.10321 0.861925 3
      vertex -1.07246 0.899902 -2
      vertex -1.07246 0.899902 3
    endloop
  endfacet
  facet normal 0.777178 -0.629281 0
    outer loop
      vertex -1.07246 0.899902 -2
      vertex -1.10321 0.861925 3
      vertex -1.10321 0.861925 -2
    endloop
  endfacet
  facet normal -0.225096 -0.974337 0
    outer loop
      vertex 0.291076 1.36941 -2
      vertex 0.33869 1.35841 3
      vertex 0.291076 1.36941 3
    endloop
  endfacet
  facet normal -0.225096 -0.974337 -0
    outer loop
      vertex 0.33869 1.35841 3
      vertex 0.291076 1.36941 -2
      vertex 0.33869 1.35841 -2
    endloop
  endfacet
  facet normal -0.121962 0.992535 0
    outer loop
      vertex 0.194842 -1.38637 -2
      vertex 0.146339 -1.39233 3
      vertex 0.194842 -1.38637 3
    endloop
  endfacet
  facet normal -0.121962 0.992535 0
    outer loop
      vertex 0.146339 -1.39233 3
      vertex 0.194842 -1.38637 -2
      vertex 0.146339 -1.39233 -2
    endloop
  endfacet
  facet normal 0.981643 -0.190726 0
    outer loop
      vertex -1.37873 0.243107 3
      vertex -1.36941 0.291076 -2
      vertex -1.36941 0.291076 3
    endloop
  endfacet
  facet normal 0.981643 -0.190726 0
    outer loop
      vertex -1.36941 0.291076 -2
      vertex -1.37873 0.243107 3
      vertex -1.37873 0.243107 -2
    endloop
  endfacet
  facet normal -0.121962 -0.992535 0
    outer loop
      vertex 0.146339 1.39233 -2
      vertex 0.194842 1.38637 3
      vertex 0.146339 1.39233 3
    endloop
  endfacet
  facet normal -0.121962 -0.992535 -0
    outer loop
      vertex 0.194842 1.38637 3
      vertex 0.146339 1.39233 -2
      vertex 0.194842 1.38637 -2
    endloop
  endfacet
  facet normal -0.777178 0.629281 0
    outer loop
      vertex 1.07246 -0.899902 -2
      vertex 1.10321 -0.861925 3
      vertex 1.10321 -0.861925 -2
    endloop
  endfacet
  facet normal -0.777178 0.629281 0
    outer loop
      vertex 1.10321 -0.861925 3
      vertex 1.07246 -0.899902 -2
      vertex 1.07246 -0.899902 3
    endloop
  endfacet
  facet normal -0.484948 0.874543 0
    outer loop
      vertex 0.7 -1.21243 -2
      vertex 0.65726 -1.23613 3
      vertex 0.7 -1.21243 3
    endloop
  endfacet
  facet normal -0.484948 0.874543 0
    outer loop
      vertex 0.65726 -1.23613 3
      vertex 0.7 -1.21243 -2
      vertex 0.65726 -1.23613 -2
    endloop
  endfacet
  facet normal -0.601839 0.798618 0
    outer loop
      vertex 0.861925 -1.10321 -2
      vertex 0.822899 -1.13262 3
      vertex 0.861925 -1.10321 3
    endloop
  endfacet
  facet normal -0.601839 0.798618 0
    outer loop
      vertex 0.822899 -1.13262 3
      vertex 0.861925 -1.10321 -2
      vertex 0.822899 -1.13262 -2
    endloop
  endfacet
  facet normal -0.68193 -0.731417 0
    outer loop
      vertex 0.936783 1.0404 -2
      vertex 0.972521 1.00708 3
      vertex 0.936783 1.0404 3
    endloop
  endfacet
  facet normal -0.68193 -0.731417 -0
    outer loop
      vertex 0.972521 1.00708 3
      vertex 0.936783 1.0404 -2
      vertex 0.972521 1.00708 -2
    endloop
  endfacet
  facet normal 0.89105 0.453905 0
    outer loop
      vertex -1.23613 -0.65726 3
      vertex -1.25831 -0.613719 -2
      vertex -1.25831 -0.613719 3
    endloop
  endfacet
  facet normal 0.89105 0.453905 0
    outer loop
      vertex -1.25831 -0.613719 -2
      vertex -1.23613 -0.65726 3
      vertex -1.23613 -0.65726 -2
    endloop
  endfacet
  facet normal -0.754711 -0.656057 0
    outer loop
      vertex 1.07246 0.899902 -2
      vertex 1.0404 0.936783 3
      vertex 1.0404 0.936783 -2
    endloop
  endfacet
  facet normal -0.754711 -0.656057 0
    outer loop
      vertex 1.0404 0.936783 3
      vertex 1.07246 0.899902 -2
      vertex 1.07246 0.899902 3
    endloop
  endfacet
  facet normal 0.945514 -0.325581 0
    outer loop
      vertex -1.33148 0.432623 3
      vertex -1.31557 0.478827 -2
      vertex -1.31557 0.478827 3
    endloop
  endfacet
  facet normal 0.945514 -0.325581 0
    outer loop
      vertex -1.31557 0.478827 -2
      vertex -1.33148 0.432623 3
      vertex -1.33148 0.432623 -2
    endloop
  endfacet
  facet normal 0.39084 0.920459 -0
    outer loop
      vertex -0.524448 -1.29806 -2
      vertex -0.56943 -1.27896 3
      vertex -0.524448 -1.29806 3
    endloop
  endfacet
  facet normal 0.39084 0.920459 0
    outer loop
      vertex -0.56943 -1.27896 3
      vertex -0.524448 -1.29806 -2
      vertex -0.56943 -1.27896 -2
    endloop
  endfacet
  facet normal -0.777178 -0.629281 0
    outer loop
      vertex 1.10321 0.861925 -2
      vertex 1.07246 0.899902 3
      vertex 1.07246 0.899902 -2
    endloop
  endfacet
  facet normal -0.777178 -0.629281 0
    outer loop
      vertex 1.07246 0.899902 3
      vertex 1.10321 0.861925 -2
      vertex 1.10321 0.861925 3
    endloop
  endfacet
  facet normal 0.453905 -0.89105 0
    outer loop
      vertex -0.65726 1.23613 -2
      vertex -0.613719 1.25831 3
      vertex -0.65726 1.23613 3
    endloop
  endfacet
  facet normal 0.453905 -0.89105 0
    outer loop
      vertex -0.613719 1.25831 3
      vertex -0.65726 1.23613 -2
      vertex -0.613719 1.25831 -2
    endloop
  endfacet
  facet normal 0.629281 -0.777178 0
    outer loop
      vertex -0.899902 1.07246 -2
      vertex -0.861925 1.10321 3
      vertex -0.899902 1.07246 3
    endloop
  endfacet
  facet normal 0.629281 -0.777178 0
    outer loop
      vertex -0.861925 1.10321 3
      vertex -0.899902 1.07246 -2
      vertex -0.861925 1.10321 -2
    endloop
  endfacet
  facet normal 0.992535 0.121962 0
    outer loop
      vertex -1.38637 -0.194842 3
      vertex -1.39233 -0.146339 -2
      vertex -1.39233 -0.146339 3
    endloop
  endfacet
  facet normal 0.992535 0.121962 0
    outer loop
      vertex -1.39233 -0.146339 -2
      vertex -1.38637 -0.194842 3
      vertex -1.38637 -0.194842 -2
    endloop
  endfacet
  facet normal -0.798618 0.601839 0
    outer loop
      vertex 1.10321 -0.861925 -2
      vertex 1.13262 -0.822899 3
      vertex 1.13262 -0.822899 -2
    endloop
  endfacet
  facet normal -0.798618 0.601839 0
    outer loop
      vertex 1.13262 -0.822899 3
      vertex 1.10321 -0.861925 -2
      vertex 1.10321 -0.861925 3
    endloop
  endfacet
  facet normal 0.453905 0.89105 -0
    outer loop
      vertex -0.613719 -1.25831 -2
      vertex -0.65726 -1.23613 3
      vertex -0.613719 -1.25831 3
    endloop
  endfacet
  facet normal 0.453905 0.89105 0
    outer loop
      vertex -0.65726 -1.23613 3
      vertex -0.613719 -1.25831 -2
      vertex -0.65726 -1.23613 -2
    endloop
  endfacet
  facet normal 0.42258 -0.906326 0
    outer loop
      vertex -0.613719 1.25831 -2
      vertex -0.56943 1.27896 3
      vertex -0.613719 1.25831 3
    endloop
  endfacet
  facet normal 0.42258 -0.906326 0
    outer loop
      vertex -0.56943 1.27896 3
      vertex -0.613719 1.25831 -2
      vertex -0.56943 1.27896 -2
    endloop
  endfacet
  facet normal 0.358328 0.933596 -0
    outer loop
      vertex -0.478827 -1.31557 -2
      vertex -0.524448 -1.29806 3
      vertex -0.478827 -1.31557 3
    endloop
  endfacet
  facet normal 0.358328 0.933596 0
    outer loop
      vertex -0.524448 -1.29806 3
      vertex -0.478827 -1.31557 -2
      vertex -0.524448 -1.29806 -2
    endloop
  endfacet
  facet normal 0.838621 -0.544716 0
    outer loop
      vertex -1.18727 0.741886 3
      vertex -1.16065 0.782869 -2
      vertex -1.16065 0.782869 3
    endloop
  endfacet
  facet normal 0.838621 -0.544716 0
    outer loop
      vertex -1.16065 0.782869 -2
      vertex -1.18727 0.741886 3
      vertex -1.18727 0.741886 -2
    endloop
  endfacet
  facet normal -0.292426 0.956288 0
    outer loop
      vertex 0.432623 -1.33148 -2
      vertex 0.385892 -1.34577 3
      vertex 0.432623 -1.33148 3
    endloop
  endfacet
  facet normal -0.292426 0.956288 0
    outer loop
      vertex 0.385892 -1.34577 3
      vertex 0.432623 -1.33148 -2
      vertex 0.385892 -1.34577 -2
    endloop
  endfacet
  facet normal 0.42258 0.906326 -0
    outer loop
      vertex -0.56943 -1.27896 -2
      vertex -0.613719 -1.25831 3
      vertex -0.56943 -1.27896 3
    endloop
  endfacet
  facet normal 0.42258 0.906326 0
    outer loop
      vertex -0.613719 -1.25831 3
      vertex -0.56943 -1.27896 -2
      vertex -0.613719 -1.25831 -2
    endloop
  endfacet
  facet normal 0.920459 0.39084 0
    outer loop
      vertex -1.27896 -0.56943 3
      vertex -1.29806 -0.524448 -2
      vertex -1.29806 -0.524448 3
    endloop
  endfacet
  facet normal 0.920459 0.39084 0
    outer loop
      vertex -1.29806 -0.524448 -2
      vertex -1.27896 -0.56943 3
      vertex -1.27896 -0.56943 -2
    endloop
  endfacet
  facet normal -0.933596 -0.358328 0
    outer loop
      vertex 1.31557 0.478827 -2
      vertex 1.29806 0.524448 3
      vertex 1.29806 0.524448 -2
    endloop
  endfacet
  facet normal -0.933596 -0.358328 0
    outer loop
      vertex 1.29806 0.524448 3
      vertex 1.31557 0.478827 -2
      vertex 1.31557 0.478827 3
    endloop
  endfacet
  facet normal -0.920459 -0.39084 0
    outer loop
      vertex 1.29806 0.524448 -2
      vertex 1.27896 0.56943 3
      vertex 1.27896 0.56943 -2
    endloop
  endfacet
  facet normal -0.920459 -0.39084 0
    outer loop
      vertex 1.27896 0.56943 3
      vertex 1.29806 0.524448 -2
      vertex 1.29806 0.524448 3
    endloop
  endfacet
  facet normal 0.325581 0.945514 -0
    outer loop
      vertex -0.432623 -1.33148 -2
      vertex -0.478827 -1.31557 3
      vertex -0.432623 -1.33148 3
    endloop
  endfacet
  facet normal 0.325581 0.945514 0
    outer loop
      vertex -0.478827 -1.31557 3
      vertex -0.432623 -1.33148 -2
      vertex -0.478827 -1.31557 -2
    endloop
  endfacet
  facet normal 0.190726 0.981643 -0
    outer loop
      vertex -0.243107 -1.37873 -2
      vertex -0.291076 -1.36941 3
      vertex -0.243107 -1.37873 3
    endloop
  endfacet
  facet normal 0.190726 0.981643 0
    outer loop
      vertex -0.291076 -1.36941 3
      vertex -0.243107 -1.37873 -2
      vertex -0.291076 -1.36941 -2
    endloop
  endfacet
  facet normal 0.156346 0.987702 -0
    outer loop
      vertex -0.194842 -1.38637 -2
      vertex -0.243107 -1.37873 3
      vertex -0.194842 -1.38637 3
    endloop
  endfacet
  facet normal 0.156346 0.987702 0
    outer loop
      vertex -0.243107 -1.37873 3
      vertex -0.194842 -1.38637 -2
      vertex -0.243107 -1.37873 -2
    endloop
  endfacet
  facet normal 0.89105 -0.453905 0
    outer loop
      vertex -1.25831 0.613719 3
      vertex -1.23613 0.65726 -2
      vertex -1.23613 0.65726 3
    endloop
  endfacet
  facet normal 0.89105 -0.453905 0
    outer loop
      vertex -1.23613 0.65726 -2
      vertex -1.25831 0.613719 3
      vertex -1.25831 0.613719 -2
    endloop
  endfacet
  facet normal 0.920459 -0.39084 0
    outer loop
      vertex -1.29806 0.524448 3
      vertex -1.27896 0.56943 -2
      vertex -1.27896 0.56943 3
    endloop
  endfacet
  facet normal 0.920459 -0.39084 0
    outer loop
      vertex -1.27896 0.56943 -2
      vertex -1.29806 0.524448 3
      vertex -1.29806 0.524448 -2
    endloop
  endfacet
  facet normal 0.629281 0.777178 -0
    outer loop
      vertex -0.861925 -1.10321 -2
      vertex -0.899902 -1.07246 3
      vertex -0.861925 -1.10321 3
    endloop
  endfacet
  facet normal 0.629281 0.777178 0
    outer loop
      vertex -0.899902 -1.07246 3
      vertex -0.861925 -1.10321 -2
      vertex -0.899902 -1.07246 -2
    endloop
  endfacet
  facet normal 0.874543 0.484948 0
    outer loop
      vertex -1.21243 -0.7 3
      vertex -1.23613 -0.65726 -2
      vertex -1.23613 -0.65726 3
    endloop
  endfacet
  facet normal 0.874543 0.484948 0
    outer loop
      vertex -1.23613 -0.65726 -2
      vertex -1.21243 -0.7 3
      vertex -1.21243 -0.7 -2
    endloop
  endfacet
  facet normal 0.514923 0.857236 -0
    outer loop
      vertex -0.7 -1.21243 -2
      vertex -0.741886 -1.18727 3
      vertex -0.7 -1.21243 3
    endloop
  endfacet
  facet normal 0.514923 0.857236 0
    outer loop
      vertex -0.741886 -1.18727 3
      vertex -0.7 -1.21243 -2
      vertex -0.741886 -1.18727 -2
    endloop
  endfacet
  facet normal 0.544716 0.838621 -0
    outer loop
      vertex -0.741886 -1.18727 -2
      vertex -0.782869 -1.16065 3
      vertex -0.741886 -1.18727 3
    endloop
  endfacet
  facet normal 0.544716 0.838621 0
    outer loop
      vertex -0.782869 -1.16065 3
      vertex -0.741886 -1.18727 -2
      vertex -0.782869 -1.16065 -2
    endloop
  endfacet
  facet normal 0.874543 -0.484948 0
    outer loop
      vertex -1.23613 0.65726 3
      vertex -1.21243 0.7 -2
      vertex -1.21243 0.7 3
    endloop
  endfacet
  facet normal 0.874543 -0.484948 0
    outer loop
      vertex -1.21243 0.7 -2
      vertex -1.23613 0.65726 3
      vertex -1.23613 0.65726 -2
    endloop
  endfacet
endsolid OpenSCAD_Model
